date,time,box,rat_name,rat_ID,weight,file_name,task,detail,trial_count,hits,misses,CRs,FAs,hit_percent,FA_percent,mean_attempts_per_trial,reaction,Frequency,FA,trials,FA_percent_detailed,dprime,block_size,UUID,DOB,Sex,Genotype,octave_fraction,octave_steps,Type
3/31/2022,151431,5,Purple1,1,485,8-4kHz_60dB_300ms_8s_NG3,Discrimination,Normal,467,225,9,133,100,0.961538462,0.429184549,1.115631692,320.4296444,4,2,38,0.052631579,3.241615262,12,20220331151431_110.865994915366_2.25760689610975,20201115,Male,WT,1,12,Broad
3/31/2022,151431,5,Purple1,1,485,8-4kHz_60dB_300ms_8s_NG3,Discrimination,Normal,467,225,9,133,100,0.961538462,0.429184549,1.115631692,320.4296444,4.49,3,39,0.076923077,3.254928717,12,20220331151431_110.865994915366_2.25760689610975,20201115,Male,WT,0.833284555,10,Broad
3/31/2022,151431,5,Purple1,1,485,8-4kHz_60dB_300ms_8s_NG3,Discrimination,Normal,467,225,9,133,100,0.961538462,0.429184549,1.115631692,320.4296444,5.04,6,39,0.153846154,2.809433393,12,20220331151431_110.865994915366_2.25760689610975,20201115,Male,WT,0.666576266,8,Broad
3/31/2022,151431,5,Purple1,1,485,8-4kHz_60dB_300ms_8s_NG3,Discrimination,Normal,467,225,9,133,100,0.961538462,0.429184549,1.115631692,320.4296444,5.647,19,39,0.487179487,1.798027505,12,20220331151431_110.865994915366_2.25760689610975,20201115,Male,WT,0.502515369,6,Broad
3/31/2022,151431,5,Purple1,1,485,8-4kHz_60dB_300ms_8s_NG3,Discrimination,Normal,467,225,9,133,100,0.961538462,0.429184549,1.115631692,320.4296444,6.35,32,39,0.820512821,0.864286897,12,20220331151431_110.865994915366_2.25760689610975,20201115,Male,WT,0.333243408,4,Broad
3/31/2022,151431,5,Purple1,1,485,8-4kHz_60dB_300ms_8s_NG3,Discrimination,Normal,467,225,9,133,100,0.961538462,0.429184549,1.115631692,320.4296444,7.127,38,39,0.974358974,-0.035114368,12,20220331151431_110.865994915366_2.25760689610975,20201115,Male,WT,0.166705076,2,Broad
3/31/2022,151431,8,Purple4,4,400,16-32kHz_60dB_300ms_16s_NG3,Discrimination,Normal,285,138,3,61,83,0.978723404,0.576388889,1.136842105,210.2014348,17.959,24,24,1,-0.089298801,12,20220331151431_47.9310013353825_1.29610840551982,20201115,Male,KO,-0.166635114,2,Broad
3/31/2022,151431,8,Purple4,4,400,16-32kHz_60dB_300ms_16s_NG3,Discrimination,Normal,285,138,3,61,83,0.978723404,0.576388889,1.136842105,210.2014348,20.159,23,24,0.958333333,0.413414787,12,20220331151431_47.9310013353825_1.29610840551982,20201115,Male,KO,-0.33335217,4,Broad
3/31/2022,151431,8,Purple4,4,400,16-32kHz_60dB_300ms_16s_NG3,Discrimination,Normal,285,138,3,61,83,0.978723404,0.576388889,1.136842105,210.2014348,22.627,16,24,0.666666667,1.573439921,12,20220331151431_47.9310013353825_1.29610840551982,20201115,Male,KO,-0.499973413,6,Broad
3/31/2022,151431,8,Purple4,4,400,16-32kHz_60dB_300ms_16s_NG3,Discrimination,Normal,285,138,3,61,83,0.978723404,0.576388889,1.136842105,210.2014348,25.398,7,24,0.291666667,2.557829941,12,20220331151431_47.9310013353825_1.29610840551982,20201115,Male,KO,-0.666642989,8,Broad
3/31/2022,151431,8,Purple4,4,400,16-32kHz_60dB_300ms_16s_NG3,Discrimination,Normal,285,138,3,61,83,0.978723404,0.576388889,1.136842105,210.2014348,28.509,10,24,0.416666667,2.211682308,12,20220331151431_47.9310013353825_1.29610840551982,20201115,Male,KO,-0.83334553,10,Broad
3/31/2022,151431,8,Purple4,4,400,16-32kHz_60dB_300ms_16s_NG3,Discrimination,Normal,285,138,3,61,83,0.978723404,0.576388889,1.136842105,210.2014348,32,3,24,0.125,3.205696892,12,20220331151431_47.9310013353825_1.29610840551982,20201115,Male,KO,-1,12,Broad
4/6/2022,151426,5,Purple1,1,519,8-4kHz_60dB_300ms_8s_NG3,Discrimination,Normal,471,227,10,174,60,0.957805907,0.256410256,1.280254777,351.2380176,4,1,39,0.025641026,3.46150059,12,20220406151426_173.675994202495_2.66111880994868,20201115,Male,WT,1,12,Broad
4/6/2022,151426,5,Purple1,1,519,8-4kHz_60dB_300ms_8s_NG3,Discrimination,Normal,471,227,10,174,60,0.957805907,0.256410256,1.280254777,351.2380176,4.49,0,39,0,3.924281387,12,20220406151426_173.675994202495_2.66111880994868,20201115,Male,WT,0.833284555,10,Broad
4/6/2022,151426,5,Purple1,1,519,8-4kHz_60dB_300ms_8s_NG3,Discrimination,Normal,471,227,10,174,60,0.957805907,0.256410256,1.280254777,351.2380176,5.04,0,39,0,3.924281387,12,20220406151426_173.675994202495_2.66111880994868,20201115,Male,WT,0.666576266,8,Broad
4/6/2022,151426,5,Purple1,1,519,8-4kHz_60dB_300ms_8s_NG3,Discrimination,Normal,471,227,10,174,60,0.957805907,0.256410256,1.280254777,351.2380176,5.647,4,39,0.102564103,2.891055254,12,20220406151426_173.675994202495_2.66111880994868,20201115,Male,WT,0.502515369,6,Broad
4/6/2022,151426,5,Purple1,1,519,8-4kHz_60dB_300ms_8s_NG3,Discrimination,Normal,471,227,10,174,60,0.957805907,0.256410256,1.280254777,351.2380176,6.35,19,39,0.487179487,1.756992387,12,20220406151426_173.675994202495_2.66111880994868,20201115,Male,WT,0.333243408,4,Broad
4/6/2022,151426,5,Purple1,1,519,8-4kHz_60dB_300ms_8s_NG3,Discrimination,Normal,471,227,10,174,60,0.957805907,0.256410256,1.280254777,351.2380176,7.127,36,39,0.923076923,0.350339872,12,20220406151426_173.675994202495_2.66111880994868,20201115,Male,WT,0.166705076,2,Broad
4/7/2022,150902,5,Purple1,1,479,8-5.7kHz_60dB_300ms_8s_NG3,Discrimination,Normal,453,210,17,125,101,0.925110132,0.446902655,1.220750552,332.4265905,4,3,38,0.078947368,2.920898015,12,20220407150902_202.014001831412_3.66305963019079,20201115,Male,WT,1,12,Zoom
4/7/2022,150902,5,Purple1,1,479,8-5.7kHz_60dB_300ms_8s_NG3,Discrimination,Normal,453,210,17,125,101,0.925110132,0.446902655,1.220750552,332.4265905,5.657,2,37,0.054054054,3.157440966,12,20220407150902_202.014001831412_3.66305963019079,20201115,Male,WT,0.499962829,6,Zoom
4/7/2022,150902,5,Purple1,1,479,8-5.7kHz_60dB_300ms_8s_NG3,Discrimination,Normal,453,210,17,125,101,0.925110132,0.446902655,1.220750552,332.4265905,5.993,15,38,0.394736842,1.714329945,12,20220407150902_202.014001831412_3.66305963019079,20201115,Male,WT,0.416721626,5,Zoom
4/7/2022,150902,5,Purple1,1,479,8-5.7kHz_60dB_300ms_8s_NG3,Discrimination,Normal,453,210,17,125,101,0.925110132,0.446902655,1.220750552,332.4265905,6.35,11,38,0.289473684,2.006814817,12,20220407150902_202.014001831412_3.66305963019079,20201115,Male,WT,0.333243408,4,Zoom
4/7/2022,150902,5,Purple1,1,479,8-5.7kHz_60dB_300ms_8s_NG3,Discrimination,Normal,453,210,17,125,101,0.925110132,0.446902655,1.220750552,332.4265905,6.727,35,37,0.945945946,-0.081161485,12,20220407150902_202.014001831412_3.66305963019079,20201115,Male,WT,0.250036742,3,Zoom
4/7/2022,150902,5,Purple1,1,479,8-5.7kHz_60dB_300ms_8s_NG3,Discrimination,Normal,453,210,17,125,101,0.925110132,0.446902655,1.220750552,332.4265905,7.127,35,38,0.921052632,0.085091552,12,20220407150902_202.014001831412_3.66305963019079,20201115,Male,WT,0.166705076,2,Zoom
4/8/2022,150152,5,Purple1,1,475,8-5.7kHz_60dB_300ms_8s_NG3,Discrimination,Normal,454,206,21,142,85,0.907488987,0.374449339,1.176211454,339.0584806,4,1,38,0.026315789,3.056556114,12,20220408150152_181.928001344204_1.37933011595219,20201115,Male,WT,1,12,Zoom
4/8/2022,150152,5,Purple1,1,475,8-5.7kHz_60dB_300ms_8s_NG3,Discrimination,Normal,454,206,21,142,85,0.907488987,0.374449339,1.176211454,339.0584806,5.657,2,38,0.052631579,2.807634098,12,20220408150152_181.928001344204_1.37933011595219,20201115,Male,WT,0.499962829,6,Zoom
4/8/2022,150152,5,Purple1,1,475,8-5.7kHz_60dB_300ms_8s_NG3,Discrimination,Normal,454,206,21,142,85,0.907488987,0.374449339,1.176211454,339.0584806,5.993,10,38,0.263157895,1.974219257,12,20220408150152_181.928001344204_1.37933011595219,20201115,Male,WT,0.416721626,5,Zoom
4/8/2022,150152,5,Purple1,1,475,8-5.7kHz_60dB_300ms_8s_NG3,Discrimination,Normal,454,206,21,142,85,0.907488987,0.374449339,1.176211454,339.0584806,6.35,7,38,0.184210526,2.249743262,12,20220408150152_181.928001344204_1.37933011595219,20201115,Male,WT,0.333243408,4,Zoom
4/8/2022,150152,5,Purple1,1,475,8-5.7kHz_60dB_300ms_8s_NG3,Discrimination,Normal,454,206,21,142,85,0.907488987,0.374449339,1.176211454,339.0584806,6.727,31,37,0.837837838,0.367758194,12,20220408150152_181.928001344204_1.37933011595219,20201115,Male,WT,0.250036742,3,Zoom
4/8/2022,150152,5,Purple1,1,475,8-5.7kHz_60dB_300ms_8s_NG3,Discrimination,Normal,454,206,21,142,85,0.907488987,0.374449339,1.176211454,339.0584806,7.127,34,38,0.894736842,0.116812662,12,20220408150152_181.928001344204_1.37933011595219,20201115,Male,WT,0.166705076,2,Zoom
4/9/2022,145733,5,Purple1,1,478,8-5.7kHz_60dB_300ms_8s_NG3,Discrimination,Normal,469,214,21,149,85,0.910638298,0.363247863,1.202558635,363.5324065,4,1,39,0.025641026,3.551242002,12,20220409145733_110.88799238205_2.88547424633352,20201115,Male,WT,1,12,Zoom
4/9/2022,145733,5,Purple1,1,478,8-5.7kHz_60dB_300ms_8s_NG3,Discrimination,Normal,469,214,21,149,85,0.910638298,0.363247863,1.202558635,363.5324065,5.657,3,39,0.076923077,2.840854213,12,20220409145733_110.88799238205_2.88547424633352,20201115,Male,WT,0.499962829,6,Zoom
4/9/2022,145733,5,Purple1,1,478,8-5.7kHz_60dB_300ms_8s_NG3,Discrimination,Normal,469,214,21,149,85,0.910638298,0.363247863,1.202558635,363.5324065,5.993,8,39,0.205128205,2.18905994,12,20220409145733_110.88799238205_2.88547424633352,20201115,Male,WT,0.416721626,5,Zoom
4/9/2022,145733,5,Purple1,1,478,8-5.7kHz_60dB_300ms_8s_NG3,Discrimination,Normal,469,214,21,149,85,0.910638298,0.363247863,1.202558635,363.5324065,6.35,11,39,0.282051282,1.934777271,12,20220409145733_110.88799238205_2.88547424633352,20201115,Male,WT,0.333243408,4,Zoom
4/9/2022,145733,5,Purple1,1,478,8-5.7kHz_60dB_300ms_8s_NG3,Discrimination,Normal,469,214,21,149,85,0.910638298,0.363247863,1.202558635,363.5324065,6.727,31,39,0.794871795,0.540496483,12,20220409145733_110.88799238205_2.88547424633352,20201115,Male,WT,0.250036742,3,Zoom
4/9/2022,145733,5,Purple1,1,478,8-5.7kHz_60dB_300ms_8s_NG3,Discrimination,Normal,469,214,21,149,85,0.910638298,0.363247863,1.202558635,363.5324065,7.127,31,39,0.794871795,0.540496483,12,20220409145733_110.88799238205_2.88547424633352,20201115,Male,WT,0.166705076,2,Zoom
4/11/2022,151756,5,Purple1,1,468,8-5.7kHz_60dB_300ms_8s_NG3,Discrimination,Normal,466,207,27,152,80,0.884615385,0.344827586,1.180257511,351.3155845,4,1,39,0.025641026,2.965480053,12,20220411151756_177.231999859214_2.90777963950634,20201115,Male,WT,1,12,Zoom
4/11/2022,151756,5,Purple1,1,468,8-5.7kHz_60dB_300ms_8s_NG3,Discrimination,Normal,466,207,27,152,80,0.884615385,0.344827586,1.180257511,351.3155845,5.657,3,39,0.076923077,2.71787306,12,20220411151756_177.231999859214_2.90777963950634,20201115,Male,WT,0.499962829,6,Zoom
4/11/2022,151756,5,Purple1,1,468,8-5.7kHz_60dB_300ms_8s_NG3,Discrimination,Normal,466,207,27,152,80,0.884615385,0.344827586,1.180257511,351.3155845,5.993,10,38,0.263157895,1.790476407,12,20220411151756_177.231999859214_2.90777963950634,20201115,Male,WT,0.416721626,5,Zoom
4/11/2022,151756,5,Purple1,1,468,8-5.7kHz_60dB_300ms_8s_NG3,Discrimination,Normal,466,207,27,152,80,0.884615385,0.344827586,1.180257511,351.3155845,6.35,5,39,0.128205128,2.272377737,12,20220411151756_177.231999859214_2.90777963950634,20201115,Male,WT,0.333243408,4,Zoom
4/11/2022,151756,5,Purple1,1,468,8-5.7kHz_60dB_300ms_8s_NG3,Discrimination,Normal,466,207,27,152,80,0.884615385,0.344827586,1.180257511,351.3155845,6.727,31,39,0.794871795,0.41751533,12,20220411151756_177.231999859214_2.90777963950634,20201115,Male,WT,0.250036742,3,Zoom
4/11/2022,151756,5,Purple1,1,468,8-5.7kHz_60dB_300ms_8s_NG3,Discrimination,Normal,466,207,27,152,80,0.884615385,0.344827586,1.180257511,351.3155845,7.127,30,38,0.789473684,0.436845443,12,20220411151756_177.231999859214_2.90777963950634,20201115,Male,WT,0.166705076,2,Zoom
4/12/2022,151309,5,Purple1,1,471,8-5.9kHz_60dB_300ms_8s_NG3,Discrimination,Normal,485,228,15,158,84,0.938271605,0.347107438,1.189690722,339.0144537,4,1,40,0.025,3.788462888,12,20220412151309_31.8069990724325_3.40156829741155,20201115,Male,WT,1,12,Zoom
4/12/2022,151309,5,Purple1,1,471,8-5.9kHz_60dB_300ms_8s_NG3,Discrimination,Normal,485,228,15,158,84,0.938271605,0.347107438,1.189690722,339.0144537,5.944,6,41,0.146341463,2.654063041,12,20220412151309_31.8069990724325_3.40156829741155,20201115,Male,WT,0.428565884,5,Zoom
4/12/2022,151309,5,Purple1,1,471,8-5.9kHz_60dB_300ms_8s_NG3,Discrimination,Normal,485,228,15,158,84,0.938271605,0.347107438,1.189690722,339.0144537,6.246,19,40,0.475,1.641197575,12,20220412151309_31.8069990724325_3.40156829741155,20201115,Male,WT,0.357067431,4,Zoom
4/12/2022,151309,5,Purple1,1,471,8-5.9kHz_60dB_300ms_8s_NG3,Discrimination,Normal,485,228,15,158,84,0.938271605,0.347107438,1.189690722,339.0144537,6.563,16,41,0.390243902,1.857669586,12,20220412151309_31.8069990724325_3.40156829741155,20201115,Male,WT,0.285644567,3,Zoom
4/12/2022,151309,5,Purple1,1,471,8-5.9kHz_60dB_300ms_8s_NG3,Discrimination,Normal,485,228,15,158,84,0.938271605,0.347107438,1.189690722,339.0144537,6.896,21,40,0.525,1.515722178,12,20220412151309_31.8069990724325_3.40156829741155,20201115,Male,WT,0.214240226,3,Zoom
4/12/2022,151309,5,Purple1,1,471,8-5.9kHz_60dB_300ms_8s_NG3,Discrimination,Normal,485,228,15,158,84,0.938271605,0.347107438,1.189690722,339.0144537,7.127,21,40,0.525,1.515722178,12,20220412151309_31.8069990724325_3.40156829741155,20201115,Male,WT,0.166705076,2,Zoom
4/14/2022,151500,5,Purple1,1,472,8-4kHz_60dB_300ms_8s_NG3,Discrimination,Normal,538,249,19,230,40,0.929104478,0.148148148,1.189591078,355.3368072,4,0,45,0,3.732149566,12,20220414151500_107.943993061781_3.58395824354191,20201115,Male,WT,1,12,Broad
4/14/2022,151500,5,Purple1,1,472,8-4kHz_60dB_300ms_8s_NG3,Discrimination,Normal,538,249,19,230,40,0.929104478,0.148148148,1.189591078,355.3368072,4.49,0,45,0,3.732149566,12,20220414151500_107.943993061781_3.58395824354191,20201115,Male,WT,0.833284555,10,Broad
4/14/2022,151500,5,Purple1,1,472,8-4kHz_60dB_300ms_8s_NG3,Discrimination,Normal,538,249,19,230,40,0.929104478,0.148148148,1.189591078,355.3368072,5.04,2,45,0.044444444,3.038820433,12,20220414151500_107.943993061781_3.58395824354191,20201115,Male,WT,0.666576266,8,Broad
4/14/2022,151500,5,Purple1,1,472,8-4kHz_60dB_300ms_8s_NG3,Discrimination,Normal,538,249,19,230,40,0.929104478,0.148148148,1.189591078,355.3368072,5.647,1,45,0.022222222,3.279516251,12,20220414151500_107.943993061781_3.58395824354191,20201115,Male,WT,0.502515369,6,Broad
4/14/2022,151500,5,Purple1,1,472,8-4kHz_60dB_300ms_8s_NG3,Discrimination,Normal,538,249,19,230,40,0.929104478,0.148148148,1.189591078,355.3368072,6.35,7,45,0.155555556,2.413023181,12,20220414151500_107.943993061781_3.58395824354191,20201115,Male,WT,0.333243408,4,Broad
4/14/2022,151500,5,Purple1,1,472,8-4kHz_60dB_300ms_8s_NG3,Discrimination,Normal,538,249,19,230,40,0.929104478,0.148148148,1.189591078,355.3368072,7.127,30,45,0.666666667,1.045238231,12,20220414151500_107.943993061781_3.58395824354191,20201115,Male,WT,0.166705076,2,Broad
4/16/2022,151735,5,Purple1,1,475,8-5.7kHz_60dB_300ms_8s_NG3,Discrimination,Normal,490,225,20,181,64,0.918367347,0.26122449,1.185714286,388.99648,4,3,41,0.073170732,2.916166329,12,20220416151735_130.579004064202_2.22161414753214,20201115,Male,WT,1,12,Zoom
4/16/2022,151735,5,Purple1,1,475,8-5.7kHz_60dB_300ms_8s_NG3,Discrimination,Normal,490,225,20,181,64,0.918367347,0.26122449,1.185714286,388.99648,5.657,1,41,0.024390244,3.161295345,12,20220416151735_130.579004064202_2.22161414753214,20201115,Male,WT,0.499962829,6,Zoom
4/16/2022,151735,5,Purple1,1,475,8-5.7kHz_60dB_300ms_8s_NG3,Discrimination,Normal,490,225,20,181,64,0.918367347,0.26122449,1.185714286,388.99648,5.993,6,40,0.15,2.461151425,12,20220416151735_130.579004064202_2.22161414753214,20201115,Male,WT,0.416721626,5,Zoom
4/16/2022,151735,5,Purple1,1,475,8-5.7kHz_60dB_300ms_8s_NG3,Discrimination,Normal,490,225,20,181,64,0.918367347,0.26122449,1.185714286,388.99648,6.35,4,41,0.097560976,2.597357319,12,20220416151735_130.579004064202_2.22161414753214,20201115,Male,WT,0.333243408,4,Zoom
4/16/2022,151735,5,Purple1,1,475,8-5.7kHz_60dB_300ms_8s_NG3,Discrimination,Normal,490,225,20,181,64,0.918367347,0.26122449,1.185714286,388.99648,6.727,27,41,0.658536585,0.994069288,12,20220416151735_130.579004064202_2.22161414753214,20201115,Male,WT,0.250036742,3,Zoom
4/16/2022,151735,5,Purple1,1,475,8-5.7kHz_60dB_300ms_8s_NG3,Discrimination,Normal,490,225,20,181,64,0.918367347,0.26122449,1.185714286,388.99648,7.127,23,41,0.56097561,1.246950214,12,20220416151735_130.579004064202_2.22161414753214,20201115,Male,WT,0.166705076,2,Zoom
4/19/2022,154111,5,Purple1,1,476,8-5.7kHz_60dB_300ms_8s_NG3,Discrimination,Normal,530,239,25,215,51,0.90530303,0.191729323,1.139622642,364.9421004,4,1,45,0.022222222,3.576949724,12,20220419154111_33.5440043359995_2.2424702196877,20201115,Male,WT,1,12,Zoom
4/19/2022,154111,5,Purple1,1,476,8-5.7kHz_60dB_300ms_8s_NG3,Discrimination,Normal,530,239,25,215,51,0.90530303,0.191729323,1.139622642,364.9421004,5.657,1,44,0.022727273,3.114205051,12,20220419154111_33.5440043359995_2.2424702196877,20201115,Male,WT,0.499962829,6,Zoom
4/19/2022,154111,5,Purple1,1,476,8-5.7kHz_60dB_300ms_8s_NG3,Discrimination,Normal,530,239,25,215,51,0.90530303,0.191729323,1.139622642,364.9421004,5.993,4,44,0.090909091,2.698537414,12,20220419154111_33.5440043359995_2.2424702196877,20201115,Male,WT,0.416721626,5,Zoom
4/19/2022,154111,5,Purple1,1,476,8-5.7kHz_60dB_300ms_8s_NG3,Discrimination,Normal,530,239,25,215,51,0.90530303,0.191729323,1.139622642,364.9421004,6.35,4,45,0.088888889,2.571953338,12,20220419154111_33.5440043359995_2.2424702196877,20201115,Male,WT,0.333243408,4,Zoom
4/19/2022,154111,5,Purple1,1,476,8-5.7kHz_60dB_300ms_8s_NG3,Discrimination,Normal,530,239,25,215,51,0.90530303,0.191729323,1.139622642,364.9421004,6.727,22,44,0.5,1.261913508,12,20220419154111_33.5440043359995_2.2424702196877,20201115,Male,WT,0.250036742,3,Zoom
4/19/2022,154111,5,Purple1,1,476,8-5.7kHz_60dB_300ms_8s_NG3,Discrimination,Normal,530,239,25,215,51,0.90530303,0.191729323,1.139622642,364.9421004,7.127,19,44,0.431818182,1.491132552,12,20220419154111_33.5440043359995_2.2424702196877,20201115,Male,WT,0.166705076,2,Zoom
4/20/2022,151628,5,Purple1,1,472,8-5.7kHz_60dB_300ms_8s_NG3,Discrimination,Normal,550,257,18,234,41,0.934545455,0.149090909,1.123636364,376.1852179,4,0,45,0,3.773463803,12,20220420151628_58.0230005085468_1.06397169780857,20201115,Male,WT,1,12,Zoom
4/20/2022,151628,5,Purple1,1,472,8-5.7kHz_60dB_300ms_8s_NG3,Discrimination,Normal,550,257,18,234,41,0.934545455,0.149090909,1.123636364,376.1852179,5.657,1,46,0.02173913,3.781811061,12,20220420151628_58.0230005085468_1.06397169780857,20201115,Male,WT,0.499962829,6,Zoom
4/20/2022,151628,5,Purple1,1,472,8-5.7kHz_60dB_300ms_8s_NG3,Discrimination,Normal,550,257,18,234,41,0.934545455,0.149090909,1.123636364,376.1852179,5.993,5,46,0.108695652,2.664078899,12,20220420151628_58.0230005085468_1.06397169780857,20201115,Male,WT,0.416721626,5,Zoom
4/20/2022,151628,5,Purple1,1,472,8-5.7kHz_60dB_300ms_8s_NG3,Discrimination,Normal,550,257,18,234,41,0.934545455,0.149090909,1.123636364,376.1852179,6.35,3,46,0.065217391,2.918810713,12,20220420151628_58.0230005085468_1.06397169780857,20201115,Male,WT,0.333243408,4,Zoom
4/20/2022,151628,5,Purple1,1,472,8-5.7kHz_60dB_300ms_8s_NG3,Discrimination,Normal,550,257,18,234,41,0.934545455,0.149090909,1.123636364,376.1852179,6.727,18,46,0.391304348,1.791254944,12,20220420151628_58.0230005085468_1.06397169780857,20201115,Male,WT,0.250036742,3,Zoom
4/20/2022,151628,5,Purple1,1,472,8-5.7kHz_60dB_300ms_8s_NG3,Discrimination,Normal,550,257,18,234,41,0.934545455,0.149090909,1.123636364,376.1852179,7.127,14,46,0.304347826,1.968030831,12,20220420151628_58.0230005085468_1.06397169780857,20201115,Male,WT,0.166705076,2,Zoom
4/21/2022,151125,5,Purple1,1,465,8-5.7kHz_60dB_300ms_8s_NG3,Discrimination,Normal,320,154,7,112,47,0.956521739,0.295597484,1.271875,342.1062857,4,3,27,0.111111111,2.791936431,12,20220421151125_68.8470013439655_3.06844717879999,20201115,Male,WT,1,12,Zoom
4/21/2022,151125,5,Purple1,1,465,8-5.7kHz_60dB_300ms_8s_NG3,Discrimination,Normal,320,154,7,112,47,0.956521739,0.295597484,1.271875,342.1062857,5.657,4,27,0.148148148,2.631214352,12,20220421151125_68.8470013439655_3.06844717879999,20201115,Male,WT,0.499962829,6,Zoom
4/21/2022,151125,5,Purple1,1,465,8-5.7kHz_60dB_300ms_8s_NG3,Discrimination,Normal,320,154,7,112,47,0.956521739,0.295597484,1.271875,342.1062857,5.993,2,26,0.076923077,2.967575458,12,20220421151125_68.8470013439655_3.06844717879999,20201115,Male,WT,0.416721626,5,Zoom
4/21/2022,151125,5,Purple1,1,465,8-5.7kHz_60dB_300ms_8s_NG3,Discrimination,Normal,320,154,7,112,47,0.956521739,0.295597484,1.271875,342.1062857,6.35,6,26,0.230769231,2.338282536,12,20220421151125_68.8470013439655_3.06844717879999,20201115,Male,WT,0.333243408,4,Zoom
4/21/2022,151125,5,Purple1,1,465,8-5.7kHz_60dB_300ms_8s_NG3,Discrimination,Normal,320,154,7,112,47,0.956521739,0.295597484,1.271875,342.1062857,6.727,18,27,0.666666667,1.283467144,12,20220421151125_68.8470013439655_3.06844717879999,20201115,Male,WT,0.250036742,3,Zoom
4/21/2022,151125,5,Purple1,1,465,8-5.7kHz_60dB_300ms_8s_NG3,Discrimination,Normal,320,154,7,112,47,0.956521739,0.295597484,1.271875,342.1062857,7.127,14,26,0.538461538,1.615569712,12,20220421151125_68.8470013439655_3.06844717879999,20201115,Male,WT,0.166705076,2,Zoom
4/9/2022,145734,6,Purple2,2,513,16-32kHz_60dB_300ms_12s_NG3,Discrimination,Normal,341,167,4,83,87,0.976608187,0.511764706,1.181818182,308.2785509,17.959,27,28,0.964285714,0.31393069,12,20220409145734_98.7239968031645_1.50916328560472,20201115,Male,WT,-0.166635114,2,Broad
4/9/2022,145734,6,Purple2,2,513,16-32kHz_60dB_300ms_12s_NG3,Discrimination,Normal,341,167,4,83,87,0.976608187,0.511764706,1.181818182,308.2785509,20.159,25,28,0.892857143,0.774750472,12,20220409145734_98.7239968031645_1.50916328560472,20201115,Male,WT,-0.33335217,4,Broad
4/9/2022,145734,6,Purple2,2,513,16-32kHz_60dB_300ms_12s_NG3,Discrimination,Normal,341,167,4,83,87,0.976608187,0.511764706,1.181818182,308.2785509,22.627,16,29,0.551724138,1.838556484,12,20220409145734_98.7239968031645_1.50916328560472,20201115,Male,WT,-0.499973413,6,Broad
4/9/2022,145734,6,Purple2,2,513,16-32kHz_60dB_300ms_12s_NG3,Discrimination,Normal,341,167,4,83,87,0.976608187,0.511764706,1.181818182,308.2785509,25.398,10,29,0.344827586,2.371688057,12,20220409145734_98.7239968031645_1.50916328560472,20201115,Male,WT,-0.666642989,8,Broad
4/9/2022,145734,6,Purple2,2,513,16-32kHz_60dB_300ms_12s_NG3,Discrimination,Normal,341,167,4,83,87,0.976608187,0.511764706,1.181818182,308.2785509,28.509,7,28,0.25,2.656907936,12,20220409145734_98.7239968031645_1.50916328560472,20201115,Male,WT,-0.83334553,10,Broad
4/9/2022,145734,6,Purple2,2,513,16-32kHz_60dB_300ms_12s_NG3,Discrimination,Normal,341,167,4,83,87,0.976608187,0.511764706,1.181818182,308.2785509,32,2,28,0.071428571,3.536269014,12,20220409145734_98.7239968031645_1.50916328560472,20201115,Male,WT,-1,12,Broad
4/11/2022,151757,6,Purple2,2,502,16-32kHz_60dB_300ms_12s_NG3,Discrimination,Normal,345,171,1,83,90,0.994186047,0.520231214,1.168115942,262.2336824,17.959,29,29,1,0.251977068,12,20220411151757_117.603999003768_1.90502681164361,20201115,Male,WT,-0.166635114,2,Broad
4/11/2022,151757,6,Purple2,2,502,16-32kHz_60dB_300ms_12s_NG3,Discrimination,Normal,345,171,1,83,90,0.994186047,0.520231214,1.168115942,262.2336824,20.159,25,29,0.862068966,1.351859094,12,20220411151757_117.603999003768_1.90502681164361,20201115,Male,WT,-0.33335217,4,Broad
4/11/2022,151757,6,Purple2,2,502,16-32kHz_60dB_300ms_12s_NG3,Discrimination,Normal,345,171,1,83,90,0.994186047,0.520231214,1.168115942,262.2336824,22.627,18,29,0.620689655,2.104075074,12,20220411151757_117.603999003768_1.90502681164361,20201115,Male,WT,-0.499973413,6,Broad
4/11/2022,151757,6,Purple2,2,502,16-32kHz_60dB_300ms_12s_NG3,Discrimination,Normal,345,171,1,83,90,0.994186047,0.520231214,1.168115942,262.2336824,25.398,9,29,0.310344828,2.910698754,12,20220411151757_117.603999003768_1.90502681164361,20201115,Male,WT,-0.666642989,8,Broad
4/11/2022,151757,6,Purple2,2,502,16-32kHz_60dB_300ms_12s_NG3,Discrimination,Normal,345,171,1,83,90,0.994186047,0.520231214,1.168115942,262.2336824,28.509,4,29,0.137931034,3.537904011,12,20220411151757_117.603999003768_1.90502681164361,20201115,Male,WT,-0.83334553,10,Broad
4/11/2022,151757,6,Purple2,2,502,16-32kHz_60dB_300ms_12s_NG3,Discrimination,Normal,345,171,1,83,90,0.994186047,0.520231214,1.168115942,262.2336824,32,5,28,0.178571429,3.357884314,12,20220411151757_117.603999003768_1.90502681164361,20201115,Male,WT,-1,12,Broad
4/12/2022,151309,6,Purple2,2,500,16-32kHz_60dB_300ms_12s_NG3,Discrimination,Normal,368,180,2,99,87,0.989010989,0.467741935,1.171195652,265.2401,17.959,28,31,0.903225806,0.982584599,12,20220412151309_67.408998683095_1.72068135737114,20201115,Male,WT,-0.166635114,2,Broad
4/12/2022,151309,6,Purple2,2,500,16-32kHz_60dB_300ms_12s_NG3,Discrimination,Normal,368,180,2,99,87,0.989010989,0.467741935,1.171195652,265.2401,20.159,22,31,0.709677419,1.687883076,12,20220412151309_67.408998683095_1.72068135737114,20201115,Male,WT,-0.33335217,4,Broad
4/12/2022,151309,6,Purple2,2,500,16-32kHz_60dB_300ms_12s_NG3,Discrimination,Normal,368,180,2,99,87,0.989010989,0.467741935,1.171195652,265.2401,22.627,20,31,0.64516129,1.864525383,12,20220412151309_67.408998683095_1.72068135737114,20201115,Male,WT,-0.499973413,6,Broad
4/12/2022,151309,6,Purple2,2,500,16-32kHz_60dB_300ms_12s_NG3,Discrimination,Normal,368,180,2,99,87,0.989010989,0.467741935,1.171195652,265.2401,25.398,9,31,0.290322581,2.793995506,12,20220412151309_67.408998683095_1.72068135737114,20201115,Male,WT,-0.666642989,8,Broad
4/12/2022,151309,6,Purple2,2,500,16-32kHz_60dB_300ms_12s_NG3,Discrimination,Normal,368,180,2,99,87,0.989010989,0.467741935,1.171195652,265.2401,28.509,4,31,0.129032258,3.251230959,12,20220412151309_67.408998683095_1.72068135737114,20201115,Male,WT,-0.83334553,10,Broad
4/12/2022,151309,6,Purple2,2,500,16-32kHz_60dB_300ms_12s_NG3,Discrimination,Normal,368,180,2,99,87,0.989010989,0.467741935,1.171195652,265.2401,32,4,31,0.129032258,3.405048861,12,20220412151309_67.408998683095_1.72068135737114,20201115,Male,WT,-1,12,Broad
4/13/2022,145759,6,Purple2,2,497,16-32kHz_60dB_300ms_12s_NG3,Discrimination,Normal,402,201,1,124,76,0.995049505,0.38,1.121890547,268.5313333,17.959,32,33,0.96969697,0.736278997,12,20220413145759_46.832998842001_3.79293777262154,20201115,Male,WT,-0.166635114,2,Broad
4/13/2022,145759,6,Purple2,2,497,16-32kHz_60dB_300ms_12s_NG3,Discrimination,Normal,402,201,1,124,76,0.995049505,0.38,1.121890547,268.5313333,20.159,22,34,0.647058824,2.08880897,12,20220413145759_46.832998842001_3.79293777262154,20201115,Male,WT,-0.33335217,4,Broad
4/13/2022,145759,6,Purple2,2,497,16-32kHz_60dB_300ms_12s_NG3,Discrimination,Normal,402,201,1,124,76,0.995049505,0.38,1.121890547,268.5313333,22.627,13,34,0.382352941,2.687868027,12,20220413145759_46.832998842001_3.79293777262154,20201115,Male,WT,-0.499973413,6,Broad
4/13/2022,145759,6,Purple2,2,497,16-32kHz_60dB_300ms_12s_NG3,Discrimination,Normal,402,201,1,124,76,0.995049505,0.38,1.121890547,268.5313333,25.398,4,33,0.121212121,3.674654482,12,20220413145759_46.832998842001_3.79293777262154,20201115,Male,WT,-0.666642989,8,Broad
4/13/2022,145759,6,Purple2,2,497,16-32kHz_60dB_300ms_12s_NG3,Discrimination,Normal,402,201,1,124,76,0.995049505,0.38,1.121890547,268.5313333,28.509,3,33,0.090909091,3.861100787,12,20220413145759_46.832998842001_3.79293777262154,20201115,Male,WT,-0.83334553,10,Broad
4/13/2022,145759,6,Purple2,2,497,16-32kHz_60dB_300ms_12s_NG3,Discrimination,Normal,402,201,1,124,76,0.995049505,0.38,1.121890547,268.5313333,32,2,33,0.060606061,4.117522257,12,20220413145759_46.832998842001_3.79293777262154,20201115,Male,WT,-1,12,Broad
4/14/2022,151501,6,Purple2,2,495,16-32kHz_60dB_300ms_12s_NG3,Discrimination,Normal,392,196,0,117,79,1,0.403061224,1.155612245,272.1641122,17.959,33,33,1,0.626062137,12,20220414151501_76.864992454648_2.97367919210582,20201115,Male,WT,-0.166635114,2,Broad
4/14/2022,151501,6,Purple2,2,495,16-32kHz_60dB_300ms_12s_NG3,Discrimination,Normal,392,196,0,117,79,1,0.403061224,1.155612245,272.1641122,20.159,24,33,0.727272727,2.232576616,12,20220414151501_76.864992454648_2.97367919210582,20201115,Male,WT,-0.33335217,4,Broad
4/14/2022,151501,6,Purple2,2,495,16-32kHz_60dB_300ms_12s_NG3,Discrimination,Normal,392,196,0,117,79,1,0.403061224,1.155612245,272.1641122,22.627,13,33,0.393939394,3.100834696,12,20220414151501_76.864992454648_2.97367919210582,20201115,Male,WT,-0.499973413,6,Broad
4/14/2022,151501,6,Purple2,2,495,16-32kHz_60dB_300ms_12s_NG3,Discrimination,Normal,392,196,0,117,79,1,0.403061224,1.155612245,272.1641122,25.398,6,32,0.1875,3.622679768,12,20220414151501_76.864992454648_2.97367919210582,20201115,Male,WT,-0.666642989,8,Broad
4/14/2022,151501,6,Purple2,2,495,16-32kHz_60dB_300ms_12s_NG3,Discrimination,Normal,392,196,0,117,79,1,0.403061224,1.155612245,272.1641122,28.509,1,33,0.03030303,4.48279052,12,20220414151501_76.864992454648_2.97367919210582,20201115,Male,WT,-0.83334553,10,Broad
4/14/2022,151501,6,Purple2,2,495,16-32kHz_60dB_300ms_12s_NG3,Discrimination,Normal,392,196,0,117,79,1,0.403061224,1.155612245,272.1641122,32,2,32,0.0625,4.209966028,12,20220414151501_76.864992454648_2.97367919210582,20201115,Male,WT,-1,12,Broad
4/15/2022,145620,6,Purple2,2,496,16-32kHz_60dB_300ms_12s_NG3,Discrimination,Normal,399,190,8,126,75,0.95959596,0.373134328,1.155388471,280.5952368,17.959,32,34,0.941176471,0.255599362,12,20220415145620_62.1910024434328_3.39297000119869,20201115,Male,WT,-0.166635114,2,Broad
4/15/2022,145620,6,Purple2,2,496,16-32kHz_60dB_300ms_12s_NG3,Discrimination,Normal,399,190,8,126,75,0.95959596,0.373134328,1.155388471,280.5952368,20.159,26,33,0.787878788,0.957739676,12,20220415145620_62.1910024434328_3.39297000119869,20201115,Male,WT,-0.33335217,4,Broad
4/15/2022,145620,6,Purple2,2,496,16-32kHz_60dB_300ms_12s_NG3,Discrimination,Normal,399,190,8,126,75,0.95959596,0.373134328,1.155388471,280.5952368,22.627,12,33,0.363636364,2.014264077,12,20220415145620_62.1910024434328_3.39297000119869,20201115,Male,WT,-0.499973413,6,Broad
4/15/2022,145620,6,Purple2,2,496,16-32kHz_60dB_300ms_12s_NG3,Discrimination,Normal,399,190,8,126,75,0.95959596,0.373134328,1.155388471,280.5952368,25.398,4,34,0.117647059,2.970567516,12,20220415145620_62.1910024434328_3.39297000119869,20201115,Male,WT,-0.666642989,8,Broad
4/15/2022,145620,6,Purple2,2,496,16-32kHz_60dB_300ms_12s_NG3,Discrimination,Normal,399,190,8,126,75,0.95959596,0.373134328,1.155388471,280.5952368,28.509,0,34,0,3.88352134,12,20220415145620_62.1910024434328_3.39297000119869,20201115,Male,WT,-0.83334553,10,Broad
4/15/2022,145620,6,Purple2,2,496,16-32kHz_60dB_300ms_12s_NG3,Discrimination,Normal,399,190,8,126,75,0.95959596,0.373134328,1.155388471,280.5952368,32,1,33,0.03030303,3.3962199,12,20220415145620_62.1910024434328_3.39297000119869,20201115,Male,WT,-1,12,Broad
4/16/2022,151736,6,Purple2,2,490,16-22.6kHz_60dB_300ms_12s_NG3,Discrimination,Normal,337,167,2,59,109,0.98816568,0.648809524,1.15727003,277.5686647,17.959,27,28,0.964285714,0.552525318,12,20220416151736_76.2549977749586_2.90215068512679,20201115,Male,WT,-0.166635114,2,Zoom
4/16/2022,151736,6,Purple2,2,490,16-22.6kHz_60dB_300ms_12s_NG3,Discrimination,Normal,337,167,2,59,109,0.98816568,0.648809524,1.15727003,277.5686647,19.027,26,28,0.928571429,0.818527847,12,20220416151736_76.2549977749586_2.90215068512679,20201115,Male,WT,-0.249976204,3,Zoom
4/16/2022,151736,6,Purple2,2,490,16-22.6kHz_60dB_300ms_12s_NG3,Discrimination,Normal,337,167,2,59,109,0.98816568,0.648809524,1.15727003,277.5686647,20.159,24,28,0.857142857,1.172168006,12,20220416151736_76.2549977749586_2.90215068512679,20201115,Male,WT,-0.33335217,4,Zoom
4/16/2022,151736,6,Purple2,2,490,16-22.6kHz_60dB_300ms_12s_NG3,Discrimination,Normal,337,167,2,59,109,0.98816568,0.648809524,1.15727003,277.5686647,21.357,15,28,0.535714286,2.118918304,12,20220416151736_76.2549977749586_2.90215068512679,20201115,Male,WT,-0.416637102,5,Zoom
4/16/2022,151736,6,Purple2,2,490,16-22.6kHz_60dB_300ms_12s_NG3,Discrimination,Normal,337,167,2,59,109,0.98816568,0.648809524,1.15727003,277.5686647,22.627,14,28,0.5,2.208470657,12,20220416151736_76.2549977749586_2.90215068512679,20201115,Male,WT,-0.499973413,6,Zoom
4/16/2022,151736,6,Purple2,2,490,16-22.6kHz_60dB_300ms_12s_NG3,Discrimination,Normal,337,167,2,59,109,0.98816568,0.648809524,1.15727003,277.5686647,32,3,28,0.107142857,3.508861115,12,20220416151736_76.2549977749586_2.90215068512679,20201115,Male,WT,-1,12,Zoom
4/18/2022,151110,6,Purple2,2,487,16-22.6kHz_60dB_300ms_12s_NG3,Discrimination,Normal,331,163,3,59,106,0.981927711,0.642424242,1.226586103,246.9044663,17.959,27,28,0.964285714,0.407917038,12,20220418151110_19.482996314764_2.46987025053669,20201115,Male,WT,-0.166635114,2,Zoom
4/18/2022,151110,6,Purple2,2,487,16-22.6kHz_60dB_300ms_12s_NG3,Discrimination,Normal,331,163,3,59,106,0.981927711,0.642424242,1.226586103,246.9044663,19.027,23,27,0.851851852,1.051664634,12,20220418151110_19.482996314764_2.46987025053669,20201115,Male,WT,-0.249976204,3,Zoom
4/18/2022,151110,6,Purple2,2,487,16-22.6kHz_60dB_300ms_12s_NG3,Discrimination,Normal,331,163,3,59,106,0.981927711,0.642424242,1.226586103,246.9044663,20.159,20,28,0.714285714,1.5049301,12,20220418151110_19.482996314764_2.46987025053669,20201115,Male,WT,-0.33335217,4,Zoom
4/18/2022,151110,6,Purple2,2,487,16-22.6kHz_60dB_300ms_12s_NG3,Discrimination,Normal,331,163,3,59,106,0.981927711,0.642424242,1.226586103,246.9044663,21.357,19,27,0.703703704,1.536837986,12,20220418151110_19.482996314764_2.46987025053669,20201115,Male,WT,-0.416637102,5,Zoom
4/18/2022,151110,6,Purple2,2,487,16-22.6kHz_60dB_300ms_12s_NG3,Discrimination,Normal,331,163,3,59,106,0.981927711,0.642424242,1.226586103,246.9044663,22.627,15,28,0.535714286,1.974310024,12,20220418151110_19.482996314764_2.46987025053669,20201115,Male,WT,-0.499973413,6,Zoom
4/18/2022,151110,6,Purple2,2,487,16-22.6kHz_60dB_300ms_12s_NG3,Discrimination,Normal,331,163,3,59,106,0.981927711,0.642424242,1.226586103,246.9044663,32,2,27,0.074074074,3.612305019,12,20220418151110_19.482996314764_2.46987025053669,20201115,Male,WT,-1,12,Zoom
4/19/2022,154112,6,Purple2,2,488,16-22.6kHz_60dB_300ms_12s_NG3,Discrimination,Normal,358,178,1,90,89,0.994413408,0.497206704,1.11452514,247.2695169,17.959,27,30,0.9,1.189703298,12,20220419154112_53.7149973213673_1.09678334434723,20201115,Male,WT,-0.166635114,2,Zoom
4/19/2022,154112,6,Purple2,2,488,16-22.6kHz_60dB_300ms_12s_NG3,Discrimination,Normal,358,178,1,90,89,0.994413408,0.497206704,1.11452514,247.2695169,19.027,20,30,0.666666667,1.996199004,12,20220419154112_53.7149973213673_1.09678334434723,20201115,Male,WT,-0.249976204,3,Zoom
4/19/2022,154112,6,Purple2,2,488,16-22.6kHz_60dB_300ms_12s_NG3,Discrimination,Normal,358,178,1,90,89,0.994413408,0.497206704,1.11452514,247.2695169,20.159,16,30,0.533333333,2.339730172,12,20220419154112_53.7149973213673_1.09678334434723,20201115,Male,WT,-0.33335217,4,Zoom
4/19/2022,154112,6,Purple2,2,488,16-22.6kHz_60dB_300ms_12s_NG3,Discrimination,Normal,358,178,1,90,89,0.994413408,0.497206704,1.11452514,247.2695169,21.357,17,29,0.586206897,2.207778408,12,20220419154112_53.7149973213673_1.09678334434723,20201115,Male,WT,-0.416637102,5,Zoom
4/19/2022,154112,6,Purple2,2,488,16-22.6kHz_60dB_300ms_12s_NG3,Discrimination,Normal,358,178,1,90,89,0.994413408,0.497206704,1.11452514,247.2695169,22.627,7,30,0.233333333,3.05600922,12,20220419154112_53.7149973213673_1.09678334434723,20201115,Male,WT,-0.499973413,6,Zoom
4/19/2022,154112,6,Purple2,2,488,16-22.6kHz_60dB_300ms_12s_NG3,Discrimination,Normal,358,178,1,90,89,0.994413408,0.497206704,1.11452514,247.2695169,32,2,30,0.066666667,4.026373097,12,20220419154112_53.7149973213673_1.09678334434723,20201115,Male,WT,-1,12,Zoom
4/21/2022,151125,6,Purple2,2,480,16-22.6kHz_60dB_300ms_16s_NG3,Discrimination,Normal,321,156,4,78,83,0.975,0.51552795,1.074766355,247.5130641,17.959,26,27,0.962962963,0.301991709,12,20220421151125_49.9599985778332_3.27689708395812,20201115,Male,WT,-0.166635114,2,Zoom
4/21/2022,151125,6,Purple2,2,480,16-22.6kHz_60dB_300ms_16s_NG3,Discrimination,Normal,321,156,4,78,83,0.975,0.51552795,1.074766355,247.5130641,19.027,22,26,0.846153846,0.953134752,12,20220421151125_49.9599985778332_3.27689708395812,20201115,Male,WT,-0.249976204,3,Zoom
4/21/2022,151125,6,Purple2,2,480,16-22.6kHz_60dB_300ms_16s_NG3,Discrimination,Normal,321,156,4,78,83,0.975,0.51552795,1.074766355,247.5130641,20.159,15,27,0.555555556,1.708454405,12,20220421151125_49.9599985778332_3.27689708395812,20201115,Male,WT,-0.33335217,4,Zoom
4/21/2022,151125,6,Purple2,2,480,16-22.6kHz_60dB_300ms_16s_NG3,Discrimination,Normal,321,156,4,78,83,0.975,0.51552795,1.074766355,247.5130641,21.357,13,27,0.481481481,1.988182375,12,20220421151125_49.9599985778332_3.27689708395812,20201115,Male,WT,-0.416637102,5,Zoom
4/21/2022,151125,6,Purple2,2,480,16-22.6kHz_60dB_300ms_16s_NG3,Discrimination,Normal,321,156,4,78,83,0.975,0.51552795,1.074766355,247.5130641,22.627,6,27,0.222222222,2.723675175,12,20220421151125_49.9599985778332_3.27689708395812,20201115,Male,WT,-0.499973413,6,Zoom
4/21/2022,151125,6,Purple2,2,480,16-22.6kHz_60dB_300ms_16s_NG3,Discrimination,Normal,321,156,4,78,83,0.975,0.51552795,1.074766355,247.5130641,32,1,27,0.037037037,3.488429345,12,20220421151125_49.9599985778332_3.27689708395812,20201115,Male,WT,-1,12,Zoom
4/9/2022,145734,7,Purple3,3,514,8-4kHz_60dB_300ms_8s_NG3,Discrimination,Normal,418,208,1,111,98,0.995215311,0.468899522,1.045454545,268.984625,4,2,35,0.057142857,3.904776057,12,20220409145734_134.837993234396_1.67586388061552,20201115,Male,KO,1,12,Broad
4/9/2022,145734,7,Purple3,3,514,8-4kHz_60dB_300ms_8s_NG3,Discrimination,Normal,418,208,1,111,98,0.995215311,0.468899522,1.045454545,268.984625,4.49,1,35,0.028571429,4.628892019,12,20220409145734_134.837993234396_1.67586388061552,20201115,Male,KO,0.833284555,10,Broad
4/9/2022,145734,7,Purple3,3,514,8-4kHz_60dB_300ms_8s_NG3,Discrimination,Normal,418,208,1,111,98,0.995215311,0.468899522,1.045454545,268.984625,5.04,11,34,0.323529412,2.938730106,12,20220409145734_134.837993234396_1.67586388061552,20201115,Male,KO,0.666576266,8,Broad
4/9/2022,145734,7,Purple3,3,514,8-4kHz_60dB_300ms_8s_NG3,Discrimination,Normal,418,208,1,111,98,0.995215311,0.468899522,1.045454545,268.984625,5.647,26,35,0.742857143,1.831044129,12,20220409145734_134.837993234396_1.67586388061552,20201115,Male,KO,0.502515369,6,Broad
4/9/2022,145734,7,Purple3,3,514,8-4kHz_60dB_300ms_8s_NG3,Discrimination,Normal,418,208,1,111,98,0.995215311,0.468899522,1.045454545,268.984625,6.35,25,35,0.714285714,1.915141751,12,20220409145734_134.837993234396_1.67586388061552,20201115,Male,KO,0.333243408,4,Broad
4/9/2022,145734,7,Purple3,3,514,8-4kHz_60dB_300ms_8s_NG3,Discrimination,Normal,418,208,1,111,98,0.995215311,0.468899522,1.045454545,268.984625,7.127,33,35,0.942857143,0.974308471,12,20220409145734_134.837993234396_1.67586388061552,20201115,Male,KO,0.166705076,2,Broad
4/11/2022,151757,7,Purple3,3,508,8-4kHz_60dB_300ms_8s_NG3,Discrimination,Normal,454,228,0,144,82,1,0.362831858,1.037444934,261.4550877,4,0,37,0,5.05304506,12,20220411151757_94.0329942852259_2.45003278625,20201115,Male,KO,1,12,Broad
4/11/2022,151757,7,Purple3,3,508,8-4kHz_60dB_300ms_8s_NG3,Discrimination,Normal,454,228,0,144,82,1,0.362831858,1.037444934,261.4550877,4.49,2,38,0.052631579,4.34982241,12,20220411151757_94.0329942852259_2.45003278625,20201115,Male,KO,0.833284555,10,Broad
4/11/2022,151757,7,Purple3,3,508,8-4kHz_60dB_300ms_8s_NG3,Discrimination,Normal,454,228,0,144,82,1,0.362831858,1.037444934,261.4550877,5.04,6,37,0.162162162,3.884164561,12,20220411151757_94.0329942852259_2.45003278625,20201115,Male,KO,0.666576266,8,Broad
4/11/2022,151757,7,Purple3,3,508,8-4kHz_60dB_300ms_8s_NG3,Discrimination,Normal,454,228,0,144,82,1,0.362831858,1.037444934,261.4550877,5.647,12,38,0.315789474,3.358764546,12,20220411151757_94.0329942852259_2.45003278625,20201115,Male,KO,0.502515369,6,Broad
4/11/2022,151757,7,Purple3,3,508,8-4kHz_60dB_300ms_8s_NG3,Discrimination,Normal,454,228,0,144,82,1,0.362831858,1.037444934,261.4550877,6.35,28,38,0.736842105,2.248096426,12,20220411151757_94.0329942852259_2.45003278625,20201115,Male,KO,0.333243408,4,Broad
4/11/2022,151757,7,Purple3,3,508,8-4kHz_60dB_300ms_8s_NG3,Discrimination,Normal,454,228,0,144,82,1,0.362831858,1.037444934,261.4550877,7.127,34,38,0.894736842,1.659000975,12,20220411151757_94.0329942852259_2.45003278625,20201115,Male,KO,0.166705076,2,Broad
4/12/2022,151309,7,Purple3,3,508,8-4kHz_60dB_300ms_8s_NG3,Discrimination,Normal,490,244,1,165,80,0.995918367,0.326530612,1.040816327,264.4482746,4,0,40,0,4.739108202,12,20220412151309_49.8349942266941_2.76769477252259,20201115,Male,KO,1,12,Broad
4/12/2022,151309,7,Purple3,3,508,8-4kHz_60dB_300ms_8s_NG3,Discrimination,Normal,490,244,1,165,80,0.995918367,0.326530612,1.040816327,264.4482746,4.49,2,41,0.048780488,4.044340746,12,20220412151309_49.8349942266941_2.76769477252259,20201115,Male,KO,0.833284555,10,Broad
4/12/2022,151309,7,Purple3,3,508,8-4kHz_60dB_300ms_8s_NG3,Discrimination,Normal,490,244,1,165,80,0.995918367,0.326530612,1.040816327,264.4482746,5.04,3,41,0.073170732,4.044340746,12,20220412151309_49.8349942266941_2.76769477252259,20201115,Male,KO,0.666576266,8,Broad
4/12/2022,151309,7,Purple3,3,508,8-4kHz_60dB_300ms_8s_NG3,Discrimination,Normal,490,244,1,165,80,0.995918367,0.326530612,1.040816327,264.4482746,5.647,9,41,0.219512195,3.313471188,12,20220412151309_49.8349942266941_2.76769477252259,20201115,Male,KO,0.502515369,6,Broad
4/12/2022,151309,7,Purple3,3,508,8-4kHz_60dB_300ms_8s_NG3,Discrimination,Normal,490,244,1,165,80,0.995918367,0.326530612,1.040816327,264.4482746,6.35,28,41,0.682926829,2.055770948,12,20220412151309_49.8349942266941_2.76769477252259,20201115,Male,KO,0.333243408,4,Broad
4/12/2022,151309,7,Purple3,3,508,8-4kHz_60dB_300ms_8s_NG3,Discrimination,Normal,490,244,1,165,80,0.995918367,0.326530612,1.040816327,264.4482746,7.127,38,41,0.926829268,1.127848995,12,20220412151309_49.8349942266941_2.76769477252259,20201115,Male,KO,0.166705076,2,Broad
4/13/2022,145759,7,Purple3,3,500,8-4kHz_60dB_300ms_8s_NG3,Discrimination,Normal,472,235,0,161,76,1,0.320675105,1.042372881,246.0440553,4,3,40,0.075,4.208069206,12,20220413145759_102.570002898574_3.08173359142274,20201115,Male,KO,1,12,Broad
4/13/2022,145759,7,Purple3,3,500,8-4kHz_60dB_300ms_8s_NG3,Discrimination,Normal,472,235,0,161,76,1,0.320675105,1.042372881,246.0440553,4.49,3,39,0.076923077,4.194093141,12,20220413145759_102.570002898574_3.08173359142274,20201115,Male,KO,0.833284555,10,Broad
4/13/2022,145759,7,Purple3,3,500,8-4kHz_60dB_300ms_8s_NG3,Discrimination,Normal,472,235,0,161,76,1,0.320675105,1.042372881,246.0440553,5.04,3,39,0.076923077,4.372975507,12,20220413145759_102.570002898574_3.08173359142274,20201115,Male,KO,0.666576266,8,Broad
4/13/2022,145759,7,Purple3,3,500,8-4kHz_60dB_300ms_8s_NG3,Discrimination,Normal,472,235,0,161,76,1,0.320675105,1.042372881,246.0440553,5.647,10,40,0.25,3.487414474,12,20220413145759_102.570002898574_3.08173359142274,20201115,Male,KO,0.502515369,6,Broad
4/13/2022,145759,7,Purple3,3,500,8-4kHz_60dB_300ms_8s_NG3,Discrimination,Normal,472,235,0,161,76,1,0.320675105,1.042372881,246.0440553,6.35,27,39,0.692307692,2.385492199,12,20220413145759_102.570002898574_3.08173359142274,20201115,Male,KO,0.333243408,4,Broad
4/13/2022,145759,7,Purple3,3,500,8-4kHz_60dB_300ms_8s_NG3,Discrimination,Normal,472,235,0,161,76,1,0.320675105,1.042372881,246.0440553,7.127,30,40,0.75,2.13739002,12,20220413145759_102.570002898574_3.08173359142274,20201115,Male,KO,0.166705076,2,Broad
4/14/2022,151501,7,Purple3,3,504,8-4kHz_60dB_300ms_8s_NG3,Discrimination,Normal,516,257,1,183,75,0.996124031,0.290697674,1.042635659,263.1886887,4,3,43,0.069767442,4.086935883,12,20220414151501_101.895997300744_3.96908714608425,20201115,Male,KO,1,12,Broad
4/14/2022,151501,7,Purple3,3,504,8-4kHz_60dB_300ms_8s_NG3,Discrimination,Normal,516,257,1,183,75,0.996124031,0.290697674,1.042635659,263.1886887,4.49,0,43,0,4.785556651,12,20220414151501_101.895997300744_3.96908714608425,20201115,Male,KO,0.833284555,10,Broad
4/14/2022,151501,7,Purple3,3,504,8-4kHz_60dB_300ms_8s_NG3,Discrimination,Normal,516,257,1,183,75,0.996124031,0.290697674,1.042635659,263.1886887,5.04,1,43,0.023255814,4.329768424,12,20220414151501_101.895997300744_3.96908714608425,20201115,Male,KO,0.666576266,8,Broad
4/14/2022,151501,7,Purple3,3,504,8-4kHz_60dB_300ms_8s_NG3,Discrimination,Normal,516,257,1,183,75,0.996124031,0.290697674,1.042635659,263.1886887,5.647,8,43,0.186046512,3.453197963,12,20220414151501_101.895997300744_3.96908714608425,20201115,Male,KO,0.502515369,6,Broad
4/14/2022,151501,7,Purple3,3,504,8-4kHz_60dB_300ms_8s_NG3,Discrimination,Normal,516,257,1,183,75,0.996124031,0.290697674,1.042635659,263.1886887,6.35,27,43,0.627906977,2.220628155,12,20220414151501_101.895997300744_3.96908714608425,20201115,Male,KO,0.333243408,4,Broad
4/14/2022,151501,7,Purple3,3,504,8-4kHz_60dB_300ms_8s_NG3,Discrimination,Normal,516,257,1,183,75,0.996124031,0.290697674,1.042635659,263.1886887,7.127,36,43,0.837209302,1.579503747,12,20220414151501_101.895997300744_3.96908714608425,20201115,Male,KO,0.166705076,2,Broad
4/15/2022,145621,7,Purple3,3,497,8-6kHz_60dB_300ms_8s_NG3,Discrimination,Normal,399,196,3,84,116,0.984924623,0.58,1.055137845,263.2828929,4,1,33,0.03030303,3.92023388,12,20220415145621_168.528999388218_2.71797771816804,20201115,Male,KO,1,12,Zoom
4/15/2022,145621,7,Purple3,3,497,8-6kHz_60dB_300ms_8s_NG3,Discrimination,Normal,399,196,3,84,116,0.984924623,0.58,1.055137845,263.2828929,5.993,12,33,0.363636364,2.619026548,12,20220415145621_168.528999388218_2.71797771816804,20201115,Male,KO,0.416721626,5,Zoom
4/15/2022,145621,7,Purple3,3,497,8-6kHz_60dB_300ms_8s_NG3,Discrimination,Normal,399,196,3,84,116,0.984924623,0.58,1.055137845,263.2828929,6.35,16,34,0.470588235,2.340425163,12,20220415145621_168.528999388218_2.71797771816804,20201115,Male,KO,0.333243408,4,Zoom
4/15/2022,145621,7,Purple3,3,497,8-6kHz_60dB_300ms_8s_NG3,Discrimination,Normal,399,196,3,84,116,0.984924623,0.58,1.055137845,263.2828929,6.727,24,33,0.727272727,1.670019976,12,20220415145621_168.528999388218_2.71797771816804,20201115,Male,KO,0.250036742,3,Zoom
4/15/2022,145621,7,Purple3,3,497,8-6kHz_60dB_300ms_8s_NG3,Discrimination,Normal,399,196,3,84,116,0.984924623,0.58,1.055137845,263.2828929,7.127,30,33,0.909090909,0.795412091,12,20220415145621_168.528999388218_2.71797771816804,20201115,Male,KO,0.166705076,2,Zoom
4/15/2022,145621,7,Purple3,3,497,8-6kHz_60dB_300ms_8s_NG3,Discrimination,Normal,399,196,3,84,116,0.984924623,0.58,1.055137845,263.2828929,7.551,33,34,0.970588235,0.524831345,12,20220415145621_168.528999388218_2.71797771816804,20201115,Male,KO,0.083332283,1,Zoom
4/16/2022,151736,7,Purple3,3,495,8-6kHz_60dB_300ms_8s_NG3,Discrimination,Normal,427,213,0,79,135,1,0.630841121,1.046838407,240.8519953,4,0,36,0,5.02005479,12,20220416151736_76.6189970076084_1.2129819471298,20201115,Male,KO,1,12,Zoom
4/16/2022,151736,7,Purple3,3,495,8-6kHz_60dB_300ms_8s_NG3,Discrimination,Normal,427,213,0,79,135,1,0.630841121,1.046838407,240.8519953,5.993,18,36,0.5,2.854465526,12,20220416151736_76.6189970076084_1.2129819471298,20201115,Male,KO,0.416721626,5,Zoom
4/16/2022,151736,7,Purple3,3,495,8-6kHz_60dB_300ms_8s_NG3,Discrimination,Normal,427,213,0,79,135,1,0.630841121,1.046838407,240.8519953,6.35,16,35,0.457142857,2.963373442,12,20220416151736_76.6189970076084_1.2129819471298,20201115,Male,KO,0.333243408,4,Zoom
4/16/2022,151736,7,Purple3,3,495,8-6kHz_60dB_300ms_8s_NG3,Discrimination,Normal,427,213,0,79,135,1,0.630841121,1.046838407,240.8519953,6.727,30,36,0.833333333,1.906394282,12,20220416151736_76.6189970076084_1.2129819471298,20201115,Male,KO,0.250036742,3,Zoom
4/16/2022,151736,7,Purple3,3,495,8-6kHz_60dB_300ms_8s_NG3,Discrimination,Normal,427,213,0,79,135,1,0.630841121,1.046838407,240.8519953,7.127,35,35,1,0.630294453,12,20220416151736_76.6189970076084_1.2129819471298,20201115,Male,KO,0.166705076,2,Zoom
4/16/2022,151736,7,Purple3,3,495,8-6kHz_60dB_300ms_8s_NG3,Discrimination,Normal,427,213,0,79,135,1,0.630841121,1.046838407,240.8519953,7.551,36,36,1,0.619233627,12,20220416151736_76.6189970076084_1.2129819471298,20201115,Male,KO,0.083332283,1,Zoom
4/18/2022,151110,7,Purple3,3,493,8-6kHz_60dB_300ms_8s_NG3,Discrimination,Normal,411,206,0,69,136,1,0.663414634,1.0486618,223.4263592,4,1,34,0.029411765,4.98656308,12,20220418151110_62.3629990965128_1.6954799478147,20201115,Male,KO,1,12,Zoom
4/18/2022,151110,7,Purple3,3,493,8-6kHz_60dB_300ms_8s_NG3,Discrimination,Normal,411,206,0,69,136,1,0.663414634,1.0486618,223.4263592,5.993,21,34,0.617647059,2.54767261,12,20220418151110_62.3629990965128_1.6954799478147,20201115,Male,KO,0.416721626,5,Zoom
4/18/2022,151110,7,Purple3,3,493,8-6kHz_60dB_300ms_8s_NG3,Discrimination,Normal,411,206,0,69,136,1,0.663414634,1.0486618,223.4263592,6.35,25,34,0.735294118,2.224050154,12,20220418151110_62.3629990965128_1.6954799478147,20201115,Male,KO,0.333243408,4,Zoom
4/18/2022,151110,7,Purple3,3,493,8-6kHz_60dB_300ms_8s_NG3,Discrimination,Normal,411,206,0,69,136,1,0.663414634,1.0486618,223.4263592,6.727,24,34,0.705882353,2.309452169,12,20220418151110_62.3629990965128_1.6954799478147,20201115,Male,KO,0.250036742,3,Zoom
4/18/2022,151110,7,Purple3,3,493,8-6kHz_60dB_300ms_8s_NG3,Discrimination,Normal,411,206,0,69,136,1,0.663414634,1.0486618,223.4263592,7.127,30,34,0.882352941,1.693302653,12,20220418151110_62.3629990965128_1.6954799478147,20201115,Male,KO,0.166705076,2,Zoom
4/18/2022,151110,7,Purple3,3,493,8-6kHz_60dB_300ms_8s_NG3,Discrimination,Normal,411,206,0,69,136,1,0.663414634,1.0486618,223.4263592,7.551,35,35,1,0.619290255,12,20220418151110_62.3629990965128_1.6954799478147,20201115,Male,KO,0.083332283,1,Zoom
4/19/2022,154112,7,Purple3,3,491,8-6kHz_60dB_300ms_8s_NG3,Discrimination,Normal,421,210,0,67,144,1,0.682464455,1.038004751,211.8240095,4,1,35,0.028571429,4.533430106,12,20220419154112_42.6890060305595_3.15757341037987,20201115,Male,KO,1,12,Zoom
4/19/2022,154112,7,Purple3,3,491,8-6kHz_60dB_300ms_8s_NG3,Discrimination,Normal,421,210,0,67,144,1,0.682464455,1.038004751,211.8240095,5.993,22,35,0.628571429,2.524471791,12,20220419154112_42.6890060305595_3.15757341037987,20201115,Male,KO,0.416721626,5,Zoom
4/19/2022,154112,7,Purple3,3,491,8-6kHz_60dB_300ms_8s_NG3,Discrimination,Normal,421,210,0,67,144,1,0.682464455,1.038004751,211.8240095,6.35,25,35,0.714285714,2.29057805,12,20220419154112_42.6890060305595_3.15757341037987,20201115,Male,KO,0.333243408,4,Zoom
4/19/2022,154112,7,Purple3,3,491,8-6kHz_60dB_300ms_8s_NG3,Discrimination,Normal,421,210,0,67,144,1,0.682464455,1.038004751,211.8240095,6.727,28,36,0.777777778,2.09611051,12,20220419154112_42.6890060305595_3.15757341037987,20201115,Male,KO,0.250036742,3,Zoom
4/19/2022,154112,7,Purple3,3,491,8-6kHz_60dB_300ms_8s_NG3,Discrimination,Normal,421,210,0,67,144,1,0.682464455,1.038004751,211.8240095,7.127,33,35,0.942857143,1.34974477,12,20220419154112_42.6890060305595_3.15757341037987,20201115,Male,KO,0.166705076,2,Zoom
4/19/2022,154112,7,Purple3,3,491,8-6kHz_60dB_300ms_8s_NG3,Discrimination,Normal,421,210,0,67,144,1,0.682464455,1.038004751,211.8240095,7.551,35,35,1,0.625628807,12,20220419154112_42.6890060305595_3.15757341037987,20201115,Male,KO,0.083332283,1,Zoom
4/21/2022,151125,7,Purple3,3,489,8-6kHz_60dB_300ms_8s_NG3,Discrimination,Normal,404,199,2,65,138,0.990049751,0.679802956,1.047029703,234.3014221,4,4,34,0.117647059,3.348925208,12,20220421151125_58.5559990257025_3.2746884354319,20201115,Male,KO,1,12,Zoom
4/21/2022,151125,7,Purple3,3,489,8-6kHz_60dB_300ms_8s_NG3,Discrimination,Normal,404,199,2,65,138,0.990049751,0.679802956,1.047029703,234.3014221,5.993,25,34,0.735294118,1.648997993,12,20220421151125_58.5559990257025_3.2746884354319,20201115,Male,KO,0.416721626,5,Zoom
4/21/2022,151125,7,Purple3,3,489,8-6kHz_60dB_300ms_8s_NG3,Discrimination,Normal,404,199,2,65,138,0.990049751,0.679802956,1.047029703,234.3014221,6.35,21,34,0.617647059,1.97262045,12,20220421151125_58.5559990257025_3.2746884354319,20201115,Male,KO,0.333243408,4,Zoom
4/21/2022,151125,7,Purple3,3,489,8-6kHz_60dB_300ms_8s_NG3,Discrimination,Normal,404,199,2,65,138,0.990049751,0.679802956,1.047029703,234.3014221,6.727,25,34,0.735294118,1.648997993,12,20220421151125_58.5559990257025_3.2746884354319,20201115,Male,KO,0.250036742,3,Zoom
4/21/2022,151125,7,Purple3,3,489,8-6kHz_60dB_300ms_8s_NG3,Discrimination,Normal,404,199,2,65,138,0.990049751,0.679802956,1.047029703,234.3014221,7.127,30,34,0.882352941,1.118250493,12,20220421151125_58.5559990257025_3.2746884354319,20201115,Male,KO,0.166705076,2,Zoom
4/21/2022,151125,7,Purple3,3,489,8-6kHz_60dB_300ms_8s_NG3,Discrimination,Normal,404,199,2,65,138,0.990049751,0.679802956,1.047029703,234.3014221,7.551,33,33,1,0.067481097,12,20220421151125_58.5559990257025_3.2746884354319,20201115,Male,KO,0.083332283,1,Zoom
4/5/2022,152323,8,Purple4,4,388,16-32kHz_60dB_300ms_16s_NG3,Discrimination,Normal,285,129,0,81,75,1,0.480769231,1.2,197.1227364,17.959,26,26,1,0.582167977,11,20220405152323_134.541998058558_1.22740222236617,20201115,Male,KO,-0.166635114,2,Broad
4/5/2022,152323,8,Purple4,4,388,16-32kHz_60dB_300ms_16s_NG3,Discrimination,Normal,285,129,0,81,75,1,0.480769231,1.2,197.1227364,20.159,19,26,0.730769231,2.094185045,11,20220405152323_134.541998058558_1.22740222236617,20201115,Male,KO,-0.33335217,4,Broad
4/5/2022,152323,8,Purple4,4,388,16-32kHz_60dB_300ms_16s_NG3,Discrimination,Normal,285,129,0,81,75,1,0.480769231,1.2,197.1227364,22.627,8,26,0.307692308,3.209954571,11,20220405152323_134.541998058558_1.22740222236617,20201115,Male,KO,-0.499973413,6,Broad
4/5/2022,152323,8,Purple4,4,388,16-32kHz_60dB_300ms_16s_NG3,Discrimination,Normal,285,129,0,81,75,1,0.480769231,1.2,197.1227364,25.398,12,26,0.461538462,2.797190749,11,20220405152323_134.541998058558_1.22740222236617,20201115,Male,KO,-0.666642989,8,Broad
4/5/2022,152323,8,Purple4,4,388,16-32kHz_60dB_300ms_16s_NG3,Discrimination,Normal,285,129,0,81,75,1,0.480769231,1.2,197.1227364,28.509,4,26,0.153846154,3.756905552,11,20220405152323_134.541998058558_1.22740222236617,20201115,Male,KO,-0.83334553,10,Broad
4/5/2022,152323,8,Purple4,4,388,16-32kHz_60dB_300ms_16s_NG3,Discrimination,Normal,285,129,0,81,75,1,0.480769231,1.2,197.1227364,32,6,26,0.230769231,3.453164337,11,20220405152323_134.541998058558_1.22740222236617,20201115,Male,KO,-1,12,Broad
4/6/2022,151427,8,Purple4,4,380,16-32kHz_60dB_300ms_16s_NG3,Discrimination,Normal,289,131,1,79,78,0.992424242,0.496815287,1.114186851,198.7812672,17.959,26,26,1,0.196324978,11,20220406151427_130.308999493718_3.6260855711011,20201115,Male,KO,-0.166635114,2,Broad
4/6/2022,151427,8,Purple4,4,380,16-32kHz_60dB_300ms_16s_NG3,Discrimination,Normal,289,131,1,79,78,0.992424242,0.496815287,1.114186851,198.7812672,20.159,19,26,0.730769231,1.708342046,11,20220406151427_130.308999493718_3.6260855711011,20201115,Male,KO,-0.33335217,4,Broad
4/6/2022,151427,8,Purple4,4,380,16-32kHz_60dB_300ms_16s_NG3,Discrimination,Normal,289,131,1,79,78,0.992424242,0.496815287,1.114186851,198.7812672,22.627,11,26,0.423076923,2.509630987,11,20220406151427_130.308999493718_3.6260855711011,20201115,Male,KO,-0.499973413,6,Broad
4/6/2022,151427,8,Purple4,4,380,16-32kHz_60dB_300ms_16s_NG3,Discrimination,Normal,289,131,1,79,78,0.992424242,0.496815287,1.114186851,198.7812672,25.398,9,26,0.346153846,2.714652293,11,20220406151427_130.308999493718_3.6260855711011,20201115,Male,KO,-0.666642989,8,Broad
4/6/2022,151427,8,Purple4,4,380,16-32kHz_60dB_300ms_16s_NG3,Discrimination,Normal,289,131,1,79,78,0.992424242,0.496815287,1.114186851,198.7812672,28.509,8,26,0.307692308,2.824111572,11,20220406151427_130.308999493718_3.6260855711011,20201115,Male,KO,-0.83334553,10,Broad
4/6/2022,151427,8,Purple4,4,380,16-32kHz_60dB_300ms_16s_NG3,Discrimination,Normal,289,131,1,79,78,0.992424242,0.496815287,1.114186851,198.7812672,32,5,27,0.185185185,3.233648375,11,20220406151427_130.308999493718_3.6260855711011,20201115,Male,KO,-1,12,Broad
4/7/2022,150902,8,Purple4,4,375,16-32kHz_60dB_300ms_16s_NG3,Discrimination,Normal,310,141,0,91,78,1,0.461538462,1.138709677,200.2839433,17.959,27,28,0.964285714,1.07170385,11,20220407150902_62.504006177187_1.03262716803214,20201115,Male,KO,-0.166635114,2,Broad
4/7/2022,150902,8,Purple4,4,375,16-32kHz_60dB_300ms_16s_NG3,Discrimination,Normal,310,141,0,91,78,1,0.461538462,1.138709677,200.2839433,20.159,17,28,0.607142857,2.457165059,11,20220407150902_62.504006177187_1.03262716803214,20201115,Male,KO,-0.33335217,4,Broad
4/7/2022,150902,8,Purple4,4,375,16-32kHz_60dB_300ms_16s_NG3,Discrimination,Normal,310,141,0,91,78,1,0.461538462,1.138709677,200.2839433,22.627,10,28,0.357142857,3.097286342,11,20220407150902_62.504006177187_1.03262716803214,20201115,Male,KO,-0.499973413,6,Broad
4/7/2022,150902,8,Purple4,4,375,16-32kHz_60dB_300ms_16s_NG3,Discrimination,Normal,310,141,0,91,78,1,0.461538462,1.138709677,200.2839433,25.398,9,29,0.310344828,3.227213928,11,20220407150902_62.504006177187_1.03262716803214,20201115,Male,KO,-0.666642989,8,Broad
4/7/2022,150902,8,Purple4,4,375,16-32kHz_60dB_300ms_16s_NG3,Discrimination,Normal,310,141,0,91,78,1,0.461538462,1.138709677,200.2839433,28.509,9,28,0.321428571,3.197029113,11,20220407150902_62.504006177187_1.03262716803214,20201115,Male,KO,-0.83334553,10,Broad
4/7/2022,150902,8,Purple4,4,375,16-32kHz_60dB_300ms_16s_NG3,Discrimination,Normal,310,141,0,91,78,1,0.461538462,1.138709677,200.2839433,32,6,28,0.214285714,3.414681096,11,20220407150902_62.504006177187_1.03262716803214,20201115,Male,KO,-1,12,Broad
4/13/2022,145759,8,Purple4,4,379,16-32kHz_60dB_300ms_16s_NG3,Discrimination,Normal,317,156,3,83,75,0.981132075,0.474683544,1.082018927,208.5081474,17.959,27,27,1,-0.084931997,12,20220413145759_83.916000276804_2.08632815484223,20201115,Male,KO,-0.166635114,2,Broad
4/13/2022,145759,8,Purple4,4,379,16-32kHz_60dB_300ms_16s_NG3,Discrimination,Normal,317,156,3,83,75,0.981132075,0.474683544,1.082018927,208.5081474,20.159,16,26,0.615384615,1.757019391,12,20220413145759_83.916000276804_2.08632815484223,20201115,Male,KO,-0.33335217,4,Broad
4/13/2022,145759,8,Purple4,4,379,16-32kHz_60dB_300ms_16s_NG3,Discrimination,Normal,317,156,3,83,75,0.981132075,0.474683544,1.082018927,208.5081474,22.627,13,26,0.5,2.048646643,12,20220413145759_83.916000276804_2.08632815484223,20201115,Male,KO,-0.499973413,6,Broad
4/13/2022,145759,8,Purple4,4,379,16-32kHz_60dB_300ms_16s_NG3,Discrimination,Normal,317,156,3,83,75,0.981132075,0.474683544,1.082018927,208.5081474,25.398,6,26,0.230769231,2.674913319,12,20220413145759_83.916000276804_2.08632815484223,20201115,Male,KO,-0.666642989,8,Broad
4/13/2022,145759,8,Purple4,4,379,16-32kHz_60dB_300ms_16s_NG3,Discrimination,Normal,317,156,3,83,75,0.981132075,0.474683544,1.082018927,208.5081474,28.509,7,26,0.269230769,2.558308332,12,20220413145759_83.916000276804_2.08632815484223,20201115,Male,KO,-0.83334553,10,Broad
4/13/2022,145759,8,Purple4,4,379,16-32kHz_60dB_300ms_16s_NG3,Discrimination,Normal,317,156,3,83,75,0.981132075,0.474683544,1.082018927,208.5081474,32,6,27,0.222222222,2.828888218,12,20220413145759_83.916000276804_2.08632815484223,20201115,Male,KO,-1,12,Broad
4/14/2022,151501,8,Purple4,4,365,16-32kHz_60dB_300ms_16s_NG3,Discrimination,Normal,329,162,2,95,70,0.987804878,0.424242424,1.085106383,215.407784,17.959,25,27,0.925925926,0.826418223,12,20220414151501_37.6339942216873_3.82830131623111,20201115,Male,KO,-0.166635114,2,Broad
4/14/2022,151501,8,Purple4,4,365,16-32kHz_60dB_300ms_16s_NG3,Discrimination,Normal,329,162,2,95,70,0.987804878,0.424242424,1.085106383,215.407784,20.159,17,28,0.607142857,1.925667958,12,20220414151501_37.6339942216873_3.82830131623111,20201115,Male,KO,-0.33335217,4,Broad
4/14/2022,151501,8,Purple4,4,365,16-32kHz_60dB_300ms_16s_NG3,Discrimination,Normal,329,162,2,95,70,0.987804878,0.424242424,1.085106383,215.407784,22.627,11,28,0.392857143,2.470015276,12,20220414151501_37.6339942216873_3.82830131623111,20201115,Male,KO,-0.499973413,6,Broad
4/14/2022,151501,8,Purple4,4,365,16-32kHz_60dB_300ms_16s_NG3,Discrimination,Normal,329,162,2,95,70,0.987804878,0.424242424,1.085106383,215.407784,25.398,8,27,0.296296296,2.74083171,12,20220414151501_37.6339942216873_3.82830131623111,20201115,Male,KO,-0.666642989,8,Broad
4/14/2022,151501,8,Purple4,4,365,16-32kHz_60dB_300ms_16s_NG3,Discrimination,Normal,329,162,2,95,70,0.987804878,0.424242424,1.085106383,215.407784,28.509,5,27,0.185185185,3.118797478,12,20220414151501_37.6339942216873_3.82830131623111,20201115,Male,KO,-0.83334553,10,Broad
4/14/2022,151501,8,Purple4,4,365,16-32kHz_60dB_300ms_16s_NG3,Discrimination,Normal,329,162,2,95,70,0.987804878,0.424242424,1.085106383,215.407784,32,4,28,0.142857143,3.142902387,12,20220414151501_37.6339942216873_3.82830131623111,20201115,Male,KO,-1,12,Broad
4/15/2022,145621,8,Purple4,4,367,16-32kHz_60dB_300ms_16s_NG3,Discrimination,Normal,310,155,0,98,57,1,0.367741935,1.141935484,207.418974,17.959,26,26,1,0.643150058,12,20220415145621_147.999006137252_1.95896673187026,20201115,Male,KO,-0.166635114,2,Broad
4/15/2022,145621,8,Purple4,4,367,16-32kHz_60dB_300ms_16s_NG3,Discrimination,Normal,310,155,0,98,57,1,0.367741935,1.141935484,207.418974,20.159,11,26,0.423076923,2.956456066,12,20220415145621_147.999006137252_1.95896673187026,20201115,Male,KO,-0.33335217,4,Broad
4/15/2022,145621,8,Purple4,4,367,16-32kHz_60dB_300ms_16s_NG3,Discrimination,Normal,310,155,0,98,57,1,0.367741935,1.141935484,207.418974,22.627,8,26,0.307692308,3.161477372,12,20220415145621_147.999006137252_1.95896673187026,20201115,Male,KO,-0.499973413,6,Broad
4/15/2022,145621,8,Purple4,4,367,16-32kHz_60dB_300ms_16s_NG3,Discrimination,Normal,310,155,0,98,57,1,0.367741935,1.141935484,207.418974,25.398,6,25,0.24,3.485245103,12,20220415145621_147.999006137252_1.95896673187026,20201115,Male,KO,-0.666642989,8,Broad
4/15/2022,145621,8,Purple4,4,367,16-32kHz_60dB_300ms_16s_NG3,Discrimination,Normal,310,155,0,98,57,1,0.367741935,1.141935484,207.418974,28.509,3,26,0.115384615,4.016834561,12,20220415145621_147.999006137252_1.95896673187026,20201115,Male,KO,-0.83334553,10,Broad
4/15/2022,145621,8,Purple4,4,367,16-32kHz_60dB_300ms_16s_NG3,Discrimination,Normal,310,155,0,98,57,1,0.367741935,1.141935484,207.418974,32,3,26,0.115384615,4.016834561,12,20220415145621_147.999006137252_1.95896673187026,20201115,Male,KO,-1,12,Broad
4/19/2022,154112,8,Purple4,4,362,16-22.6kHz_60dB_300ms_16s_NG3,Discrimination,Normal,287,144,0,56,87,1,0.608391608,1.090592334,192.742625,17.959,23,24,0.958333333,1.153595965,12,20220419154112_33.3730034530163_1.53697802947135,20201115,Male,KO,-0.166635114,2,Zoom
4/19/2022,154112,8,Purple4,4,362,16-22.6kHz_60dB_300ms_16s_NG3,Discrimination,Normal,287,144,0,56,87,1,0.608391608,1.090592334,192.742625,19.027,21,24,0.875,1.633244057,12,20220419154112_33.3730034530163_1.53697802947135,20201115,Male,KO,-0.249976204,3,Zoom
4/19/2022,154112,8,Purple4,4,362,16-22.6kHz_60dB_300ms_16s_NG3,Discrimination,Normal,287,144,0,56,87,1,0.608391608,1.090592334,192.742625,20.159,12,24,0.5,2.739961689,12,20220419154112_33.3730034530163_1.53697802947135,20201115,Male,KO,-0.33335217,4,Zoom
4/19/2022,154112,8,Purple4,4,362,16-22.6kHz_60dB_300ms_16s_NG3,Discrimination,Normal,287,144,0,56,87,1,0.608391608,1.090592334,192.742625,21.357,13,24,0.541666667,2.635471329,12,20220419154112_33.3730034530163_1.53697802947135,20201115,Male,KO,-0.416637102,5,Zoom
4/19/2022,154112,8,Purple4,4,362,16-22.6kHz_60dB_300ms_16s_NG3,Discrimination,Normal,287,144,0,56,87,1,0.608391608,1.090592334,192.742625,22.627,12,23,0.52173913,2.687716509,12,20220419154112_33.3730034530163_1.53697802947135,20201115,Male,KO,-0.499973413,6,Zoom
4/19/2022,154112,8,Purple4,4,362,16-22.6kHz_60dB_300ms_16s_NG3,Discrimination,Normal,287,144,0,56,87,1,0.608391608,1.090592334,192.742625,32,6,24,0.25,3.429310553,12,20220419154112_33.3730034530163_1.53697802947135,20201115,Male,KO,-1,12,Zoom
4/20/2022,151628,8,Purple4,4,358,16-21.4kHz_60dB_300ms_16s_NG3,Discrimination,Normal,286,142,1,58,85,0.993006993,0.594405594,1.083916084,229.0370211,16.951,23,24,0.958333333,0.760774665,12,20220420151628_12.2080005705357_1.797332125177,20201115,Male,KO,-0.08329848,1,Zoom
4/20/2022,151628,8,Purple4,4,358,16-21.4kHz_60dB_300ms_16s_NG3,Discrimination,Normal,286,142,1,58,85,0.993006993,0.594405594,1.083916084,229.0370211,17.959,22,24,0.916666667,1.036733648,12,20220420151628_12.2080005705357_1.797332125177,20201115,Male,KO,-0.166635114,2,Zoom
4/20/2022,151628,8,Purple4,4,358,16-21.4kHz_60dB_300ms_16s_NG3,Discrimination,Normal,286,142,1,58,85,0.993006993,0.594405594,1.083916084,229.0370211,19.027,16,24,0.666666667,1.920799799,12,20220420151628_12.2080005705357_1.797332125177,20201115,Male,KO,-0.249976204,3,Zoom
4/20/2022,151628,8,Purple4,4,358,16-21.4kHz_60dB_300ms_16s_NG3,Discrimination,Normal,286,142,1,58,85,0.993006993,0.594405594,1.083916084,229.0370211,20.159,12,24,0.5,2.34714039,12,20220420151628_12.2080005705357_1.797332125177,20201115,Male,KO,-0.33335217,4,Zoom
4/20/2022,151628,8,Purple4,4,358,16-21.4kHz_60dB_300ms_16s_NG3,Discrimination,Normal,286,142,1,58,85,0.993006993,0.594405594,1.083916084,229.0370211,21.357,8,24,0.333333333,2.78367162,12,20220420151628_12.2080005705357_1.797332125177,20201115,Male,KO,-0.416637102,5,Zoom
4/20/2022,151628,8,Purple4,4,358,16-21.4kHz_60dB_300ms_16s_NG3,Discrimination,Normal,286,142,1,58,85,0.993006993,0.594405594,1.083916084,229.0370211,32,4,23,0.173913043,3.152149529,12,20220420151628_12.2080005705357_1.797332125177,20201115,Male,KO,-1,12,Zoom
4/21/2022,151125,8,Purple4,4,345,16-21.4kHz_60dB_300ms_16s_NG3,Discrimination,Normal,270,134,1,55,80,0.992592593,0.592592593,1.111111111,214.6092015,16.951,23,23,1,0.25307256,12,20220421151125_22.5689984858036_3.2008977150607,20201115,Male,KO,-0.08329848,1,Zoom
4/21/2022,151125,8,Purple4,4,345,16-21.4kHz_60dB_300ms_16s_NG3,Discrimination,Normal,270,134,1,55,80,0.992592593,0.592592593,1.111111111,214.6092015,17.959,19,22,0.863636364,1.273957589,12,20220421151125_22.5689984858036_3.2008977150607,20201115,Male,KO,-0.166635114,2,Zoom
4/21/2022,151125,8,Purple4,4,345,16-21.4kHz_60dB_300ms_16s_NG3,Discrimination,Normal,270,134,1,55,80,0.992592593,0.592592593,1.111111111,214.6092015,19.027,16,22,0.727272727,1.734639655,12,20220421151125_22.5689984858036_3.2008977150607,20201115,Male,KO,-0.249976204,3,Zoom
4/21/2022,151125,8,Purple4,4,345,16-21.4kHz_60dB_300ms_16s_NG3,Discrimination,Normal,270,134,1,55,80,0.992592593,0.592592593,1.111111111,214.6092015,20.159,9,23,0.391304348,2.605163859,12,20220421151125_22.5689984858036_3.2008977150607,20201115,Male,KO,-0.33335217,4,Zoom
4/21/2022,151125,8,Purple4,4,345,16-21.4kHz_60dB_300ms_16s_NG3,Discrimination,Normal,270,134,1,55,80,0.992592593,0.592592593,1.111111111,214.6092015,21.357,5,22,0.227272727,3.097653252,12,20220421151125_22.5689984858036_3.2008977150607,20201115,Male,KO,-0.416637102,5,Zoom
4/21/2022,151125,8,Purple4,4,345,16-21.4kHz_60dB_300ms_16s_NG3,Discrimination,Normal,270,134,1,55,80,0.992592593,0.592592593,1.111111111,214.6092015,32,8,23,0.347826087,2.722902973,12,20220421151125_22.5689984858036_3.2008977150607,20201115,Male,KO,-1,12,Zoom
4/22/2022,145034,8,Purple4,4,341,16-21.4kHz_60dB_300ms_16s_NG3,Discrimination,Normal,260,131,0,51,78,1,0.604651163,1.061538462,194.9715267,16.951,21,21,1,0.674006637,12,20220422145034_195.75699493289_2.34874561273564,20201115,Male,KO,-0.08329848,1,Zoom
4/22/2022,145034,8,Purple4,4,341,16-21.4kHz_60dB_300ms_16s_NG3,Discrimination,Normal,260,131,0,51,78,1,0.604651163,1.061538462,194.9715267,17.959,19,21,0.904761905,1.474997916,12,20220422145034_195.75699493289_2.34874561273564,20201115,Male,KO,-0.166635114,2,Zoom
4/22/2022,145034,8,Purple4,4,341,16-21.4kHz_60dB_300ms_16s_NG3,Discrimination,Normal,260,131,0,51,78,1,0.604651163,1.061538462,194.9715267,19.027,15,22,0.681818182,2.244775711,12,20220422145034_195.75699493289_2.34874561273564,20201115,Male,KO,-0.249976204,3,Zoom
4/22/2022,145034,8,Purple4,4,341,16-21.4kHz_60dB_300ms_16s_NG3,Discrimination,Normal,260,131,0,51,78,1,0.604651163,1.061538462,194.9715267,20.159,10,22,0.454545455,2.826506123,12,20220422145034_195.75699493289_2.34874561273564,20201115,Male,KO,-0.33335217,4,Zoom
4/22/2022,145034,8,Purple4,4,341,16-21.4kHz_60dB_300ms_16s_NG3,Discrimination,Normal,260,131,0,51,78,1,0.604651163,1.061538462,194.9715267,21.357,11,21,0.523809524,2.53511092,12,20220422145034_195.75699493289_2.34874561273564,20201115,Male,KO,-0.416637102,5,Zoom
4/22/2022,145034,8,Purple4,4,341,16-21.4kHz_60dB_300ms_16s_NG3,Discrimination,Normal,260,131,0,51,78,1,0.604651163,1.061538462,194.9715267,32,2,22,0.090909091,3.862173084,12,20220422145034_195.75699493289_2.34874561273564,20201115,Male,KO,-1,12,Zoom
4/23/2022,145926,8,Purple4,4,344,16-21.4kHz_60dB_300ms_16s_NG3,Discrimination,Normal,292,145,2,69,76,0.986394558,0.524137931,1.082191781,218.825731,16.951,22,24,0.916666667,0.847758836,12,20220423145926_46.8700032681227_1.99396818092291,20201115,Male,KO,-0.08329848,1,Zoom
4/23/2022,145926,8,Purple4,4,344,16-21.4kHz_60dB_300ms_16s_NG3,Discrimination,Normal,292,145,2,69,76,0.986394558,0.524137931,1.082191781,218.825731,17.959,24,25,0.96,0.551146802,12,20220423145926_46.8700032681227_1.99396818092291,20201115,Male,KO,-0.166635114,2,Zoom
4/23/2022,145926,8,Purple4,4,344,16-21.4kHz_60dB_300ms_16s_NG3,Discrimination,Normal,292,145,2,69,76,0.986394558,0.524137931,1.082191781,218.825731,19.027,13,24,0.541666667,2.053675216,12,20220423145926_46.8700032681227_1.99396818092291,20201115,Male,KO,-0.249976204,3,Zoom
4/23/2022,145926,8,Purple4,4,344,16-21.4kHz_60dB_300ms_16s_NG3,Discrimination,Normal,292,145,2,69,76,0.986394558,0.524137931,1.082191781,218.825731,20.159,12,24,0.5,2.158165577,12,20220423145926_46.8700032681227_1.99396818092291,20201115,Male,KO,-0.33335217,4,Zoom
4/23/2022,145926,8,Purple4,4,344,16-21.4kHz_60dB_300ms_16s_NG3,Discrimination,Normal,292,145,2,69,76,0.986394558,0.524137931,1.082191781,218.825731,21.357,4,24,0.166666667,3.160392848,12,20220423145926_46.8700032681227_1.99396818092291,20201115,Male,KO,-0.416637102,5,Zoom
4/23/2022,145926,8,Purple4,4,344,16-21.4kHz_60dB_300ms_16s_NG3,Discrimination,Normal,292,145,2,69,76,0.986394558,0.524137931,1.082191781,218.825731,32,1,24,0.041666667,3.640040941,12,20220423145926_46.8700032681227_1.99396818092291,20201115,Male,KO,-1,12,Zoom
4/29/2022,113937,1,Red1,27,405,8-4kHz_62-75dB_300ms_12s_NG3,Discrimination,Normal,333,149,17,63,104,0.897590361,0.622754491,1.057057057,305.6909933,4,6,27,0.222222222,2.061959211,12,20220429113937_36.5240022540092_1.04607270726502,20210515,Male,KO,1,12,Broad
4/29/2022,113937,1,Red1,27,405,8-4kHz_62-75dB_300ms_12s_NG3,Discrimination,Normal,333,149,17,63,104,0.897590361,0.622754491,1.057057057,305.6909933,4.449,5,28,0.178571429,2.225021037,12,20220429113937_36.5240022540092_1.04607270726502,20210515,Male,KO,0.846518901,10,Broad
4/29/2022,113937,1,Red1,27,405,8-4kHz_62-75dB_300ms_12s_NG3,Discrimination,Normal,333,149,17,63,104,0.897590361,0.622754491,1.057057057,305.6909933,5.04,18,28,0.642857143,0.914855198,12,20220429113937_36.5240022540092_1.04607270726502,20210515,Male,KO,0.666576266,8,Broad
4/29/2022,113937,1,Red1,27,405,8-4kHz_62-75dB_300ms_12s_NG3,Discrimination,Normal,333,149,17,63,104,0.897590361,0.622754491,1.057057057,305.6909933,5.657,25,28,0.892857143,0.083145182,12,20220429113937_36.5240022540092_1.04607270726502,20210515,Male,KO,0.499962829,6,Broad
4/29/2022,113937,1,Red1,27,405,8-4kHz_62-75dB_300ms_12s_NG3,Discrimination,Normal,333,149,17,63,104,0.897590361,0.622754491,1.057057057,305.6909933,6.35,23,28,0.821428571,0.379047163,12,20220429113937_36.5240022540092_1.04607270726502,20210515,Male,KO,0.333243408,4,Broad
4/29/2022,113937,1,Red1,27,405,8-4kHz_62-75dB_300ms_12s_NG3,Discrimination,Normal,333,149,17,63,104,0.897590361,0.622754491,1.057057057,305.6909933,7.127,27,28,0.964285714,-0.3776746,12,20220429113937_36.5240022540092_1.04607270726502,20210515,Male,KO,0.166705076,2,Broad
4/30/2022,114457,1,Red1,27,398,8-4kHz_62-75dB_300ms_12s_NG3,Discrimination,Normal,344,165,5,89,85,0.970588235,0.488505747,1.090116279,284.0985455,4,9,29,0.310344828,2.378255551,12,20220430114457_11.3999985158443_3.02559930768097,20210515,Male,KO,1,12,Broad
4/30/2022,114457,1,Red1,27,398,8-4kHz_62-75dB_300ms_12s_NG3,Discrimination,Normal,344,165,5,89,85,0.970588235,0.488505747,1.090116279,284.0985455,4.449,3,29,0.103448276,3.005460807,12,20220430114457_11.3999985158443_3.02559930768097,20210515,Male,KO,0.846518901,10,Broad
4/30/2022,114457,1,Red1,27,398,8-4kHz_62-75dB_300ms_12s_NG3,Discrimination,Normal,344,165,5,89,85,0.970588235,0.488505747,1.090116279,284.0985455,5.04,11,29,0.379310345,2.186848622,12,20220430114457_11.3999985158443_3.02559930768097,20210515,Male,KO,0.666576266,8,Broad
4/30/2022,114457,1,Red1,27,398,8-4kHz_62-75dB_300ms_12s_NG3,Discrimination,Normal,344,165,5,89,85,0.970588235,0.488505747,1.090116279,284.0985455,5.657,17,29,0.586206897,1.660173574,12,20220430114457_11.3999985158443_3.02559930768097,20210515,Male,KO,0.499962829,6,Broad
4/30/2022,114457,1,Red1,27,398,8-4kHz_62-75dB_300ms_12s_NG3,Discrimination,Normal,344,165,5,89,85,0.970588235,0.488505747,1.090116279,284.0985455,6.35,18,29,0.620689655,1.57163187,12,20220430114457_11.3999985158443_3.02559930768097,20210515,Male,KO,0.333243408,4,Broad
4/30/2022,114457,1,Red1,27,398,8-4kHz_62-75dB_300ms_12s_NG3,Discrimination,Normal,344,165,5,89,85,0.970588235,0.488505747,1.090116279,284.0985455,7.127,27,29,0.931034483,0.469425888,12,20220430114457_11.3999985158443_3.02559930768097,20210515,Male,KO,0.166705076,2,Broad
5/3/2022,120008,1,Red1,27,406,8-4kHz_62-75dB_300ms_12s_NG3,Discrimination,Normal,358,164,16,111,67,0.911111111,0.376404494,1.039106145,297.2967317,4,6,29,0.206896552,2.193984671,12,20220503120008_31.0440078377724_2.19477290047555,20210515,Male,KO,1,12,Broad
5/3/2022,120008,1,Red1,27,406,8-4kHz_62-75dB_300ms_12s_NG3,Discrimination,Normal,358,164,16,111,67,0.911111111,0.376404494,1.039106145,297.2967317,4.449,3,30,0.1,2.69781108,12,20220503120008_31.0440078377724_2.19477290047555,20210515,Male,KO,0.846518901,10,Broad
5/3/2022,120008,1,Red1,27,406,8-4kHz_62-75dB_300ms_12s_NG3,Discrimination,Normal,358,164,16,111,67,0.911111111,0.376404494,1.039106145,297.2967317,5.04,6,29,0.206896552,2.193984671,12,20220503120008_31.0440078377724_2.19477290047555,20210515,Male,KO,0.666576266,8,Broad
5/3/2022,120008,1,Red1,27,406,8-4kHz_62-75dB_300ms_12s_NG3,Discrimination,Normal,358,164,16,111,67,0.911111111,0.376404494,1.039106145,297.2967317,5.657,15,30,0.5,1.35660625,12,20220503120008_31.0440078377724_2.19477290047555,20210515,Male,KO,0.499962829,6,Broad
5/3/2022,120008,1,Red1,27,406,8-4kHz_62-75dB_300ms_12s_NG3,Discrimination,Normal,358,164,16,111,67,0.911111111,0.376404494,1.039106145,297.2967317,6.35,9,30,0.3,1.791857381,12,20220503120008_31.0440078377724_2.19477290047555,20210515,Male,KO,0.333243408,4,Broad
5/3/2022,120008,1,Red1,27,406,8-4kHz_62-75dB_300ms_12s_NG3,Discrimination,Normal,358,164,16,111,67,0.911111111,0.376404494,1.039106145,297.2967317,7.127,28,30,0.933333333,-0.068177174,12,20220503120008_31.0440078377724_2.19477290047555,20210515,Male,KO,0.166705076,2,Broad
5/5/2022,114127,1,Red1,27,407,8-5.3kHz_62-75dB_300ms_12s_NG3,Discrimination,Normal,354,159,18,108,69,0.898305085,0.389830508,1.048022599,315.6985409,4,3,30,0.1,2.622613318,12,20220505114127_41.3409948348999_2.12587248564837,20210515,Male,KO,1,12,Zoom
5/5/2022,114127,1,Red1,27,407,8-5.3kHz_62-75dB_300ms_12s_NG3,Discrimination,Normal,354,159,18,108,69,0.898305085,0.389830508,1.048022599,315.6985409,5.339,7,29,0.24137931,1.997911748,12,20220505114127_41.3409948348999_2.12587248564837,20210515,Male,KO,0.583430451,7,Zoom
5/5/2022,114127,1,Red1,27,407,8-5.3kHz_62-75dB_300ms_12s_NG3,Discrimination,Normal,354,159,18,108,69,0.898305085,0.389830508,1.048022599,315.6985409,5.657,10,29,0.344827586,1.686207395,12,20220505114127_41.3409948348999_2.12587248564837,20210515,Male,KO,0.499962829,6,Zoom
5/5/2022,114127,1,Red1,27,407,8-5.3kHz_62-75dB_300ms_12s_NG3,Discrimination,Normal,354,159,18,108,69,0.898305085,0.389830508,1.048022599,315.6985409,5.993,19,30,0.633333333,0.942881352,12,20220505114127_41.3409948348999_2.12587248564837,20210515,Male,KO,0.416721626,5,Zoom
5/5/2022,114127,1,Red1,27,407,8-5.3kHz_62-75dB_300ms_12s_NG3,Discrimination,Normal,354,159,18,108,69,0.898305085,0.389830508,1.048022599,315.6985409,6.35,8,29,0.275862069,1.887222774,12,20220505114127_41.3409948348999_2.12587248564837,20210515,Male,KO,0.333243408,4,Zoom
5/5/2022,114127,1,Red1,27,407,8-5.3kHz_62-75dB_300ms_12s_NG3,Discrimination,Normal,354,159,18,108,69,0.898305085,0.389830508,1.048022599,315.6985409,6.727,22,30,0.733333333,0.666651642,12,20220505114127_41.3409948348999_2.12587248564837,20210515,Male,KO,0.250036742,3,Zoom
5/6/2022,113449,1,Red1,27,408,8-5.3kHz_62-75dB_300ms_12s_NG3,Discrimination,Normal,359,162,17,119,61,0.905027933,0.338888889,1.052924791,327.9375309,4,4,30,0.133333333,2.470099837,12,20220506113449_79.9510046839714_2.62850982705687,20210515,Male,KO,1,12,Zoom
5/6/2022,113449,1,Red1,27,408,8-5.3kHz_62-75dB_300ms_12s_NG3,Discrimination,Normal,359,162,17,119,61,0.905027933,0.338888889,1.052924791,327.9375309,5.339,8,30,0.266666667,1.851251214,12,20220506113449_79.9510046839714_2.62850982705687,20210515,Male,KO,0.583430451,7,Zoom
5/6/2022,113449,1,Red1,27,408,8-5.3kHz_62-75dB_300ms_12s_NG3,Discrimination,Normal,359,162,17,119,61,0.905027933,0.338888889,1.052924791,327.9375309,5.657,8,30,0.266666667,1.851251214,12,20220506113449_79.9510046839714_2.62850982705687,20210515,Male,KO,0.499962829,6,Zoom
5/6/2022,113449,1,Red1,27,408,8-5.3kHz_62-75dB_300ms_12s_NG3,Discrimination,Normal,359,162,17,119,61,0.905027933,0.338888889,1.052924791,327.9375309,5.993,19,30,0.633333333,0.981545827,12,20220506113449_79.9510046839714_2.62850982705687,20210515,Male,KO,0.416721626,5,Zoom
5/6/2022,113449,1,Red1,27,408,8-5.3kHz_62-75dB_300ms_12s_NG3,Discrimination,Normal,359,162,17,119,61,0.905027933,0.338888889,1.052924791,327.9375309,6.35,4,30,0.133333333,2.470099837,12,20220506113449_79.9510046839714_2.62850982705687,20210515,Male,KO,0.333243408,4,Zoom
5/6/2022,113449,1,Red1,27,408,8-5.3kHz_62-75dB_300ms_12s_NG3,Discrimination,Normal,359,162,17,119,61,0.905027933,0.338888889,1.052924791,327.9375309,6.727,18,30,0.6,1.067855271,12,20220506113449_79.9510046839714_2.62850982705687,20210515,Male,KO,0.250036742,3,Zoom
5/7/2022,113922,1,Red1,27,403,8-5.3kHz_62-75dB_300ms_12s_NG3,Discrimination,Normal,263,120,12,61,70,0.909090909,0.534351145,1.201520913,269.41785,4,4,22,0.181818182,2.116071497,12,20220507113922_85.7540007680655_3.71988853525931,20210515,Male,KO,1,12,Zoom
5/7/2022,113922,1,Red1,27,403,8-5.3kHz_62-75dB_300ms_12s_NG3,Discrimination,Normal,263,120,12,61,70,0.909090909,0.534351145,1.201520913,269.41785,5.339,10,22,0.454545455,1.34757668,12,20220507113922_85.7540007680655_3.71988853525931,20210515,Male,KO,0.583430451,7,Zoom
5/7/2022,113922,1,Red1,27,403,8-5.3kHz_62-75dB_300ms_12s_NG3,Discrimination,Normal,263,120,12,61,70,0.909090909,0.534351145,1.201520913,269.41785,5.657,12,22,0.545454545,1.233577331,12,20220507113922_85.7540007680655_3.71988853525931,20210515,Male,KO,0.499962829,6,Zoom
5/7/2022,113922,1,Red1,27,403,8-5.3kHz_62-75dB_300ms_12s_NG3,Discrimination,Normal,263,120,12,61,70,0.909090909,0.534351145,1.201520913,269.41785,5.993,18,22,0.818181818,0.465082515,12,20220507113922_85.7540007680655_3.71988853525931,20210515,Male,KO,0.416721626,5,Zoom
5/7/2022,113922,1,Red1,27,403,8-5.3kHz_62-75dB_300ms_12s_NG3,Discrimination,Normal,263,120,12,61,70,0.909090909,0.534351145,1.201520913,269.41785,6.35,9,21,0.428571429,1.410225119,12,20220507113922_85.7540007680655_3.71988853525931,20210515,Male,KO,0.333243408,4,Zoom
5/7/2022,113922,1,Red1,27,403,8-5.3kHz_62-75dB_300ms_12s_NG3,Discrimination,Normal,263,120,12,61,70,0.909090909,0.534351145,1.201520913,269.41785,6.727,17,22,0.772727273,0.616087255,12,20220507113922_85.7540007680655_3.71988853525931,20210515,Male,KO,0.250036742,3,Zoom
5/5/2022,114128,3,Red3,29,412,16-32kHz_75-66dB_300ms_4s_NG3,Discrimination,Normal,494,236,12,103,143,0.951612903,0.581300813,1.018218623,307.2890297,17.959,39,41,0.951219512,0.084410516,12,20220505114128_74.5679922401905_2.46061965902707,20210515,Male,KO,-0.166635114,2,Broad
5/5/2022,114128,3,Red3,29,412,16-32kHz_75-66dB_300ms_4s_NG3,Discrimination,Normal,494,236,12,103,143,0.951612903,0.581300813,1.018218623,307.2890297,20.159,39,41,0.951219512,0.084410516,12,20220505114128_74.5679922401905_2.46061965902707,20210515,Male,KO,-0.33335217,4,Broad
5/5/2022,114128,3,Red3,29,412,16-32kHz_75-66dB_300ms_4s_NG3,Discrimination,Normal,494,236,12,103,143,0.951612903,0.581300813,1.018218623,307.2890297,22.627,26,41,0.634146341,1.320436362,12,20220505114128_74.5679922401905_2.46061965902707,20210515,Male,KO,-0.499973413,6,Broad
5/5/2022,114128,3,Red3,29,412,16-32kHz_75-66dB_300ms_4s_NG3,Discrimination,Normal,494,236,12,103,143,0.951612903,0.581300813,1.018218623,307.2890297,25.398,26,41,0.634146341,1.320436362,12,20220505114128_74.5679922401905_2.46061965902707,20210515,Male,KO,-0.666642989,8,Broad
5/5/2022,114128,3,Red3,29,412,16-32kHz_75-66dB_300ms_4s_NG3,Discrimination,Normal,494,236,12,103,143,0.951612903,0.581300813,1.018218623,307.2890297,28.509,10,41,0.243902439,2.364281571,12,20220505114128_74.5679922401905_2.46061965902707,20210515,Male,KO,-0.83334553,10,Broad
5/5/2022,114128,3,Red3,29,412,16-32kHz_75-66dB_300ms_4s_NG3,Discrimination,Normal,494,236,12,103,143,0.951612903,0.581300813,1.018218623,307.2890297,32,3,41,0.073170732,3.177681059,12,20220505114128_74.5679922401905_2.46061965902707,20210515,Male,KO,-1,12,Broad
5/6/2022,113449,3,Red3,29,418,16-32kHz_75-66dB_300ms_4s_NG3,Discrimination,Normal,478,230,10,122,116,0.958333333,0.487394958,1.062761506,312.269987,17.959,38,39,0.974358974,-0.070050656,12,20220506113449_54.9830049276352_1.66446898785795,20210515,Male,KO,-0.166635114,2,Broad
5/6/2022,113449,3,Red3,29,418,16-32kHz_75-66dB_300ms_4s_NG3,Discrimination,Normal,478,230,10,122,116,0.958333333,0.487394958,1.062761506,312.269987,20.159,35,40,0.875,0.607154015,12,20220506113449_54.9830049276352_1.66446898785795,20210515,Male,KO,-0.33335217,4,Broad
5/6/2022,113449,3,Red3,29,418,16-32kHz_75-66dB_300ms_4s_NG3,Discrimination,Normal,478,230,10,122,116,0.958333333,0.487394958,1.062761506,312.269987,22.627,21,40,0.525,1.667436401,12,20220506113449_54.9830049276352_1.66446898785795,20210515,Male,KO,-0.499973413,6,Broad
5/6/2022,113449,3,Red3,29,418,16-32kHz_75-66dB_300ms_4s_NG3,Discrimination,Normal,478,230,10,122,116,0.958333333,0.487394958,1.062761506,312.269987,25.398,10,40,0.25,2.413141823,12,20220506113449_54.9830049276352_1.66446898785795,20210515,Male,KO,-0.666642989,8,Broad
5/6/2022,113449,3,Red3,29,418,16-32kHz_75-66dB_300ms_4s_NG3,Discrimination,Normal,478,230,10,122,116,0.958333333,0.487394958,1.062761506,312.269987,28.509,8,39,0.205128205,2.477914066,12,20220506113449_54.9830049276352_1.66446898785795,20210515,Male,KO,-0.83334553,10,Broad
5/6/2022,113449,3,Red3,29,418,16-32kHz_75-66dB_300ms_4s_NG3,Discrimination,Normal,478,230,10,122,116,0.958333333,0.487394958,1.062761506,312.269987,32,4,40,0.1,2.912114005,12,20220506113449_54.9830049276352_1.66446898785795,20210515,Male,KO,-1,12,Broad
5/11/2022,112806,3,Red3,29,422,16-32kHz_75-66dB_300ms_4s_NG3,Discrimination,Normal,450,218,7,126,99,0.968888889,0.44,1.057777778,282.0337202,17.959,35,37,0.945945946,0.329648369,12,20220511112806_122.603006288409_3.09143807933589,20210515,Male,KO,-0.166635114,2,Broad
5/11/2022,112806,3,Red3,29,422,16-32kHz_75-66dB_300ms_4s_NG3,Discrimination,Normal,450,218,7,126,99,0.968888889,0.44,1.057777778,282.0337202,20.159,27,37,0.72972973,1.252165753,12,20220511112806_122.603006288409_3.09143807933589,20210515,Male,KO,-0.33335217,4,Broad
5/11/2022,112806,3,Red3,29,422,16-32kHz_75-66dB_300ms_4s_NG3,Discrimination,Normal,450,218,7,126,99,0.968888889,0.44,1.057777778,282.0337202,22.627,16,38,0.421052632,2.056767132,12,20220511112806_122.603006288409_3.09143807933589,20210515,Male,KO,-0.499973413,6,Broad
5/11/2022,112806,3,Red3,29,422,16-32kHz_75-66dB_300ms_4s_NG3,Discrimination,Normal,450,218,7,126,99,0.968888889,0.44,1.057777778,282.0337202,25.398,13,37,0.351351351,2.242174566,12,20220511112806_122.603006288409_3.09143807933589,20210515,Male,KO,-0.666642989,8,Broad
5/11/2022,112806,3,Red3,29,422,16-32kHz_75-66dB_300ms_4s_NG3,Discrimination,Normal,450,218,7,126,99,0.968888889,0.44,1.057777778,282.0337202,28.509,6,38,0.157894737,2.773817033,12,20220511112806_122.603006288409_3.09143807933589,20210515,Male,KO,-0.83334553,10,Broad
5/11/2022,112806,3,Red3,29,422,16-32kHz_75-66dB_300ms_4s_NG3,Discrimination,Normal,450,218,7,126,99,0.968888889,0.44,1.057777778,282.0337202,32,2,38,0.052631579,3.580629885,12,20220511112806_122.603006288409_3.09143807933589,20210515,Male,KO,-1,12,Broad
5/13/2022,112953,3,Red3,29,427,16-24kHz_75-66dB_300ms_4s_NG3,Discrimination,Normal,425,201,11,111,102,0.948113208,0.478873239,1.054117647,316.7030697,19.027,31,36,0.861111111,0.568626425,12,20220513112953_178.469993546605_3.96396666004037,20210515,Male,KO,-0.249976204,3,Zoom
5/13/2022,112953,3,Red3,29,427,16-24kHz_75-66dB_300ms_4s_NG3,Discrimination,Normal,425,201,11,111,102,0.948113208,0.478873239,1.054117647,316.7030697,20.159,24,36,0.666666667,1.200388004,12,20220513112953_178.469993546605_3.96396666004037,20210515,Male,KO,-0.33335217,4,Zoom
5/13/2022,112953,3,Red3,29,427,16-24kHz_75-66dB_300ms_4s_NG3,Discrimination,Normal,425,201,11,111,102,0.948113208,0.478873239,1.054117647,316.7030697,21.357,21,35,0.6,1.376684694,12,20220513112953_178.469993546605_3.96396666004037,20210515,Male,KO,-0.416637102,5,Zoom
5/13/2022,112953,3,Red3,29,427,16-24kHz_75-66dB_300ms_4s_NG3,Discrimination,Normal,425,201,11,111,102,0.948113208,0.478873239,1.054117647,316.7030697,22.627,12,36,0.333333333,2.062471702,12,20220513112953_178.469993546605_3.96396666004037,20210515,Male,KO,-0.499973413,6,Zoom
5/13/2022,112953,3,Red3,29,427,16-24kHz_75-66dB_300ms_4s_NG3,Discrimination,Normal,425,201,11,111,102,0.948113208,0.478873239,1.054117647,316.7030697,23.973,13,35,0.371428571,1.959325175,12,20220513112953_178.469993546605_3.96396666004037,20210515,Male,KO,-0.583338555,7,Zoom
5/13/2022,112953,3,Red3,29,427,16-24kHz_75-66dB_300ms_4s_NG3,Discrimination,Normal,425,201,11,111,102,0.948113208,0.478873239,1.054117647,316.7030697,32,1,35,0.028571429,3.311670361,12,20220513112953_178.469993546605_3.96396666004037,20210515,Male,KO,-1,12,Zoom
5/14/2022,113033,3,Red3,29,425,16-24kHz_75-66dB_300ms_4s_NG3,Discrimination,Normal,438,202,17,113,106,0.922374429,0.484018265,1.03652968,323.1314802,19.027,30,36,0.833333333,0.479976265,12,20220514113033_119.342000037432_3.67690426469268,20210515,Male,KO,-0.249976204,3,Zoom
5/14/2022,113033,3,Red3,29,425,16-24kHz_75-66dB_300ms_4s_NG3,Discrimination,Normal,438,202,17,113,106,0.922374429,0.484018265,1.03652968,323.1314802,20.159,21,36,0.583333333,1.218266251,12,20220514113033_119.342000037432_3.67690426469268,20210515,Male,KO,-0.33335217,4,Zoom
5/14/2022,113033,3,Red3,29,425,16-24kHz_75-66dB_300ms_4s_NG3,Discrimination,Normal,438,202,17,113,106,0.922374429,0.484018265,1.03652968,323.1314802,21.357,21,37,0.567567568,1.257315511,12,20220514113033_119.342000037432_3.67690426469268,20210515,Male,KO,-0.416637102,5,Zoom
5/14/2022,113033,3,Red3,29,425,16-24kHz_75-66dB_300ms_4s_NG3,Discrimination,Normal,438,202,17,113,106,0.922374429,0.484018265,1.03652968,323.1314802,22.627,19,37,0.513513514,1.393226192,12,20220514113033_119.342000037432_3.67690426469268,20210515,Male,KO,-0.499973413,6,Zoom
5/14/2022,113033,3,Red3,29,425,16-24kHz_75-66dB_300ms_4s_NG3,Discrimination,Normal,438,202,17,113,106,0.922374429,0.484018265,1.03652968,323.1314802,23.973,12,36,0.333333333,1.786057005,12,20220514113033_119.342000037432_3.67690426469268,20210515,Male,KO,-0.583338555,7,Zoom
5/14/2022,113033,3,Red3,29,425,16-24kHz_75-66dB_300ms_4s_NG3,Discrimination,Normal,438,202,17,113,106,0.922374429,0.484018265,1.03652968,323.1314802,32,3,37,0.081081081,2.706207671,12,20220514113033_119.342000037432_3.67690426469268,20210515,Male,KO,-1,12,Zoom
5/18/2022,115307,3,Red3,29,433,16-24kHz_75-66dB_300ms_4s_NG3,Discrimination,Normal,442,216,5,110,111,0.977375566,0.502262443,1.101809955,282.9570741,19.027,33,36,0.916666667,0.654560503,12,20220518115307_97.7819982916117_1.0145060655021,20210515,Male,KO,-0.249976204,3,Zoom
5/18/2022,115307,3,Red3,29,433,16-24kHz_75-66dB_300ms_4s_NG3,Discrimination,Normal,442,216,5,110,111,0.977375566,0.502262443,1.101809955,282.9570741,20.159,28,37,0.756756757,1.29872682,12,20220518115307_97.7819982916117_1.0145060655021,20210515,Male,KO,-0.33335217,4,Zoom
5/18/2022,115307,3,Red3,29,433,16-24kHz_75-66dB_300ms_4s_NG3,Discrimination,Normal,442,216,5,110,111,0.977375566,0.502262443,1.101809955,282.9570741,21.357,25,37,0.675675676,1.533732144,12,20220518115307_97.7819982916117_1.0145060655021,20210515,Male,KO,-0.416637102,5,Zoom
5/18/2022,115307,3,Red3,29,433,16-24kHz_75-66dB_300ms_4s_NG3,Discrimination,Normal,442,216,5,110,111,0.977375566,0.502262443,1.101809955,282.9570741,22.627,11,37,0.297297297,2.523740957,12,20220518115307_97.7819982916117_1.0145060655021,20210515,Male,KO,-0.499973413,6,Zoom
5/18/2022,115307,3,Red3,29,433,16-24kHz_75-66dB_300ms_4s_NG3,Discrimination,Normal,442,216,5,110,111,0.977375566,0.502262443,1.101809955,282.9570741,23.973,11,37,0.297297297,2.523740957,12,20220518115307_97.7819982916117_1.0145060655021,20210515,Male,KO,-0.583338555,7,Zoom
5/18/2022,115307,3,Red3,29,433,16-24kHz_75-66dB_300ms_4s_NG3,Discrimination,Normal,442,216,5,110,111,0.977375566,0.502262443,1.101809955,282.9570741,32,3,37,0.081081081,3.26508491,12,20220518115307_97.7819982916117_1.0145060655021,20210515,Male,KO,-1,12,Zoom
5/19/2022,112749,3,Red3,29,435,16-24kHz_75-66dB_300ms_4s_NG3,Discrimination,Normal,458,219,11,157,71,0.952173913,0.311403509,1.085152838,280.2324886,19.027,23,38,0.605263158,1.332837946,12,20220519112749_106.477998197079_3.80157864576103,20210515,Male,KO,-0.249976204,3,Zoom
5/19/2022,112749,3,Red3,29,435,16-24kHz_75-66dB_300ms_4s_NG3,Discrimination,Normal,458,219,11,157,71,0.952173913,0.311403509,1.085152838,280.2324886,20.159,22,38,0.578947368,1.401210613,12,20220519112749_106.477998197079_3.80157864576103,20210515,Male,KO,-0.33335217,4,Zoom
5/19/2022,112749,3,Red3,29,435,16-24kHz_75-66dB_300ms_4s_NG3,Discrimination,Normal,458,219,11,157,71,0.952173913,0.311403509,1.085152838,280.2324886,21.357,12,38,0.315789474,2.151021195,12,20220519112749_106.477998197079_3.80157864576103,20210515,Male,KO,-0.416637102,5,Zoom
5/19/2022,112749,3,Red3,29,435,16-24kHz_75-66dB_300ms_4s_NG3,Discrimination,Normal,458,219,11,157,71,0.952173913,0.311403509,1.085152838,280.2324886,22.627,4,38,0.105263158,2.817091311,12,20220519112749_106.477998197079_3.80157864576103,20210515,Male,KO,-0.499973413,6,Zoom
5/19/2022,112749,3,Red3,29,435,16-24kHz_75-66dB_300ms_4s_NG3,Discrimination,Normal,458,219,11,157,71,0.952173913,0.311403509,1.085152838,280.2324886,23.973,7,38,0.184210526,2.584188223,12,20220519112749_106.477998197079_3.80157864576103,20210515,Male,KO,-0.583338555,7,Zoom
5/19/2022,112749,3,Red3,29,435,16-24kHz_75-66dB_300ms_4s_NG3,Discrimination,Normal,458,219,11,157,71,0.952173913,0.311403509,1.085152838,280.2324886,32,3,38,0.078947368,2.962076339,12,20220519112749_106.477998197079_3.80157864576103,20210515,Male,KO,-1,12,Zoom
5/11/2022,112807,4,Red4,30,475,8-16kHz_62-58dB_300ms_8s_NG3,Discrimination,Normal,378,189,1,64,124,0.994736842,0.659574468,1.100529101,298.739037,8.98,30,31,0.967741935,0.743314947,12,20220511112807_118.858005478978_2.5714781022118,20210515,Male,WT,-0.166715445,2,Broad
5/11/2022,112807,4,Red4,30,475,8-16kHz_62-58dB_300ms_8s_NG3,Discrimination,Normal,378,189,1,64,124,0.994736842,0.659574468,1.100529101,298.739037,10.079,31,32,0.96875,0.728072835,12,20220511112807_118.858005478978_2.5714781022118,20210515,Male,WT,-0.333280602,4,Broad
5/11/2022,112807,4,Red4,30,475,8-16kHz_62-58dB_300ms_8s_NG3,Discrimination,Normal,378,189,1,64,124,0.994736842,0.659574468,1.100529101,298.739037,11.314,25,32,0.78125,1.679498174,12,20220511112807_118.858005478978_2.5714781022118,20210515,Male,WT,-0.500037171,6,Broad
5/11/2022,112807,4,Red4,30,475,8-16kHz_62-58dB_300ms_8s_NG3,Discrimination,Normal,378,189,1,64,124,0.994736842,0.659574468,1.100529101,298.739037,12.699,20,31,0.64516129,2.074721211,12,20220511112807_118.858005478978_2.5714781022118,20210515,Male,WT,-0.666642989,8,Broad
5/11/2022,112807,4,Red4,30,475,8-16kHz_62-58dB_300ms_8s_NG3,Discrimination,Normal,378,189,1,64,124,0.994736842,0.659574468,1.100529101,298.739037,14.254,13,31,0.419354839,2.566441931,12,20220511112807_118.858005478978_2.5714781022118,20210515,Male,WT,-0.833294924,10,Broad
5/11/2022,112807,4,Red4,30,475,8-16kHz_62-58dB_300ms_8s_NG3,Discrimination,Normal,378,189,1,64,124,0.994736842,0.659574468,1.100529101,298.739037,16,5,31,0.161290323,3.461426786,12,20220511112807_118.858005478978_2.5714781022118,20210515,Male,WT,-1,12,Broad
5/12/2022,113322,4,Red4,30,471,8-16kHz_63-58dB_300ms_8s_NG3,Discrimination,Normal,334,164,3,58,109,0.982035928,0.652694611,1.125748503,278.1619695,8.98,25,28,0.892857143,0.871326216,12,20220512113322_140.187994390726_3.43052469064202,20210515,Male,WT,-0.166715445,2,Broad
5/12/2022,113322,4,Red4,30,471,8-16kHz_63-58dB_300ms_8s_NG3,Discrimination,Normal,334,164,3,58,109,0.982035928,0.652694611,1.125748503,278.1619695,10.079,24,28,0.857142857,1.030149122,12,20220512113322_140.187994390726_3.43052469064202,20210515,Male,WT,-0.333280602,4,Broad
5/12/2022,113322,4,Red4,30,471,8-16kHz_63-58dB_300ms_8s_NG3,Discrimination,Normal,334,164,3,58,109,0.982035928,0.652694611,1.125748503,278.1619695,11.314,19,28,0.678571429,1.507519496,12,20220512113322_140.187994390726_3.43052469064202,20210515,Male,WT,-0.500037171,6,Broad
5/12/2022,113322,4,Red4,30,471,8-16kHz_63-58dB_300ms_8s_NG3,Discrimination,Normal,334,164,3,58,109,0.982035928,0.652694611,1.125748503,278.1619695,12.699,19,28,0.678571429,1.607262267,12,20220512113322_140.187994390726_3.43052469064202,20210515,Male,WT,-0.666642989,8,Broad
5/12/2022,113322,4,Red4,30,471,8-16kHz_63-58dB_300ms_8s_NG3,Discrimination,Normal,334,164,3,58,109,0.982035928,0.652694611,1.125748503,278.1619695,14.254,12,27,0.444444444,2.114647445,12,20220512113322_140.187994390726_3.43052469064202,20210515,Male,WT,-0.833294924,10,Broad
5/12/2022,113322,4,Red4,30,471,8-16kHz_63-58dB_300ms_8s_NG3,Discrimination,Normal,334,164,3,58,109,0.982035928,0.652694611,1.125748503,278.1619695,16,10,28,0.357142857,2.436088926,12,20220512113322_140.187994390726_3.43052469064202,20210515,Male,WT,-1,12,Broad
5/14/2022,113033,4,Red4,30,478,8-16kHz_63-58dB_300ms_8s_NG3,Discrimination,Normal,410,204,1,109,96,0.995121951,0.468292683,1.104878049,296.2959608,8.98,26,34,0.764705882,1.757889308,12,20220514113033_120.793993771076_2.22366549963239,20210515,Male,WT,-0.166715445,2,Broad
5/14/2022,113033,4,Red4,30,478,8-16kHz_63-58dB_300ms_8s_NG3,Discrimination,Normal,410,204,1,109,96,0.995121951,0.468292683,1.104878049,296.2959608,10.079,24,34,0.705882353,1.933191217,12,20220514113033_120.793993771076_2.22366549963239,20210515,Male,WT,-0.333280602,4,Broad
5/14/2022,113033,4,Red4,30,478,8-16kHz_63-58dB_300ms_8s_NG3,Discrimination,Normal,410,204,1,109,96,0.995121951,0.468292683,1.104878049,296.2959608,11.314,11,34,0.323529412,2.931566901,12,20220514113033_120.793993771076_2.22366549963239,20210515,Male,WT,-0.500037171,6,Broad
5/14/2022,113033,4,Red4,30,478,8-16kHz_63-58dB_300ms_8s_NG3,Discrimination,Normal,410,204,1,109,96,0.995121951,0.468292683,1.104878049,296.2959608,12.699,17,35,0.485714286,2.504058342,12,20220514113033_120.793993771076_2.22366549963239,20210515,Male,WT,-0.666642989,8,Broad
5/14/2022,113033,4,Red4,30,478,8-16kHz_63-58dB_300ms_8s_NG3,Discrimination,Normal,410,204,1,109,96,0.995121951,0.468292683,1.104878049,296.2959608,14.254,11,34,0.323529412,2.931566901,12,20220514113033_120.793993771076_2.22366549963239,20210515,Male,WT,-0.833294924,10,Broad
5/14/2022,113033,4,Red4,30,478,8-16kHz_63-58dB_300ms_8s_NG3,Discrimination,Normal,410,204,1,109,96,0.995121951,0.468292683,1.104878049,296.2959608,16,7,34,0.205882353,3.20258714,12,20220514113033_120.793993771076_2.22366549963239,20210515,Male,WT,-1,12,Broad
5/18/2022,115307,4,Red4,30,470,8-11.3kHz_63-58dB_300ms_8s_NG3,Discrimination,Normal,170,81,4,25,60,0.952941176,0.705882353,1.394117647,258.0934938,8.98,10,14,0.714285714,1.123348081,12,20220518115307_65.9409921616316_3.90085128390078,20210515,Male,WT,-0.166715445,2,Zoom
5/18/2022,115307,4,Red4,30,470,8-11.3kHz_63-58dB_300ms_8s_NG3,Discrimination,Normal,170,81,4,25,60,0.952941176,0.705882353,1.394117647,258.0934938,9.514,10,14,0.714285714,1.123348081,12,20220518115307_65.9409921616316_3.90085128390078,20210515,Male,WT,-0.250052025,3,Zoom
5/18/2022,115307,4,Red4,30,470,8-11.3kHz_63-58dB_300ms_8s_NG3,Discrimination,Normal,170,81,4,25,60,0.952941176,0.705882353,1.394117647,258.0934938,10.079,13,14,0.928571429,0.34518904,12,20220518115307_65.9409921616316_3.90085128390078,20210515,Male,WT,-0.333280602,4,Zoom
5/18/2022,115307,4,Red4,30,470,8-11.3kHz_63-58dB_300ms_8s_NG3,Discrimination,Normal,170,81,4,25,60,0.952941176,0.705882353,1.394117647,258.0934938,10.679,12,14,0.857142857,0.666232856,12,20220518115307_65.9409921616316_3.90085128390078,20210515,Male,WT,-0.416704652,5,Zoom
5/18/2022,115307,4,Red4,30,470,8-11.3kHz_63-58dB_300ms_8s_NG3,Discrimination,Normal,170,81,4,25,60,0.952941176,0.705882353,1.394117647,258.0934938,11.341,9,14,0.642857143,1.315175827,12,20220518115307_65.9409921616316_3.90085128390078,20210515,Male,WT,-0.503475951,6,Zoom
5/18/2022,115307,4,Red4,30,470,8-11.3kHz_63-58dB_300ms_8s_NG3,Discrimination,Normal,170,81,4,25,60,0.952941176,0.705882353,1.394117647,258.0934938,16,6,15,0.4,1.927750659,12,20220518115307_65.9409921616316_3.90085128390078,20210515,Male,WT,-1,12,Zoom
5/20/2022,113254,4,Red4,30,479,8-12kHz_63-58dB_300ms_8s_NG3,Discrimination,Normal,435,213,5,97,120,0.97706422,0.552995392,1.11954023,297.1095023,9.514,29,36,0.805555556,1.133878336,12,20220520113254_131.588000804186_3.25836342388808,20210515,Male,WT,-0.250052025,3,Zoom
5/20/2022,113254,4,Red4,30,479,8-12kHz_63-58dB_300ms_8s_NG3,Discrimination,Normal,435,213,5,97,120,0.97706422,0.552995392,1.11954023,297.1095023,10.079,29,36,0.805555556,1.133878336,12,20220520113254_131.588000804186_3.25836342388808,20210515,Male,WT,-0.333280602,4,Zoom
5/20/2022,113254,4,Red4,30,479,8-12kHz_63-58dB_300ms_8s_NG3,Discrimination,Normal,435,213,5,97,120,0.97706422,0.552995392,1.11954023,297.1095023,10.679,20,37,0.540540541,1.878297522,12,20220520113254_131.588000804186_3.25836342388808,20210515,Male,WT,-0.416704652,5,Zoom
5/20/2022,113254,4,Red4,30,479,8-12kHz_63-58dB_300ms_8s_NG3,Discrimination,Normal,435,213,5,97,120,0.97706422,0.552995392,1.11954023,297.1095023,11.341,17,36,0.472222222,2.050729593,12,20220520113254_131.588000804186_3.25836342388808,20210515,Male,WT,-0.503475951,6,Zoom
5/20/2022,113254,4,Red4,30,479,8-12kHz_63-58dB_300ms_8s_NG3,Discrimination,Normal,435,213,5,97,120,0.97706422,0.552995392,1.11954023,297.1095023,11.986,17,36,0.472222222,1.980917455,12,20220520113254_131.588000804186_3.25836342388808,20210515,Male,WT,-0.583278374,7,Zoom
5/20/2022,113254,4,Red4,30,479,8-12kHz_63-58dB_300ms_8s_NG3,Discrimination,Normal,435,213,5,97,120,0.97706422,0.552995392,1.11954023,297.1095023,16,8,36,0.222222222,2.758313939,12,20220520113254_131.588000804186_3.25836342388808,20210515,Male,WT,-1,12,Zoom
5/21/2022,112846,4,Red4,30,481,8-12kHz_63-58dB_300ms_8s_NG3,Discrimination,Normal,389,191,3,92,103,0.984536082,0.528205128,1.11311054,272.2595707,9.514,24,33,0.727272727,1.659873893,12,20220521112846_101.166993007064_3.79702750842585,20210515,Male,WT,-0.250052025,3,Zoom
5/21/2022,112846,4,Red4,30,481,8-12kHz_63-58dB_300ms_8s_NG3,Discrimination,Normal,389,191,3,92,103,0.984536082,0.528205128,1.11311054,272.2595707,10.079,21,33,0.636363636,1.910800362,12,20220521112846_101.166993007064_3.79702750842585,20210515,Male,WT,-0.333280602,4,Zoom
5/21/2022,112846,4,Red4,30,481,8-12kHz_63-58dB_300ms_8s_NG3,Discrimination,Normal,389,191,3,92,103,0.984536082,0.528205128,1.11311054,272.2595707,10.679,24,33,0.727272727,1.659873893,12,20220521112846_101.166993007064_3.79702750842585,20210515,Male,WT,-0.416704652,5,Zoom
5/21/2022,112846,4,Red4,30,481,8-12kHz_63-58dB_300ms_8s_NG3,Discrimination,Normal,389,191,3,92,103,0.984536082,0.528205128,1.11311054,272.2595707,11.341,12,32,0.375,2.497156607,12,20220521112846_101.166993007064_3.79702750842585,20210515,Male,WT,-0.503475951,6,Zoom
5/21/2022,112846,4,Red4,30,481,8-12kHz_63-58dB_300ms_8s_NG3,Discrimination,Normal,389,191,3,92,103,0.984536082,0.528205128,1.11311054,272.2595707,11.986,13,32,0.40625,2.497156607,12,20220521112846_101.166993007064_3.79702750842585,20210515,Male,WT,-0.583278374,7,Zoom
5/21/2022,112846,4,Red4,30,481,8-12kHz_63-58dB_300ms_8s_NG3,Discrimination,Normal,389,191,3,92,103,0.984536082,0.528205128,1.11311054,272.2595707,16,9,32,0.28125,2.752875874,12,20220521112846_101.166993007064_3.79702750842585,20210515,Male,WT,-1,12,Zoom
5/26/2022,113836,4,Red4,30,477,8-11.3kHz_63-58dB_300ms_8s_NG3,Discrimination,Normal,342,168,3,55,116,0.98245614,0.678362573,1.119883041,260.579625,8.98,26,28,0.928571429,0.686685034,12,20220526113836_167.732996866107_2.52949009201593,20210515,Male,WT,-0.166715445,2,Zoom
5/26/2022,113836,4,Red4,30,477,8-11.3kHz_63-58dB_300ms_8s_NG3,Discrimination,Normal,342,168,3,55,116,0.98245614,0.678362573,1.119883041,260.579625,9.514,19,28,0.678571429,1.617438339,12,20220526113836_167.732996866107_2.52949009201593,20210515,Male,WT,-0.250052025,3,Zoom
5/26/2022,113836,4,Red4,30,477,8-11.3kHz_63-58dB_300ms_8s_NG3,Discrimination,Normal,342,168,3,55,116,0.98245614,0.678362573,1.119883041,260.579625,10.079,21,29,0.724137931,1.487510753,12,20220526113836_167.732996866107_2.52949009201593,20210515,Male,WT,-0.333280602,4,Zoom
5/26/2022,113836,4,Red4,30,477,8-11.3kHz_63-58dB_300ms_8s_NG3,Discrimination,Normal,342,168,3,55,116,0.98245614,0.678362573,1.119883041,260.579625,10.679,23,28,0.821428571,1.040325193,12,20220526113836_167.732996866107_2.52949009201593,20210515,Male,WT,-0.416704652,5,Zoom
5/26/2022,113836,4,Red4,30,477,8-11.3kHz_63-58dB_300ms_8s_NG3,Discrimination,Normal,342,168,3,55,116,0.98245614,0.678362573,1.119883041,260.579625,11.341,20,29,0.689655172,1.585263464,12,20220526113836_167.732996866107_2.52949009201593,20210515,Male,WT,-0.503475951,6,Zoom
5/26/2022,113836,4,Red4,30,477,8-11.3kHz_63-58dB_300ms_8s_NG3,Discrimination,Normal,342,168,3,55,116,0.98245614,0.678362573,1.119883041,260.579625,16,7,29,0.24137931,2.679455251,12,20220526113836_167.732996866107_2.52949009201593,20210515,Male,WT,-1,12,Zoom
5/27/2022,111421,4,Red4,30,483,8-11.3kHz_63-58dB_300ms_8s_NG3,Discrimination,Normal,377,183,5,65,124,0.973404255,0.656084656,1.114058355,309.026033,8.98,30,31,0.967741935,0.219293499,12,20220527111421_116.448000445962_1.16551380267123,20210515,Male,WT,-0.166715445,2,Zoom
5/27/2022,111421,4,Red4,30,483,8-11.3kHz_63-58dB_300ms_8s_NG3,Discrimination,Normal,377,183,5,65,124,0.973404255,0.656084656,1.114058355,309.026033,9.514,27,32,0.84375,0.933209353,12,20220527111421_116.448000445962_1.16551380267123,20210515,Male,WT,-0.250052025,3,Zoom
5/27/2022,111421,4,Red4,30,483,8-11.3kHz_63-58dB_300ms_8s_NG3,Discrimination,Normal,377,183,5,65,124,0.973404255,0.656084656,1.114058355,309.026033,10.079,22,31,0.709677419,1.374057455,12,20220527111421_116.448000445962_1.16551380267123,20210515,Male,WT,-0.333280602,4,Zoom
5/27/2022,111421,4,Red4,30,483,8-11.3kHz_63-58dB_300ms_8s_NG3,Discrimination,Normal,377,183,5,65,124,0.973404255,0.656084656,1.114058355,309.026033,10.679,20,32,0.625,1.60230067,12,20220527111421_116.448000445962_1.16551380267123,20210515,Male,WT,-0.416704652,5,Zoom
5/27/2022,111421,4,Red4,30,483,8-11.3kHz_63-58dB_300ms_8s_NG3,Discrimination,Normal,377,183,5,65,124,0.973404255,0.656084656,1.114058355,309.026033,11.341,17,32,0.53125,1.840815024,12,20220527111421_116.448000445962_1.16551380267123,20210515,Male,WT,-0.503475951,6,Zoom
5/27/2022,111421,4,Red4,30,483,8-11.3kHz_63-58dB_300ms_8s_NG3,Discrimination,Normal,377,183,5,65,124,0.973404255,0.656084656,1.114058355,309.026033,16,8,31,0.258064516,2.580081322,12,20220527111421_116.448000445962_1.16551380267123,20210515,Male,WT,-1,12,Zoom
5/28/2022,111925,4,Red4,30,478,8-11.3kHz_63-58dB_300ms_8s_NG3,Discrimination,Normal,380,189,2,55,134,0.989528796,0.708994709,1.102631579,285.4708466,8.98,30,32,0.9375,0.795433912,12,20220528111925_123.566006496549_2.53455797552758,20210515,Male,WT,-0.166715445,2,Zoom
5/28/2022,111925,4,Red4,30,478,8-11.3kHz_63-58dB_300ms_8s_NG3,Discrimination,Normal,380,189,2,55,134,0.989528796,0.708994709,1.102631579,285.4708466,9.514,27,31,0.870967742,1.155816822,12,20220528111925_123.566006496549_2.53455797552758,20210515,Male,WT,-0.250052025,3,Zoom
5/28/2022,111925,4,Red4,30,478,8-11.3kHz_63-58dB_300ms_8s_NG3,Discrimination,Normal,380,189,2,55,134,0.989528796,0.708994709,1.102631579,285.4708466,10.079,28,31,0.903225806,1.001998919,12,20220528111925_123.566006496549_2.53455797552758,20210515,Male,WT,-0.333280602,4,Zoom
5/28/2022,111925,4,Red4,30,478,8-11.3kHz_63-58dB_300ms_8s_NG3,Discrimination,Normal,380,189,2,55,134,0.989528796,0.708994709,1.102631579,285.4708466,10.679,21,31,0.677419355,1.79724383,12,20220528111925_123.566006496549_2.53455797552758,20210515,Male,WT,-0.416704652,5,Zoom
5/28/2022,111925,4,Red4,30,478,8-11.3kHz_63-58dB_300ms_8s_NG3,Discrimination,Normal,380,189,2,55,134,0.989528796,0.708994709,1.102631579,285.4708466,11.341,20,32,0.625,1.93554061,12,20220528111925_123.566006496549_2.53455797552758,20210515,Male,WT,-0.503475951,6,Zoom
5/28/2022,111925,4,Red4,30,478,8-11.3kHz_63-58dB_300ms_8s_NG3,Discrimination,Normal,380,189,2,55,134,0.989528796,0.708994709,1.102631579,285.4708466,16,8,32,0.25,2.839330063,12,20220528111925_123.566006496549_2.53455797552758,20210515,Male,WT,-1,12,Zoom
6/21/2022,111415,5,Red5,31,441,16-8kHz_60dB_300ms_16s_NG3,Discrimination,Normal,289,145,0,75,69,1,0.479166667,1.093425606,217.1317517,8,4,24,0.166666667,3.744581979,12,20220621111415_182.44199976325_3.10531960165463,20210515,Male,WT,1,12,Broad
6/21/2022,111415,5,Red5,31,441,16-8kHz_60dB_300ms_16s_NG3,Discrimination,Normal,289,145,0,75,69,1,0.479166667,1.093425606,217.1317517,8.98,2,24,0.083333333,3.948271088,12,20220621111415_182.44199976325_3.10531960165463,20210515,Male,WT,0.833284555,10,Broad
6/21/2022,111415,5,Red5,31,441,16-8kHz_60dB_300ms_16s_NG3,Discrimination,Normal,289,145,0,75,69,1,0.479166667,1.093425606,217.1317517,10.079,12,24,0.5,2.742354708,12,20220621111415_182.44199976325_3.10531960165463,20210515,Male,WT,0.666719398,8,Broad
6/21/2022,111415,5,Red5,31,441,16-8kHz_60dB_300ms_16s_NG3,Discrimination,Normal,289,145,0,75,69,1,0.479166667,1.093425606,217.1317517,11.314,13,24,0.541666667,2.637864347,12,20220621111415_182.44199976325_3.10531960165463,20210515,Male,WT,0.499962829,6,Broad
6/21/2022,111415,5,Red5,31,441,16-8kHz_60dB_300ms_16s_NG3,Discrimination,Normal,289,145,0,75,69,1,0.479166667,1.093425606,217.1317517,12.699,14,24,0.583333333,2.532798843,12,20220621111415_182.44199976325_3.10531960165463,20210515,Male,WT,0.333357011,4,Broad
6/21/2022,111415,5,Red5,31,441,16-8kHz_60dB_300ms_16s_NG3,Discrimination,Normal,289,145,0,75,69,1,0.479166667,1.093425606,217.1317517,14.254,24,24,1,0.653275395,12,20220621111415_182.44199976325_3.10531960165463,20210515,Male,WT,0.166705076,2,Broad
6/22/2022,113557,5,Red5,31,440,16-8kHz_60dB_300ms_16s_NG3,Discrimination,Normal,303,152,0,70,81,1,0.536423841,1.092409241,220.3294145,8,1,25,0.04,4.261124063,12,20220622113557_73.0250012129545_2.59126196484967,20210515,Male,WT,1,12,Broad
6/22/2022,113557,5,Red5,31,440,16-8kHz_60dB_300ms_16s_NG3,Discrimination,Normal,303,152,0,70,81,1,0.536423841,1.092409241,220.3294145,8.98,9,25,0.36,3.011831257,12,20220622113557_73.0250012129545_2.59126196484967,20210515,Male,WT,0.833284555,10,Broad
6/22/2022,113557,5,Red5,31,440,16-8kHz_60dB_300ms_16s_NG3,Discrimination,Normal,303,152,0,70,81,1,0.536423841,1.092409241,220.3294145,10.079,12,25,0.48,2.806784189,12,20220622113557_73.0250012129545_2.59126196484967,20210515,Male,WT,0.666719398,8,Broad
6/22/2022,113557,5,Red5,31,440,16-8kHz_60dB_300ms_16s_NG3,Discrimination,Normal,303,152,0,70,81,1,0.536423841,1.092409241,220.3294145,11.314,21,25,0.84,1.790985381,12,20220622113557_73.0250012129545_2.59126196484967,20210515,Male,WT,0.499962829,6,Broad
6/22/2022,113557,5,Red5,31,440,16-8kHz_60dB_300ms_16s_NG3,Discrimination,Normal,303,152,0,70,81,1,0.536423841,1.092409241,220.3294145,12.699,13,26,0.5,2.658127395,12,20220622113557_73.0250012129545_2.59126196484967,20210515,Male,WT,0.333357011,4,Broad
6/22/2022,113557,5,Red5,31,440,16-8kHz_60dB_300ms_16s_NG3,Discrimination,Normal,303,152,0,70,81,1,0.536423841,1.092409241,220.3294145,14.254,25,25,1,0.652601558,12,20220622113557_73.0250012129545_2.59126196484967,20210515,Male,WT,0.166705076,2,Broad
4/8/2022,114743,6,Red6,32,473,8-16kHz_60dB_300ms_4s_NG3,Discrimination,Normal,497,248,0,106,143,1,0.574297189,1.070422535,228.3268911,8.98,42,42,1,0.609002452,12,20220408114743_19.1999964416027_2.367794442925,20210515,Male,KO,-0.166715445,2,Broad
4/8/2022,114743,6,Red6,32,473,8-16kHz_60dB_300ms_4s_NG3,Discrimination,Normal,497,248,0,106,143,1,0.574297189,1.070422535,228.3268911,10.079,38,41,0.926829268,1.499334964,12,20220408114743_19.1999964416027_2.367794442925,20210515,Male,KO,-0.333280602,4,Broad
4/8/2022,114743,6,Red6,32,473,8-16kHz_60dB_300ms_4s_NG3,Discrimination,Normal,497,248,0,106,143,1,0.574297189,1.070422535,228.3268911,11.314,26,42,0.619047619,2.597311438,12,20220408114743_19.1999964416027_2.367794442925,20210515,Male,KO,-0.500037171,6,Broad
4/8/2022,114743,6,Red6,32,473,8-16kHz_60dB_300ms_4s_NG3,Discrimination,Normal,497,248,0,106,143,1,0.574297189,1.070422535,228.3268911,12.669,12,41,0.292682927,3.45058445,12,20220408114743_19.1999964416027_2.367794442925,20210515,Male,KO,-0.663230748,8,Broad
4/8/2022,114743,6,Red6,32,473,8-16kHz_60dB_300ms_4s_NG3,Discrimination,Normal,497,248,0,106,143,1,0.574297189,1.070422535,228.3268911,14.254,15,42,0.357142857,3.267400364,12,20220408114743_19.1999964416027_2.367794442925,20210515,Male,KO,-0.833294924,10,Broad
4/8/2022,114743,6,Red6,32,473,8-16kHz_60dB_300ms_4s_NG3,Discrimination,Normal,497,248,0,106,143,1,0.574297189,1.070422535,228.3268911,16,10,41,0.243902439,3.602427226,12,20220408114743_19.1999964416027_2.367794442925,20210515,Male,KO,-1,12,Broad
4/9/2022,114425,6,Red6,32,470,8-16kHz_60dB_300ms_4s_NG3,Discrimination,Normal,520,259,1,136,124,0.996153846,0.476923077,1.048076923,224.4526216,8.98,42,43,0.976744186,1.07098518,12,20220409114425_86.634000018239_1.63976405033243,20210515,Male,KO,-0.166715445,2,Broad
4/9/2022,114425,6,Red6,32,470,8-16kHz_60dB_300ms_4s_NG3,Discrimination,Normal,520,259,1,136,124,0.996153846,0.476923077,1.048076923,224.4526216,10.079,38,43,0.88372093,1.748061929,12,20220409114425_86.634000018239_1.63976405033243,20210515,Male,KO,-0.333280602,4,Broad
4/9/2022,114425,6,Red6,32,470,8-16kHz_60dB_300ms_4s_NG3,Discrimination,Normal,520,259,1,136,124,0.996153846,0.476923077,1.048076923,224.4526216,11.314,24,43,0.558139535,2.708620627,12,20220409114425_86.634000018239_1.63976405033243,20210515,Male,KO,-0.500037171,6,Broad
4/9/2022,114425,6,Red6,32,470,8-16kHz_60dB_300ms_4s_NG3,Discrimination,Normal,520,259,1,136,124,0.996153846,0.476923077,1.048076923,224.4526216,12.669,9,44,0.204545455,3.750633493,12,20220409114425_86.634000018239_1.63976405033243,20210515,Male,KO,-0.663230748,8,Broad
4/9/2022,114425,6,Red6,32,470,8-16kHz_60dB_300ms_4s_NG3,Discrimination,Normal,520,259,1,136,124,0.996153846,0.476923077,1.048076923,224.4526216,14.254,8,44,0.181818182,3.750633493,12,20220409114425_86.634000018239_1.63976405033243,20210515,Male,KO,-0.833294924,10,Broad
4/9/2022,114425,6,Red6,32,470,8-16kHz_60dB_300ms_4s_NG3,Discrimination,Normal,520,259,1,136,124,0.996153846,0.476923077,1.048076923,224.4526216,16,3,43,0.069767442,4.280149741,12,20220409114425_86.634000018239_1.63976405033243,20210515,Male,KO,-1,12,Broad
4/11/2022,120625,6,Red6,32,467,8-16kHz_60dB_300ms_4s_NG3,Discrimination,Normal,506,252,0,120,134,1,0.527559055,1.039525692,218.7169524,8.98,43,43,1,0.605145554,12,20220411120625_35.1339977234602_3.75678841741637,20210515,Male,KO,-0.166715445,2,Broad
4/11/2022,120625,6,Red6,32,467,8-16kHz_60dB_300ms_4s_NG3,Discrimination,Normal,506,252,0,120,134,1,0.527559055,1.039525692,218.7169524,10.079,40,42,0.952380952,1.315567801,12,20220411120625_35.1339977234602_3.75678841741637,20210515,Male,KO,-0.333280602,4,Broad
4/11/2022,120625,6,Red6,32,467,8-16kHz_60dB_300ms_4s_NG3,Discrimination,Normal,506,252,0,120,134,1,0.527559055,1.039525692,218.7169524,11.314,27,42,0.642857143,2.539974543,12,20220411120625_35.1339977234602_3.75678841741637,20210515,Male,KO,-0.500037171,6,Broad
4/11/2022,120625,6,Red6,32,467,8-16kHz_60dB_300ms_4s_NG3,Discrimination,Normal,506,252,0,120,134,1,0.527559055,1.039525692,218.7169524,12.669,14,42,0.333333333,3.272560272,12,20220411120625_35.1339977234602_3.75678841741637,20210515,Male,KO,-0.663230748,8,Broad
4/11/2022,120625,6,Red6,32,467,8-16kHz_60dB_300ms_4s_NG3,Discrimination,Normal,506,252,0,120,134,1,0.527559055,1.039525692,218.7169524,14.254,6,43,0.139534884,3.905810445,12,20220411120625_35.1339977234602_3.75678841741637,20210515,Male,KO,-0.833294924,10,Broad
4/11/2022,120625,6,Red6,32,467,8-16kHz_60dB_300ms_4s_NG3,Discrimination,Normal,506,252,0,120,134,1,0.527559055,1.039525692,218.7169524,16,4,42,0.095238095,4.257345478,12,20220411120625_35.1339977234602_3.75678841741637,20210515,Male,KO,-1,12,Broad
4/13/2022,113611,6,Red6,32,472,8-16kHz_60dB_300ms_4s_NG3,Discrimination,Normal,523,262,0,151,110,1,0.421455939,1.057361377,210.2459313,8.98,44,44,1,0.6088735,12,20220413113611_70.3720081597567_1.2410535702612,20210515,Male,KO,-0.166715445,2,Broad
4/13/2022,113611,6,Red6,32,472,8-16kHz_60dB_300ms_4s_NG3,Discrimination,Normal,523,262,0,151,110,1,0.421455939,1.057361377,210.2459313,10.079,35,43,0.813953488,2.036904552,12,20220413113611_70.3720081597567_1.2410535702612,20210515,Male,KO,-0.333280602,4,Broad
4/13/2022,113611,6,Red6,32,472,8-16kHz_60dB_300ms_4s_NG3,Discrimination,Normal,523,262,0,151,110,1,0.421455939,1.057361377,210.2459313,11.314,19,44,0.431818182,3.087592613,12,20220413113611_70.3720081597567_1.2410535702612,20210515,Male,KO,-0.500037171,6,Broad
4/13/2022,113611,6,Red6,32,472,8-16kHz_60dB_300ms_4s_NG3,Discrimination,Normal,523,262,0,151,110,1,0.421455939,1.057361377,210.2459313,12.669,7,43,0.162790698,3.918320927,12,20220413113611_70.3720081597567_1.2410535702612,20210515,Male,KO,-0.663230748,8,Broad
4/13/2022,113611,6,Red6,32,472,8-16kHz_60dB_300ms_4s_NG3,Discrimination,Normal,523,262,0,151,110,1,0.421455939,1.057361377,210.2459313,14.254,4,44,0.090909091,4.294997474,12,20220413113611_70.3720081597567_1.2410535702612,20210515,Male,KO,-0.833294924,10,Broad
4/13/2022,113611,6,Red6,32,472,8-16kHz_60dB_300ms_4s_NG3,Discrimination,Normal,523,262,0,151,110,1,0.421455939,1.057361377,210.2459313,16,1,43,0.023255814,5.156067629,12,20220413113611_70.3720081597567_1.2410535702612,20210515,Male,KO,-1,12,Broad
4/14/2022,114744,6,Red6,32,471,8-16kHz_60dB_300ms_4s_NG3,Discrimination,Normal,514,257,0,153,104,1,0.404669261,1.070038911,211.9888327,8.98,43,43,1,0.611468563,12,20220414114744_36.2459912896156_1.9088173849449,20210515,Male,KO,-0.166715445,2,Broad
4/14/2022,114744,6,Red6,32,471,8-16kHz_60dB_300ms_4s_NG3,Discrimination,Normal,514,257,0,153,104,1,0.404669261,1.070038911,211.9888327,10.079,32,43,0.744186047,2.260106087,12,20220414114744_36.2459912896156_1.9088173849449,20210515,Male,KO,-0.333280602,4,Broad
4/14/2022,114744,6,Red6,32,471,8-16kHz_60dB_300ms_4s_NG3,Discrimination,Normal,514,257,0,153,104,1,0.404669261,1.070038911,211.9888327,11.314,9,43,0.209302326,3.73063164,12,20220414114744_36.2459912896156_1.9088173849449,20210515,Male,KO,-0.500037171,6,Broad
4/14/2022,114744,6,Red6,32,471,8-16kHz_60dB_300ms_4s_NG3,Discrimination,Normal,514,257,0,153,104,1,0.404669261,1.070038911,211.9888327,12.669,7,42,0.166666667,3.801497335,12,20220414114744_36.2459912896156_1.9088173849449,20210515,Male,KO,-0.663230748,8,Broad
4/14/2022,114744,6,Red6,32,471,8-16kHz_60dB_300ms_4s_NG3,Discrimination,Normal,514,257,0,153,104,1,0.404669261,1.070038911,211.9888327,14.254,7,43,0.162790698,3.912133453,12,20220414114744_36.2459912896156_1.9088173849449,20210515,Male,KO,-0.833294924,10,Broad
4/14/2022,114744,6,Red6,32,471,8-16kHz_60dB_300ms_4s_NG3,Discrimination,Normal,514,257,0,153,104,1,0.404669261,1.070038911,211.9888327,16,6,43,0.139534884,3.912133453,12,20220414114744_36.2459912896156_1.9088173849449,20210515,Male,KO,-1,12,Broad
4/15/2022,114010,6,Red6,32,466,8-16kHz_60dB_300ms_4s_NG3,Discrimination,Normal,519,257,2,158,102,0.992277992,0.392307692,1.075144509,193.3985273,8.98,42,43,0.976744186,0.518880057,12,20220415114010_74.3179935961962_1.64158900290225,20210515,Male,KO,-0.166715445,2,Broad
4/15/2022,114010,6,Red6,32,466,8-16kHz_60dB_300ms_4s_NG3,Discrimination,Normal,519,257,2,158,102,0.992277992,0.392307692,1.075144509,193.3985273,10.079,31,44,0.704545455,1.827408003,12,20220415114010_74.3179935961962_1.64158900290225,20210515,Male,KO,-0.333280602,4,Broad
4/15/2022,114010,6,Red6,32,466,8-16kHz_60dB_300ms_4s_NG3,Discrimination,Normal,519,257,2,158,102,0.992277992,0.392307692,1.075144509,193.3985273,11.314,15,43,0.348837209,2.68951346,12,20220415114010_74.3179935961962_1.64158900290225,20210515,Male,KO,-0.500037171,6,Broad
4/15/2022,114010,6,Red6,32,466,8-16kHz_60dB_300ms_4s_NG3,Discrimination,Normal,519,257,2,158,102,0.992277992,0.392307692,1.075144509,193.3985273,12.669,11,43,0.255813953,2.952865897,12,20220415114010_74.3179935961962_1.64158900290225,20210515,Male,KO,-0.663230748,8,Broad
4/15/2022,114010,6,Red6,32,466,8-16kHz_60dB_300ms_4s_NG3,Discrimination,Normal,519,257,2,158,102,0.992277992,0.392307692,1.075144509,193.3985273,14.254,0,43,0,4.601503422,12,20220415114010_74.3179935961962_1.64158900290225,20210515,Male,KO,-0.833294924,10,Broad
4/15/2022,114010,6,Red6,32,466,8-16kHz_60dB_300ms_4s_NG3,Discrimination,Normal,519,257,2,158,102,0.992277992,0.392307692,1.075144509,193.3985273,16,3,44,0.068181818,3.91435548,12,20220415114010_74.3179935961962_1.64158900290225,20210515,Male,KO,-1,12,Broad
4/16/2022,115613,6,Red6,32,464,8-11.3kHz_60dB_300ms_4s_NG3,Discrimination,Normal,508,255,0,125,128,1,0.505928854,1.096456693,219.2347961,8.98,42,43,0.976744186,1.06474417,12,20220416115613_100.024995580316_1.7970708720778,20210515,Male,KO,-0.166715445,2,Zoom
4/16/2022,115613,6,Red6,32,464,8-11.3kHz_60dB_300ms_4s_NG3,Discrimination,Normal,508,255,0,125,128,1,0.505928854,1.096456693,219.2347961,9.514,37,42,0.880952381,1.756261272,12,20220416115613_100.024995580316_1.7970708720778,20210515,Male,KO,-0.250052025,3,Zoom
4/16/2022,115613,6,Red6,32,464,8-11.3kHz_60dB_300ms_4s_NG3,Discrimination,Normal,508,255,0,125,128,1,0.505928854,1.096456693,219.2347961,10.079,23,42,0.547619048,2.788519388,12,20220416115613_100.024995580316_1.7970708720778,20210515,Male,KO,-0.333280602,4,Zoom
4/16/2022,115613,6,Red6,32,464,8-11.3kHz_60dB_300ms_4s_NG3,Discrimination,Normal,508,255,0,125,128,1,0.505928854,1.096456693,219.2347961,10.679,14,42,0.333333333,3.341869491,12,20220416115613_100.024995580316_1.7970708720778,20210515,Male,KO,-0.416704652,5,Zoom
4/16/2022,115613,6,Red6,32,464,8-11.3kHz_60dB_300ms_4s_NG3,Discrimination,Normal,508,255,0,125,128,1,0.505928854,1.096456693,219.2347961,11.314,9,42,0.214285714,3.711308605,12,20220416115613_100.024995580316_1.7970708720778,20210515,Male,KO,-0.500037171,6,Zoom
4/16/2022,115613,6,Red6,32,464,8-11.3kHz_60dB_300ms_4s_NG3,Discrimination,Normal,508,255,0,125,128,1,0.505928854,1.096456693,219.2347961,16,3,42,0.071428571,4.261155866,12,20220416115613_100.024995580316_1.7970708720778,20210515,Male,KO,-1,12,Zoom
4/18/2022,120355,6,Red6,32,469,8-10.7kHz_60dB_300ms_4s_NG3,Discrimination,Normal,485,242,1,94,148,0.995884774,0.611570248,1.06185567,199.2141033,8.476,34,40,0.85,1.510502316,12,20220418120355_126.640994846821_3.29799336357655,20210515,Male,KO,-0.083383588,1,Zoom
4/18/2022,120355,6,Red6,32,469,8-10.7kHz_60dB_300ms_4s_NG3,Discrimination,Normal,485,242,1,94,148,0.995884774,0.611570248,1.06185567,199.2141033,8.98,39,41,0.951219512,0.948102005,12,20220418120355_126.640994846821_3.29799336357655,20210515,Male,KO,-0.166715445,2,Zoom
4/18/2022,120355,6,Red6,32,469,8-10.7kHz_60dB_300ms_4s_NG3,Discrimination,Normal,485,242,1,94,148,0.995884774,0.611570248,1.06185567,199.2141033,9.514,30,40,0.75,1.859080262,12,20220418120355_126.640994846821_3.29799336357655,20210515,Male,KO,-0.250052025,3,Zoom
4/18/2022,120355,6,Red6,32,469,8-10.7kHz_60dB_300ms_4s_NG3,Discrimination,Normal,485,242,1,94,148,0.995884774,0.611570248,1.06185567,199.2141033,10.079,22,40,0.55,2.400599862,12,20220418120355_126.640994846821_3.29799336357655,20210515,Male,KO,-0.333280602,4,Zoom
4/18/2022,120355,6,Red6,32,469,8-10.7kHz_60dB_300ms_4s_NG3,Discrimination,Normal,485,242,1,94,148,0.995884774,0.611570248,1.06185567,199.2141033,10.679,20,41,0.487804878,2.555912687,12,20220418120355_126.640994846821_3.29799336357655,20210515,Male,KO,-0.416704652,5,Zoom
4/18/2022,120355,6,Red6,32,469,8-10.7kHz_60dB_300ms_4s_NG3,Discrimination,Normal,485,242,1,94,148,0.995884774,0.611570248,1.06185567,199.2141033,16,3,40,0.075,4.02885782,12,20220418120355_126.640994846821_3.29799336357655,20210515,Male,KO,-1,12,Zoom
4/19/2022,115439,6,Red6,32,470,8-10.7kHz_60dB_300ms_4s_NG3,Discrimination,Normal,475,235,3,105,132,0.987394958,0.556962025,1.071578947,199.6121617,8.476,36,39,0.923076923,0.957470071,12,20220419115439_191.396004706621_2.67016630716929,20210515,Male,KO,-0.083383588,1,Zoom
4/19/2022,115439,6,Red6,32,470,8-10.7kHz_60dB_300ms_4s_NG3,Discrimination,Normal,475,235,3,105,132,0.987394958,0.556962025,1.071578947,199.6121617,8.98,40,40,1,0.058403024,12,20220419115439_191.396004706621_2.67016630716929,20210515,Male,KO,-0.166715445,2,Zoom
4/19/2022,115439,6,Red6,32,470,8-10.7kHz_60dB_300ms_4s_NG3,Discrimination,Normal,475,235,3,105,132,0.987394958,0.556962025,1.071578947,199.6121617,9.514,28,40,0.7,1.81102934,12,20220419115439_191.396004706621_2.67016630716929,20210515,Male,KO,-0.250052025,3,Zoom
4/19/2022,115439,6,Red6,32,470,8-10.7kHz_60dB_300ms_4s_NG3,Discrimination,Normal,475,235,3,105,132,0.987394958,0.556962025,1.071578947,199.6121617,10.079,16,39,0.41025641,2.559795353,12,20220419115439_191.396004706621_2.67016630716929,20210515,Male,KO,-0.333280602,4,Zoom
4/19/2022,115439,6,Red6,32,470,8-10.7kHz_60dB_300ms_4s_NG3,Discrimination,Normal,475,235,3,105,132,0.987394958,0.556962025,1.071578947,199.6121617,10.679,10,39,0.256410256,2.914946856,12,20220419115439_191.396004706621_2.67016630716929,20210515,Male,KO,-0.416704652,5,Zoom
4/19/2022,115439,6,Red6,32,470,8-10.7kHz_60dB_300ms_4s_NG3,Discrimination,Normal,475,235,3,105,132,0.987394958,0.556962025,1.071578947,199.6121617,16,2,40,0.05,3.833926296,12,20220419115439_191.396004706621_2.67016630716929,20210515,Male,KO,-1,12,Zoom
4/20/2022,115146,6,Red6,32,468,8-10.7kHz_60dB_300ms_4s_NG3,Discrimination,Normal,537,264,4,118,151,0.985074627,0.56133829,1.068901304,202.8210644,8.476,40,44,0.909090909,0.848756106,12,20220420115146_47.82699868083_1.26570195931115,20210515,Male,KO,-0.083383588,1,Zoom
4/20/2022,115146,6,Red6,32,468,8-10.7kHz_60dB_300ms_4s_NG3,Discrimination,Normal,537,264,4,118,151,0.985074627,0.56133829,1.068901304,202.8210644,8.98,41,45,0.911111111,0.835911906,12,20220420115146_47.82699868083_1.26570195931115,20210515,Male,KO,-0.166715445,2,Zoom
4/20/2022,115146,6,Red6,32,468,8-10.7kHz_60dB_300ms_4s_NG3,Discrimination,Normal,537,264,4,118,151,0.985074627,0.56133829,1.068901304,202.8210644,9.514,33,45,0.733333333,1.528007674,12,20220420115146_47.82699868083_1.26570195931115,20210515,Male,KO,-0.250052025,3,Zoom
4/20/2022,115146,6,Red6,32,468,8-10.7kHz_60dB_300ms_4s_NG3,Discrimination,Normal,537,264,4,118,151,0.985074627,0.56133829,1.068901304,202.8210644,10.079,25,45,0.555555556,1.949569467,12,20220420115146_47.82699868083_1.26570195931115,20210515,Male,KO,-0.333280602,4,Zoom
4/20/2022,115146,6,Red6,32,468,8-10.7kHz_60dB_300ms_4s_NG3,Discrimination,Normal,537,264,4,118,151,0.985074627,0.56133829,1.068901304,202.8210644,10.679,11,45,0.244444444,2.845376762,12,20220420115146_47.82699868083_1.26570195931115,20210515,Male,KO,-0.416704652,5,Zoom
4/20/2022,115146,6,Red6,32,468,8-10.7kHz_60dB_300ms_4s_NG3,Discrimination,Normal,537,264,4,118,151,0.985074627,0.56133829,1.068901304,202.8210644,16,1,45,0.022222222,4.404011423,12,20220420115146_47.82699868083_1.26570195931115,20210515,Male,KO,-1,12,Zoom
4/21/2022,115432,6,Red6,32,468,8-10.7kHz_60dB_300ms_4s_NG3,Discrimination,Normal,526,260,4,119,143,0.984848485,0.545801527,1.049429658,208.22915,8.476,39,44,0.886363636,0.960921508,12,20220421115432_107.485999166965_1.26737210239818,20210515,Male,KO,-0.083383588,1,Zoom
4/21/2022,115432,6,Red6,32,468,8-10.7kHz_60dB_300ms_4s_NG3,Discrimination,Normal,526,260,4,119,143,0.984848485,0.545801527,1.049429658,208.22915,8.98,41,44,0.931818182,0.703135248,12,20220421115432_107.485999166965_1.26737210239818,20210515,Male,KO,-0.166715445,2,Zoom
4/21/2022,115432,6,Red6,32,468,8-10.7kHz_60dB_300ms_4s_NG3,Discrimination,Normal,526,260,4,119,143,0.984848485,0.545801527,1.049429658,208.22915,9.514,35,44,0.795454545,1.325186726,12,20220421115432_107.485999166965_1.26737210239818,20210515,Male,KO,-0.250052025,3,Zoom
4/21/2022,115432,6,Red6,32,468,8-10.7kHz_60dB_300ms_4s_NG3,Discrimination,Normal,526,260,4,119,143,0.984848485,0.545801527,1.049429658,208.22915,10.079,18,44,0.409090909,2.312001668,12,20220421115432_107.485999166965_1.26737210239818,20210515,Male,KO,-0.333280602,4,Zoom
4/21/2022,115432,6,Red6,32,468,8-10.7kHz_60dB_300ms_4s_NG3,Discrimination,Normal,526,260,4,119,143,0.984848485,0.545801527,1.049429658,208.22915,10.679,7,43,0.162790698,3.048117997,12,20220421115432_107.485999166965_1.26737210239818,20210515,Male,KO,-0.416704652,5,Zoom
4/21/2022,115432,6,Red6,32,468,8-10.7kHz_60dB_300ms_4s_NG3,Discrimination,Normal,526,260,4,119,143,0.984848485,0.545801527,1.049429658,208.22915,16,3,43,0.069767442,3.681855917,12,20220421115432_107.485999166965_1.26737210239818,20210515,Male,KO,-1,12,Zoom
4/25/2022,120926,6,Red6,32,461,8-16kHz_60dB_300ms_4s_NG3,Discrimination,Normal,511,255,0,152,104,1,0.40625,1.058708415,196.9380392,8.98,42,43,0.976744186,1.06474417,12,20220425120926_75.7660042494535_1.51626497629311,20210515,Male,KO,-0.166715445,2,Broad
4/25/2022,120926,6,Red6,32,461,8-16kHz_60dB_300ms_4s_NG3,Discrimination,Normal,511,255,0,152,104,1,0.40625,1.058708415,196.9380392,10.079,32,43,0.744186047,2.257593467,12,20220425120926_75.7660042494535_1.51626497629311,20210515,Male,KO,-0.333280602,4,Broad
4/25/2022,120926,6,Red6,32,461,8-16kHz_60dB_300ms_4s_NG3,Discrimination,Normal,511,255,0,152,104,1,0.40625,1.058708415,196.9380392,11.314,15,42,0.357142857,3.27637066,12,20220425120926_75.7660042494535_1.51626497629311,20210515,Male,KO,-0.500037171,6,Broad
4/25/2022,120926,6,Red6,32,461,8-16kHz_60dB_300ms_4s_NG3,Discrimination,Normal,511,255,0,152,104,1,0.40625,1.058708415,196.9380392,12.669,9,43,0.209302326,3.72811902,12,20220425120926_75.7660042494535_1.51626497629311,20210515,Male,KO,-0.663230748,8,Broad
4/25/2022,120926,6,Red6,32,461,8-16kHz_60dB_300ms_4s_NG3,Discrimination,Normal,511,255,0,152,104,1,0.40625,1.058708415,196.9380392,14.254,5,43,0.11627907,4.014502558,12,20220425120926_75.7660042494535_1.51626497629311,20210515,Male,KO,-0.833294924,10,Broad
4/25/2022,120926,6,Red6,32,461,8-16kHz_60dB_300ms_4s_NG3,Discrimination,Normal,511,255,0,152,104,1,0.40625,1.058708415,196.9380392,16,1,42,0.023809524,4.68090483,12,20220425120926_75.7660042494535_1.51626497629311,20210515,Male,KO,-1,12,Broad
4/26/2022,114215,6,Red6,32,468,8-10.7kHz_60dB_300ms_4s_NG3,Discrimination,Normal,508,253,1,110,144,0.996062992,0.566929134,1.080708661,189.5477984,8.476,42,43,0.976744186,1.063479615,12,20220426114215_56.3559908419847_2.7438191885167,20210515,Male,KO,-0.083383588,1,Zoom
4/26/2022,114215,6,Red6,32,468,8-10.7kHz_60dB_300ms_4s_NG3,Discrimination,Normal,508,253,1,110,144,0.996062992,0.566929134,1.080708661,189.5477984,8.98,42,42,1,0.616708193,12,20220426114215_56.3559908419847_2.7438191885167,20210515,Male,KO,-0.166715445,2,Zoom
4/26/2022,114215,6,Red6,32,468,8-10.7kHz_60dB_300ms_4s_NG3,Discrimination,Normal,508,253,1,110,144,0.996062992,0.566929134,1.080708661,189.5477984,9.514,32,42,0.761904762,2.202407434,12,20220426114215_56.3559908419847_2.7438191885167,20210515,Male,KO,-0.250052025,3,Zoom
4/26/2022,114215,6,Red6,32,468,8-10.7kHz_60dB_300ms_4s_NG3,Discrimination,Normal,508,253,1,110,144,0.996062992,0.566929134,1.080708661,189.5477984,10.079,16,43,0.372093023,3.234113019,12,20220426114215_56.3559908419847_2.7438191885167,20210515,Male,KO,-0.333280602,4,Zoom
4/26/2022,114215,6,Red6,32,468,8-10.7kHz_60dB_300ms_4s_NG3,Discrimination,Normal,508,253,1,110,144,0.996062992,0.566929134,1.080708661,189.5477984,10.679,11,42,0.261904762,3.551386934,12,20220426114215_56.3559908419847_2.7438191885167,20210515,Male,KO,-0.416704652,5,Zoom
4/26/2022,114215,6,Red6,32,468,8-10.7kHz_60dB_300ms_4s_NG3,Discrimination,Normal,508,253,1,110,144,0.996062992,0.566929134,1.080708661,189.5477984,16,1,42,0.023809524,4.679640275,12,20220426114215_56.3559908419847_2.7438191885167,20210515,Male,KO,-1,12,Zoom
4/28/2022,115826,6,Red6,32,463,8-10.7kHz_60dB_300ms_4s_NG3,Discrimination,Normal,619,308,1,146,164,0.996763754,0.529032258,1.050080775,192.8735537,8.476,46,51,0.901960784,1.342325692,12,20220428115826_49.5530001819134_3.95684229895923,20210515,Male,KO,-0.083383588,1,Zoom
4/28/2022,115826,6,Red6,32,463,8-10.7kHz_60dB_300ms_4s_NG3,Discrimination,Normal,619,308,1,146,164,0.996763754,0.529032258,1.050080775,192.8735537,8.98,51,52,0.980769231,0.682377375,12,20220428115826_49.5530001819134_3.95684229895923,20210515,Male,KO,-0.166715445,2,Zoom
4/28/2022,115826,6,Red6,32,463,8-10.7kHz_60dB_300ms_4s_NG3,Discrimination,Normal,619,308,1,146,164,0.996763754,0.529032258,1.050080775,192.8735537,9.514,40,51,0.784313725,1.826624458,12,20220428115826_49.5530001819134_3.95684229895923,20210515,Male,KO,-0.250052025,3,Zoom
4/28/2022,115826,6,Red6,32,463,8-10.7kHz_60dB_300ms_4s_NG3,Discrimination,Normal,619,308,1,146,164,0.996763754,0.529032258,1.050080775,192.8735537,10.079,18,52,0.346153846,3.002334917,12,20220428115826_49.5530001819134_3.95684229895923,20210515,Male,KO,-0.333280602,4,Zoom
4/28/2022,115826,6,Red6,32,463,8-10.7kHz_60dB_300ms_4s_NG3,Discrimination,Normal,619,308,1,146,164,0.996763754,0.529032258,1.050080775,192.8735537,10.679,8,52,0.153846154,3.56073638,12,20220428115826_49.5530001819134_3.95684229895923,20210515,Male,KO,-0.416704652,5,Zoom
4/28/2022,115826,6,Red6,32,463,8-10.7kHz_60dB_300ms_4s_NG3,Discrimination,Normal,619,308,1,146,164,0.996763754,0.529032258,1.050080775,192.8735537,16,1,52,0.019230769,4.47843468,12,20220428115826_49.5530001819134_3.95684229895923,20210515,Male,KO,-1,12,Zoom
4/29/2022,114228,6,Red6,32,468,8-10.7kHz_60dB_300ms_4s_NG3,Discrimination,Normal,577,287,1,152,137,0.996527778,0.474048443,1.039861352,192.3308955,8.476,42,48,0.875,1.454447367,12,20220429114228_129.127000272274_3.1609694141812,20210515,Male,KO,-0.083383588,1,Zoom
4/29/2022,114228,6,Red6,32,468,8-10.7kHz_60dB_300ms_4s_NG3,Discrimination,Normal,577,287,1,152,137,0.996527778,0.474048443,1.039861352,192.3308955,8.98,47,49,0.959183673,0.920553609,12,20220429114228_129.127000272274_3.1609694141812,20210515,Male,KO,-0.166715445,2,Zoom
4/29/2022,114228,6,Red6,32,468,8-10.7kHz_60dB_300ms_4s_NG3,Discrimination,Normal,577,287,1,152,137,0.996527778,0.474048443,1.039861352,192.3308955,9.514,22,48,0.458333333,2.634005289,12,20220429114228_129.127000272274_3.1609694141812,20210515,Male,KO,-0.250052025,3,Zoom
4/29/2022,114228,6,Red6,32,468,8-10.7kHz_60dB_300ms_4s_NG3,Discrimination,Normal,577,287,1,152,137,0.996527778,0.474048443,1.039861352,192.3308955,10.079,10,48,0.208333333,3.332014637,12,20220429114228_129.127000272274_3.1609694141812,20210515,Male,KO,-0.333280602,4,Zoom
4/29/2022,114228,6,Red6,32,468,8-10.7kHz_60dB_300ms_4s_NG3,Discrimination,Normal,577,287,1,152,137,0.996527778,0.474048443,1.039861352,192.3308955,10.679,15,48,0.3125,3.074010864,12,20220429114228_129.127000272274_3.1609694141812,20210515,Male,KO,-0.416704652,5,Zoom
4/29/2022,114228,6,Red6,32,468,8-10.7kHz_60dB_300ms_4s_NG3,Discrimination,Normal,577,287,1,152,137,0.996527778,0.474048443,1.039861352,192.3308955,16,1,48,0.020833333,4.418324743,12,20220429114228_129.127000272274_3.1609694141812,20210515,Male,KO,-1,12,Zoom
4/30/2022,114452,6,Red6,32,463,8-10.7kHz_60dB_300ms_4s_NG3,Discrimination,Normal,499,244,6,126,123,0.976,0.493975904,1.066132265,196.7605574,8.476,37,42,0.880952381,0.812521852,12,20220430114452_44.4619998335838_2.68936792834047,20210515,Male,KO,-0.083383588,1,Zoom
4/30/2022,114452,6,Red6,32,463,8-10.7kHz_60dB_300ms_4s_NG3,Discrimination,Normal,499,244,6,126,123,0.976,0.493975904,1.066132265,196.7605574,8.98,41,42,0.976190476,0.131679228,12,20220430114452_44.4619998335838_2.68936792834047,20210515,Male,KO,-0.166715445,2,Zoom
4/30/2022,114452,6,Red6,32,463,8-10.7kHz_60dB_300ms_4s_NG3,Discrimination,Normal,499,244,6,126,123,0.976,0.493975904,1.066132265,196.7605574,9.514,22,41,0.536585366,1.873246908,12,20220430114452_44.4619998335838_2.68936792834047,20210515,Male,KO,-0.250052025,3,Zoom
4/30/2022,114452,6,Red6,32,463,8-10.7kHz_60dB_300ms_4s_NG3,Discrimination,Normal,499,244,6,126,123,0.976,0.493975904,1.066132265,196.7605574,10.079,12,41,0.292682927,2.515815326,12,20220430114452_44.4619998335838_2.68936792834047,20210515,Male,KO,-0.333280602,4,Zoom
4/30/2022,114452,6,Red6,32,463,8-10.7kHz_60dB_300ms_4s_NG3,Discrimination,Normal,499,244,6,126,123,0.976,0.493975904,1.066132265,196.7605574,10.679,10,41,0.243902439,2.667658102,12,20220430114452_44.4619998335838_2.68936792834047,20210515,Male,KO,-0.416704652,5,Zoom
4/30/2022,114452,6,Red6,32,463,8-10.7kHz_60dB_300ms_4s_NG3,Discrimination,Normal,499,244,6,126,123,0.976,0.493975904,1.066132265,196.7605574,16,1,42,0.023809524,3.73716541,12,20220430114452_44.4619998335838_2.68936792834047,20210515,Male,KO,-1,12,Zoom
6/21/2022,111415,7,Lime1,48,491,16-8kHz_60dB_300ms_12s_NG3,Discrimination,Normal,316,148,10,34,124,0.936708861,0.784810127,1.120253165,408.089777,8,15,26,0.576923077,1.340970628,12,20220621111415_88.1419982761145_1.52742290567825,20210515,Male,KO,1,12,Broad
6/21/2022,111415,7,Lime1,48,491,16-8kHz_60dB_300ms_12s_NG3,Discrimination,Normal,316,148,10,34,124,0.936708861,0.784810127,1.120253165,408.089777,8.98,6,26,0.230769231,2.287186099,12,20220621111415_88.1419982761145_1.52742290567825,20210515,Male,KO,0.833284555,10,Broad
6/21/2022,111415,7,Lime1,48,491,16-8kHz_60dB_300ms_12s_NG3,Discrimination,Normal,316,148,10,34,124,0.936708861,0.784810127,1.120253165,408.089777,10.079,25,26,0.961538462,-0.088353396,12,20220621111415_88.1419982761145_1.52742290567825,20210515,Male,KO,0.666719398,8,Broad
6/21/2022,111415,7,Lime1,48,491,16-8kHz_60dB_300ms_12s_NG3,Discrimination,Normal,316,148,10,34,124,0.936708861,0.784810127,1.120253165,408.089777,11.314,26,27,0.962962963,-0.107127249,12,20220621111415_88.1419982761145_1.52742290567825,20210515,Male,KO,0.499962829,6,Broad
6/21/2022,111415,7,Lime1,48,491,16-8kHz_60dB_300ms_12s_NG3,Discrimination,Normal,316,148,10,34,124,0.936708861,0.784810127,1.120253165,408.089777,12.699,27,27,1,-0.599263997,12,20220621111415_88.1419982761145_1.52742290567825,20210515,Male,KO,0.333357011,4,Broad
6/21/2022,111415,7,Lime1,48,491,16-8kHz_60dB_300ms_12s_NG3,Discrimination,Normal,316,148,10,34,124,0.936708861,0.784810127,1.120253165,408.089777,14.254,25,26,0.961538462,-0.088353396,12,20220621111415_88.1419982761145_1.52742290567825,20210515,Male,KO,0.166705076,2,Broad
6/23/2022,111357,7,Lime1,48,493,16-8kHz_60dB_300ms_12s_NG3,Discrimination,Normal,351,150,24,62,115,0.862068966,0.649717514,1.096866097,469.7646267,8,4,29,0.137931034,2.072750179,12,20220623111357_103.624000400305_1.88906156734625,20210515,Male,KO,1,12,Broad
6/23/2022,111357,7,Lime1,48,493,16-8kHz_60dB_300ms_12s_NG3,Discrimination,Normal,351,150,24,62,115,0.862068966,0.649717514,1.096866097,469.7646267,8.98,8,30,0.266666667,1.732741183,12,20220623111357_103.624000400305_1.88906156734625,20210515,Male,KO,0.833284555,10,Broad
6/23/2022,111357,7,Lime1,48,493,16-8kHz_60dB_300ms_12s_NG3,Discrimination,Normal,351,150,24,62,115,0.862068966,0.649717514,1.096866097,469.7646267,10.079,25,30,0.833333333,0.155516641,12,20220623111357_103.624000400305_1.88906156734625,20210515,Male,KO,0.666719398,8,Broad
6/23/2022,111357,7,Lime1,48,493,16-8kHz_60dB_300ms_12s_NG3,Discrimination,Normal,351,150,24,62,115,0.862068966,0.649717514,1.096866097,469.7646267,11.314,27,30,0.9,-0.133564739,12,20220623111357_103.624000400305_1.88906156734625,20210515,Male,KO,0.499962829,6,Broad
6/23/2022,111357,7,Lime1,48,493,16-8kHz_60dB_300ms_12s_NG3,Discrimination,Normal,351,150,24,62,115,0.862068966,0.649717514,1.096866097,469.7646267,12.699,25,29,0.862068966,0.043752687,12,20220623111357_103.624000400305_1.88906156734625,20210515,Male,KO,0.333357011,4,Broad
6/23/2022,111357,7,Lime1,48,493,16-8kHz_60dB_300ms_12s_NG3,Discrimination,Normal,351,150,24,62,115,0.862068966,0.649717514,1.096866097,469.7646267,14.254,26,29,0.896551724,-0.113294738,12,20220623111357_103.624000400305_1.88906156734625,20210515,Male,KO,0.166705076,2,Broad
6/24/2022,112856,7,Lime1,48,491,16-8kHz_60dB_300ms_12s_NG3,Discrimination,Normal,349,164,10,60,115,0.942528736,0.657142857,1.094555874,466.240865,8,11,29,0.379310345,1.799417351,12,20220624112856_38.6699974536896_3.70011161706053,20210515,Male,KO,1,12,Broad
6/24/2022,112856,7,Lime1,48,491,16-8kHz_60dB_300ms_12s_NG3,Discrimination,Normal,349,164,10,60,115,0.942528736,0.657142857,1.094555874,466.240865,8.98,8,29,0.275862069,2.184738169,12,20220624112856_38.6699974536896_3.70011161706053,20210515,Male,KO,0.833284555,10,Broad
6/24/2022,112856,7,Lime1,48,491,16-8kHz_60dB_300ms_12s_NG3,Discrimination,Normal,349,164,10,60,115,0.942528736,0.657142857,1.094555874,466.240865,10.079,21,29,0.724137931,0.992793671,12,20220624112856_38.6699974536896_3.70011161706053,20210515,Male,KO,0.666719398,8,Broad
6/24/2022,112856,7,Lime1,48,491,16-8kHz_60dB_300ms_12s_NG3,Discrimination,Normal,349,164,10,60,115,0.942528736,0.657142857,1.094555874,466.240865,11.314,19,29,0.655172414,1.1842006,12,20220624112856_38.6699974536896_3.70011161706053,20210515,Male,KO,0.499962829,6,Broad
6/24/2022,112856,7,Lime1,48,491,16-8kHz_60dB_300ms_12s_NG3,Discrimination,Normal,349,164,10,60,115,0.942528736,0.657142857,1.094555874,466.240865,12.699,26,29,0.896551724,0.365588415,12,20220624112856_38.6699974536896_3.70011161706053,20210515,Male,KO,0.333357011,4,Broad
6/24/2022,112856,7,Lime1,48,491,16-8kHz_60dB_300ms_12s_NG3,Discrimination,Normal,349,164,10,60,115,0.942528736,0.657142857,1.094555874,466.240865,14.254,30,30,1,-0.590910648,12,20220624112856_38.6699974536896_3.70011161706053,20210515,Male,KO,0.166705076,2,Broad
6/28/2022,113731,7,Lime1,48,494,16-9kHz_60dB_300ms_12s_NG3,Discrimination,Normal,367,179,4,73,111,0.978142077,0.60326087,1.188010899,376.1450559,8,11,31,0.35483871,2.371167479,12,20220628113731_121.957998722792_2.76193487752051,20210515,Male,KO,1,12,Zoom
6/28/2022,113731,7,Lime1,48,494,16-9kHz_60dB_300ms_12s_NG3,Discrimination,Normal,367,179,4,73,111,0.978142077,0.60326087,1.188010899,376.1450559,8.97,9,31,0.290322581,2.555359035,12,20220628113731_121.957998722792_2.76193487752051,20210515,Male,KO,0.834892015,10,Zoom
6/28/2022,113731,7,Lime1,48,494,16-9kHz_60dB_300ms_12s_NG3,Discrimination,Normal,367,179,4,73,111,0.978142077,0.60326087,1.188010899,376.1450559,9.514,22,31,0.709677419,1.449246605,12,20220628113731_121.957998722792_2.76193487752051,20210515,Male,KO,0.749947975,9,Zoom
6/28/2022,113731,7,Lime1,48,494,16-9kHz_60dB_300ms_12s_NG3,Discrimination,Normal,367,179,4,73,111,0.978142077,0.60326087,1.188010899,376.1450559,10.079,21,30,0.7,1.478139831,12,20220628113731_121.957998722792_2.76193487752051,20210515,Male,KO,0.666719398,8,Zoom
6/28/2022,113731,7,Lime1,48,494,16-9kHz_60dB_300ms_12s_NG3,Discrimination,Normal,367,179,4,73,111,0.978142077,0.60326087,1.188010899,376.1450559,10.679,25,30,0.833333333,1.052445468,12,20220628113731_121.957998722792_2.76193487752051,20210515,Male,KO,0.583295348,7,Zoom
6/28/2022,113731,7,Lime1,48,494,16-9kHz_60dB_300ms_12s_NG3,Discrimination,Normal,367,179,4,73,111,0.978142077,0.60326087,1.188010899,376.1450559,11.314,23,31,0.741935484,1.355001483,12,20220628113731_121.957998722792_2.76193487752051,20210515,Male,KO,0.499962829,6,Zoom
6/29/2022,112228,7,Lime1,48,493,16-9kHz_60dB_300ms_12s_NG3,Discrimination,Normal,297,144,5,75,73,0.966442953,0.493243243,1.37037037,396.3874167,8,4,24,0.166666667,2.8265066,12,20220629112228_149.200005456805_3.21579309375262,20210515,Male,KO,1,12,Zoom
6/29/2022,112228,7,Lime1,48,493,16-9kHz_60dB_300ms_12s_NG3,Discrimination,Normal,297,144,5,75,73,0.966442953,0.493243243,1.37037037,396.3874167,8.97,8,25,0.32,2.184497278,12,20220629112228_149.200005456805_3.21579309375262,20210515,Male,KO,0.834892015,10,Zoom
6/29/2022,112228,7,Lime1,48,493,16-9kHz_60dB_300ms_12s_NG3,Discrimination,Normal,297,144,5,75,73,0.966442953,0.493243243,1.37037037,396.3874167,9.514,14,24,0.583333333,1.614723464,12,20220629112228_149.200005456805_3.21579309375262,20210515,Male,KO,0.749947975,9,Zoom
6/29/2022,112228,7,Lime1,48,493,16-9kHz_60dB_300ms_12s_NG3,Discrimination,Normal,297,144,5,75,73,0.966442953,0.493243243,1.37037037,396.3874167,10.079,13,25,0.52,1.772034148,12,20220629112228_149.200005456805_3.21579309375262,20210515,Male,KO,0.666719398,8,Zoom
6/29/2022,112228,7,Lime1,48,493,16-9kHz_60dB_300ms_12s_NG3,Discrimination,Normal,297,144,5,75,73,0.966442953,0.493243243,1.37037037,396.3874167,10.679,18,25,0.72,1.247633635,12,20220629112228_149.200005456805_3.21579309375262,20210515,Male,KO,0.583295348,7,Zoom
6/29/2022,112228,7,Lime1,48,493,16-9kHz_60dB_300ms_12s_NG3,Discrimination,Normal,297,144,5,75,73,0.966442953,0.493243243,1.37037037,396.3874167,11.314,16,25,0.64,1.359571019,12,20220629112228_149.200005456805_3.21579309375262,20210515,Male,KO,0.499962829,6,Zoom
5/13/2022,113006,8,Lime2,50,483,16-32kHz_67-49dB_300ms_4s_NG3,Discrimination,Normal,493,239,8,131,115,0.967611336,0.467479675,1.156186613,304.4028201,17.959,39,41,0.951219512,0.263673395,12,20220513113006_73.812997341156_3.26702631914698,20210515,Male,WT,-0.166635114,2,Broad
5/13/2022,113006,8,Lime2,50,483,16-32kHz_67-49dB_300ms_4s_NG3,Discrimination,Normal,493,239,8,131,115,0.967611336,0.467479675,1.156186613,304.4028201,20.159,30,41,0.731707317,1.22891566,12,20220513113006_73.812997341156_3.26702631914698,20210515,Male,WT,-0.33335217,4,Broad
5/13/2022,113006,8,Lime2,50,483,16-32kHz_67-49dB_300ms_4s_NG3,Discrimination,Normal,493,239,8,131,115,0.967611336,0.467479675,1.156186613,304.4028201,22.627,25,41,0.609756098,1.563269675,12,20220513113006_73.812997341156_3.26702631914698,20210515,Male,WT,-0.499973413,6,Broad
5/13/2022,113006,8,Lime2,50,483,16-32kHz_67-49dB_300ms_4s_NG3,Discrimination,Normal,493,239,8,131,115,0.967611336,0.467479675,1.156186613,304.4028201,25.398,9,41,0.219512195,2.62607438,12,20220513113006_73.812997341156_3.26702631914698,20210515,Male,WT,-0.666642989,8,Broad
5/13/2022,113006,8,Lime2,50,483,16-32kHz_67-49dB_300ms_4s_NG3,Discrimination,Normal,493,239,8,131,115,0.967611336,0.467479675,1.156186613,304.4028201,28.509,6,41,0.146341463,2.917311547,12,20220513113006_73.812997341156_3.26702631914698,20210515,Male,WT,-0.83334553,10,Broad
5/13/2022,113006,8,Lime2,50,483,16-32kHz_67-49dB_300ms_4s_NG3,Discrimination,Normal,493,239,8,131,115,0.967611336,0.467479675,1.156186613,304.4028201,32,6,41,0.146341463,2.917311547,12,20220513113006_73.812997341156_3.26702631914698,20210515,Male,WT,-1,12,Broad
5/14/2022,113036,8,Lime2,50,484,16-32kHz_67-49dB_300ms_4s_NG3,Discrimination,Normal,481,229,12,148,92,0.950207469,0.383333333,1.193347193,310.5256507,17.959,39,40,0.975,-0.163714097,12,20220514113036_150.778995081782_2.77868865325781,20210515,Male,WT,-0.166635114,2,Broad
5/14/2022,113036,8,Lime2,50,484,16-32kHz_67-49dB_300ms_4s_NG3,Discrimination,Normal,481,229,12,148,92,0.950207469,0.383333333,1.193347193,310.5256507,20.159,27,40,0.675,1.197454492,12,20220514113036_150.778995081782_2.77868865325781,20210515,Male,WT,-0.33335217,4,Broad
5/14/2022,113036,8,Lime2,50,484,16-32kHz_67-49dB_300ms_4s_NG3,Discrimination,Normal,481,229,12,148,92,0.950207469,0.383333333,1.193347193,310.5256507,22.627,11,40,0.275,2.252407258,12,20220514113036_150.778995081782_2.77868865325781,20210515,Male,WT,-0.499973413,6,Broad
5/14/2022,113036,8,Lime2,50,484,16-32kHz_67-49dB_300ms_4s_NG3,Discrimination,Normal,481,229,12,148,92,0.950207469,0.383333333,1.193347193,310.5256507,25.398,7,40,0.175,2.503896804,12,20220514113036_150.778995081782_2.77868865325781,20210515,Male,WT,-0.666642989,8,Broad
5/14/2022,113036,8,Lime2,50,484,16-32kHz_67-49dB_300ms_4s_NG3,Discrimination,Normal,481,229,12,148,92,0.950207469,0.383333333,1.193347193,310.5256507,28.509,5,40,0.125,2.708370612,12,20220514113036_150.778995081782_2.77868865325781,20210515,Male,WT,-0.83334553,10,Broad
5/14/2022,113036,8,Lime2,50,484,16-32kHz_67-49dB_300ms_4s_NG3,Discrimination,Normal,481,229,12,148,92,0.950207469,0.383333333,1.193347193,310.5256507,32,3,40,0.075,2.97306199,12,20220514113036_150.778995081782_2.77868865325781,20210515,Male,WT,-1,12,Broad
5/18/2022,115310,8,Lime2,50,477,16-32kHz_67-49dB_300ms_4s_NG3,Discrimination,Normal,505,231,22,168,84,0.913043478,0.333333333,1.055445545,313.6028355,17.959,40,42,0.952380952,-0.222484701,12,20220518115310_39.6789941936731_1.43562909735919,20210515,Male,WT,-0.166635114,2,Broad
5/18/2022,115310,8,Lime2,50,477,16-32kHz_67-49dB_300ms_4s_NG3,Discrimination,Normal,505,231,22,168,84,0.913043478,0.333333333,1.055445545,313.6028355,20.159,19,42,0.452380952,1.48606086,12,20220518115310_39.6789941936731_1.43562909735919,20210515,Male,WT,-0.33335217,4,Broad
5/18/2022,115310,8,Lime2,50,477,16-32kHz_67-49dB_300ms_4s_NG3,Discrimination,Normal,505,231,22,168,84,0.913043478,0.333333333,1.055445545,313.6028355,22.627,16,42,0.380952381,1.670675656,12,20220518115310_39.6789941936731_1.43562909735919,20210515,Male,WT,-0.499973413,6,Broad
5/18/2022,115310,8,Lime2,50,477,16-32kHz_67-49dB_300ms_4s_NG3,Discrimination,Normal,505,231,22,168,84,0.913043478,0.333333333,1.055445545,313.6028355,25.398,4,42,0.095238095,2.719292975,12,20220518115310_39.6789941936731_1.43562909735919,20210515,Male,WT,-0.666642989,8,Broad
5/18/2022,115310,8,Lime2,50,477,16-32kHz_67-49dB_300ms_4s_NG3,Discrimination,Normal,505,231,22,168,84,0.913043478,0.333333333,1.055445545,313.6028355,28.509,4,42,0.095238095,2.719292975,12,20220518115310_39.6789941936731_1.43562909735919,20210515,Male,WT,-0.83334553,10,Broad
5/18/2022,115310,8,Lime2,50,477,16-32kHz_67-49dB_300ms_4s_NG3,Discrimination,Normal,505,231,22,168,84,0.913043478,0.333333333,1.055445545,313.6028355,32,1,42,0.023809524,3.139041939,12,20220518115310_39.6789941936731_1.43562909735919,20210515,Male,WT,-1,12,Broad
5/20/2022,113244,8,Lime2,50,483,16-22.6kHz_67-49dB_300ms_4s_NG3,Discrimination,Normal,194,92,5,39,58,0.948453608,0.597938144,1.329896907,310.9868696,17.959,14,17,0.823529412,0.735809033,12,20220520113244_103.11500094831_3.85671139353851,20210515,Male,WT,-0.166635114,2,Zoom
5/20/2022,113244,8,Lime2,50,483,16-22.6kHz_67-49dB_300ms_4s_NG3,Discrimination,Normal,194,92,5,39,58,0.948453608,0.597938144,1.329896907,310.9868696,19.027,11,16,0.6875,1.154351056,12,20220520113244_103.11500094831_3.85671139353851,20210515,Male,WT,-0.249976204,3,Zoom
5/20/2022,113244,8,Lime2,50,483,16-22.6kHz_67-49dB_300ms_4s_NG3,Discrimination,Normal,194,92,5,39,58,0.948453608,0.597938144,1.329896907,310.9868696,20.159,11,16,0.6875,1.154351056,12,20220520113244_103.11500094831_3.85671139353851,20210515,Male,WT,-0.33335217,4,Zoom
5/20/2022,113244,8,Lime2,50,483,16-22.6kHz_67-49dB_300ms_4s_NG3,Discrimination,Normal,194,92,5,39,58,0.948453608,0.597938144,1.329896907,310.9868696,21.357,11,16,0.6875,1.154351056,12,20220520113244_103.11500094831_3.85671139353851,20210515,Male,WT,-0.416637102,5,Zoom
5/20/2022,113244,8,Lime2,50,483,16-22.6kHz_67-49dB_300ms_4s_NG3,Discrimination,Normal,194,92,5,39,58,0.948453608,0.597938144,1.329896907,310.9868696,22.627,9,16,0.5625,1.319399012,12,20220520113244_103.11500094831_3.85671139353851,20210515,Male,WT,-0.499973413,6,Zoom
5/20/2022,113244,8,Lime2,50,483,16-22.6kHz_67-49dB_300ms_4s_NG3,Discrimination,Normal,194,92,5,39,58,0.948453608,0.597938144,1.329896907,310.9868696,32,2,16,0.125,2.566591291,12,20220520113244_103.11500094831_3.85671139353851,20210515,Male,WT,-1,12,Zoom
5/21/2022,112848,8,Lime2,50,476,16-24kHz_67-49dB_300ms_4s_NG3,Discrimination,Normal,412,200,6,135,71,0.970873786,0.344660194,1.211165049,286.45386,19.027,21,35,0.6,1.630952693,12,20220521112848_20.5160021781921_2.18574854920362,20210515,Male,WT,-0.249976204,3,Zoom
5/21/2022,112848,8,Lime2,50,476,16-24kHz_67-49dB_300ms_4s_NG3,Discrimination,Normal,412,200,6,135,71,0.970873786,0.344660194,1.211165049,286.45386,20.159,18,34,0.529411765,1.810616285,12,20220521112848_20.5160021781921_2.18574854920362,20210515,Male,WT,-0.33335217,4,Zoom
5/21/2022,112848,8,Lime2,50,476,16-24kHz_67-49dB_300ms_4s_NG3,Discrimination,Normal,412,200,6,135,71,0.970873786,0.344660194,1.211165049,286.45386,21.357,12,34,0.352941176,2.264770957,12,20220521112848_20.5160021781921_2.18574854920362,20210515,Male,WT,-0.416637102,5,Zoom
5/21/2022,112848,8,Lime2,50,476,16-24kHz_67-49dB_300ms_4s_NG3,Discrimination,Normal,412,200,6,135,71,0.970873786,0.344660194,1.211165049,286.45386,22.627,8,34,0.235294118,2.6176949,12,20220521112848_20.5160021781921_2.18574854920362,20210515,Male,WT,-0.499973413,6,Zoom
5/21/2022,112848,8,Lime2,50,476,16-24kHz_67-49dB_300ms_4s_NG3,Discrimination,Normal,412,200,6,135,71,0.970873786,0.344660194,1.211165049,286.45386,23.973,9,34,0.264705882,2.521976568,12,20220521112848_20.5160021781921_2.18574854920362,20210515,Male,WT,-0.583338555,7,Zoom
5/21/2022,112848,8,Lime2,50,476,16-24kHz_67-49dB_300ms_4s_NG3,Discrimination,Normal,412,200,6,135,71,0.970873786,0.344660194,1.211165049,286.45386,32,3,35,0.085714286,3.31272061,12,20220521112848_20.5160021781921_2.18574854920362,20210515,Male,WT,-1,12,Zoom
5/25/2022,112338,8,Lime2,50,469,16-22.6kHz_67-49dB_300ms_4s_NG3,Discrimination,Normal,434,189,29,122,94,0.866972477,0.435185185,1.122119816,309.4433175,17.959,29,36,0.805555556,0.274876117,12,20220525112338_112.838001921773_3.85527553770357,20210515,Male,WT,-0.166635114,2,Zoom
5/25/2022,112338,8,Lime2,50,469,16-22.6kHz_67-49dB_300ms_4s_NG3,Discrimination,Normal,434,189,29,122,94,0.866972477,0.435185185,1.122119816,309.4433175,19.027,21,36,0.583333333,0.912133979,12,20220525112338_112.838001921773_3.85527553770357,20210515,Male,WT,-0.249976204,3,Zoom
5/25/2022,112338,8,Lime2,50,469,16-22.6kHz_67-49dB_300ms_4s_NG3,Discrimination,Normal,434,189,29,122,94,0.866972477,0.435185185,1.122119816,309.4433175,20.159,20,36,0.555555556,0.982460463,12,20220525112338_112.838001921773_3.85527553770357,20210515,Male,WT,-0.33335217,4,Zoom
5/25/2022,112338,8,Lime2,50,469,16-22.6kHz_67-49dB_300ms_4s_NG3,Discrimination,Normal,434,189,29,122,94,0.866972477,0.435185185,1.122119816,309.4433175,21.357,14,36,0.388888889,1.333257565,12,20220525112338_112.838001921773_3.85527553770357,20210515,Male,WT,-0.416637102,5,Zoom
5/25/2022,112338,8,Lime2,50,469,16-22.6kHz_67-49dB_300ms_4s_NG3,Discrimination,Normal,434,189,29,122,94,0.866972477,0.435185185,1.122119816,309.4433175,22.627,9,36,0.25,1.805961972,12,20220525112338_112.838001921773_3.85527553770357,20210515,Male,WT,-0.499973413,6,Zoom
5/25/2022,112338,8,Lime2,50,469,16-22.6kHz_67-49dB_300ms_4s_NG3,Discrimination,Normal,434,189,29,122,94,0.866972477,0.435185185,1.122119816,309.4433175,32,1,36,0.027777778,2.818758315,12,20220525112338_112.838001921773_3.85527553770357,20210515,Male,WT,-1,12,Zoom
5/26/2022,113832,8,Lime2,50,469,16-22.6kHz_67-49dB_300ms_4s_NG3,Discrimination,Normal,431,156,60,144,71,0.722222222,0.330232558,1.197215777,326.5475321,17.959,22,36,0.611111111,0.330774792,12,20220526113832_135.404998809099_2.76800035829996,20210515,Male,WT,-0.166635114,2,Zoom
5/26/2022,113832,8,Lime2,50,469,16-22.6kHz_67-49dB_300ms_4s_NG3,Discrimination,Normal,431,156,60,144,71,0.722222222,0.330232558,1.197215777,326.5475321,19.027,21,36,0.583333333,0.401978499,12,20220526113832_135.404998809099_2.76800035829996,20210515,Male,WT,-0.249976204,3,Zoom
5/26/2022,113832,8,Lime2,50,469,16-22.6kHz_67-49dB_300ms_4s_NG3,Discrimination,Normal,431,156,60,144,71,0.722222222,0.330232558,1.197215777,326.5475321,20.159,9,36,0.25,1.295806492,12,20220526113832_135.404998809099_2.76800035829996,20210515,Male,WT,-0.33335217,4,Zoom
5/26/2022,113832,8,Lime2,50,469,16-22.6kHz_67-49dB_300ms_4s_NG3,Discrimination,Normal,431,156,60,144,71,0.722222222,0.330232558,1.197215777,326.5475321,21.357,10,35,0.285714286,1.101338952,12,20220526113832_135.404998809099_2.76800035829996,20210515,Male,WT,-0.416637102,5,Zoom
5/26/2022,113832,8,Lime2,50,469,16-22.6kHz_67-49dB_300ms_4s_NG3,Discrimination,Normal,431,156,60,144,71,0.722222222,0.330232558,1.197215777,326.5475321,22.627,7,36,0.194444444,1.38915624,12,20220526113832_135.404998809099_2.76800035829996,20210515,Male,WT,-0.499973413,6,Zoom
5/26/2022,113832,8,Lime2,50,469,16-22.6kHz_67-49dB_300ms_4s_NG3,Discrimination,Normal,431,156,60,144,71,0.722222222,0.330232558,1.197215777,326.5475321,32,2,36,0.055555556,2.056879828,12,20220526113832_135.404998809099_2.76800035829996,20210515,Male,WT,-1,12,Zoom
5/27/2022,111418,8,Lime2,50,474,16-22.6kHz_67-49dB_300ms_4s_NG3,Discrimination,Normal,505,231,21,170,83,0.916666667,0.328063241,1.16039604,320.3694113,17.959,32,43,0.744186047,0.73861327,12,20220527111418_159.692998230457_3.23168064972664,20210515,Male,WT,-0.166635114,2,Zoom
5/27/2022,111418,8,Lime2,50,474,16-22.6kHz_67-49dB_300ms_4s_NG3,Discrimination,Normal,505,231,21,170,83,0.916666667,0.328063241,1.16039604,320.3694113,19.027,13,42,0.30952381,1.890442299,12,20220527111418_159.692998230457_3.23168064972664,20210515,Male,WT,-0.249976204,3,Zoom
5/27/2022,111418,8,Lime2,50,474,16-22.6kHz_67-49dB_300ms_4s_NG3,Discrimination,Normal,505,231,21,170,83,0.916666667,0.328063241,1.16039604,320.3694113,20.159,20,42,0.476190476,1.448823893,12,20220527111418_159.692998230457_3.23168064972664,20210515,Male,WT,-0.33335217,4,Zoom
5/27/2022,111418,8,Lime2,50,474,16-22.6kHz_67-49dB_300ms_4s_NG3,Discrimination,Normal,505,231,21,170,83,0.916666667,0.328063241,1.16039604,320.3694113,21.357,11,42,0.261904762,2.033671292,12,20220527111418_159.692998230457_3.23168064972664,20210515,Male,WT,-0.416637102,5,Zoom
5/27/2022,111418,8,Lime2,50,474,16-22.6kHz_67-49dB_300ms_4s_NG3,Discrimination,Normal,505,231,21,170,83,0.916666667,0.328063241,1.16039604,320.3694113,22.627,7,42,0.166666667,2.280004518,12,20220527111418_159.692998230457_3.23168064972664,20210515,Male,WT,-0.499973413,6,Zoom
5/27/2022,111418,8,Lime2,50,474,16-22.6kHz_67-49dB_300ms_4s_NG3,Discrimination,Normal,505,231,21,170,83,0.916666667,0.328063241,1.16039604,320.3694113,32,0,42,0,3.619370533,12,20220527111418_159.692998230457_3.23168064972664,20210515,Male,WT,-1,12,Zoom
5/10/2022,134828,2,Lime4,51,495,16-8kHz_57-70dB_300ms_8s_NG3,Discrimination,Normal,422,206,5,112,99,0.976303318,0.469194313,1.222748815,260.4765659,8,5,35,0.142857143,3.023329333,12,20220510134828_120.942001417279_1.33903945713376,20210515,Male,WT,1,12,Broad
5/10/2022,134828,2,Lime4,51,495,16-8kHz_57-70dB_300ms_8s_NG3,Discrimination,Normal,422,206,5,112,99,0.976303318,0.469194313,1.222748815,260.4765659,8.898,6,36,0.166666667,3.04165174,12,20220510134828_120.942001417279_1.33903945713376,20210515,Male,WT,0.846518901,10,Broad
5/10/2022,134828,2,Lime4,51,495,16-8kHz_57-70dB_300ms_8s_NG3,Discrimination,Normal,422,206,5,112,99,0.976303318,0.469194313,1.222748815,260.4765659,10.079,9,35,0.257142857,2.625557482,12,20220510134828_120.942001417279_1.33903945713376,20210515,Male,WT,0.666719398,8,Broad
5/10/2022,134828,2,Lime4,51,495,16-8kHz_57-70dB_300ms_8s_NG3,Discrimination,Normal,422,206,5,112,99,0.976303318,0.469194313,1.222748815,260.4765659,11.314,15,35,0.428571429,2.233593472,12,20220510134828_120.942001417279_1.33903945713376,20210515,Male,WT,0.499962829,6,Broad
5/10/2022,134828,2,Lime4,51,495,16-8kHz_57-70dB_300ms_8s_NG3,Discrimination,Normal,422,206,5,112,99,0.976303318,0.469194313,1.222748815,260.4765659,12.699,29,35,0.828571429,1.123258716,12,20220510134828_120.942001417279_1.33903945713376,20210515,Male,WT,0.333357011,4,Broad
5/10/2022,134828,2,Lime4,51,495,16-8kHz_57-70dB_300ms_8s_NG3,Discrimination,Normal,422,206,5,112,99,0.976303318,0.469194313,1.222748815,260.4765659,14.254,35,35,1,-0.172290408,12,20220510134828_120.942001417279_1.33903945713376,20210515,Male,WT,0.166705076,2,Broad
5/11/2022,134707,2,Lime4,51,496,16-8kHz_57-70dB_300ms_8s_NG3,Discrimination,Normal,459,228,2,138,91,0.991304348,0.397379913,1.241830065,282.6055395,8,2,38,0.052631579,4.043374559,12,20220511134707_101.256994530559_2.90363478658793,20210515,Male,WT,1,12,Broad
5/11/2022,134707,2,Lime4,51,496,16-8kHz_57-70dB_300ms_8s_NG3,Discrimination,Normal,459,228,2,138,91,0.991304348,0.397379913,1.241830065,282.6055395,8.898,3,39,0.076923077,3.807765998,12,20220511134707_101.256994530559_2.90363478658793,20210515,Male,WT,0.846518901,10,Broad
5/11/2022,134707,2,Lime4,51,496,16-8kHz_57-70dB_300ms_8s_NG3,Discrimination,Normal,459,228,2,138,91,0.991304348,0.397379913,1.241830065,282.6055395,10.079,5,38,0.131578947,3.469464796,12,20220511134707_101.256994530559_2.90363478658793,20210515,Male,WT,0.666719398,8,Broad
5/11/2022,134707,2,Lime4,51,496,16-8kHz_57-70dB_300ms_8s_NG3,Discrimination,Normal,459,228,2,138,91,0.991304348,0.397379913,1.241830065,282.6055395,11.314,12,38,0.315789474,2.803394679,12,20220511134707_101.256994530559_2.90363478658793,20210515,Male,WT,0.499962829,6,Broad
5/11/2022,134707,2,Lime4,51,496,16-8kHz_57-70dB_300ms_8s_NG3,Discrimination,Normal,459,228,2,138,91,0.991304348,0.397379913,1.241830065,282.6055395,12.699,33,38,0.868421053,1.227271034,12,20220511134707_101.256994530559_2.90363478658793,20210515,Male,WT,0.333357011,4,Broad
5/11/2022,134707,2,Lime4,51,496,16-8kHz_57-70dB_300ms_8s_NG3,Discrimination,Normal,459,228,2,138,91,0.991304348,0.397379913,1.241830065,282.6055395,14.254,36,38,0.947368421,0.77864336,12,20220511134707_101.256994530559_2.90363478658793,20210515,Male,WT,0.166705076,2,Broad
5/13/2022,134910,2,Lime4,51,501,16-8kHz_57-70dB_300ms_8s_NG3,Discrimination,Normal,464,227,5,163,69,0.978448276,0.297413793,1.306034483,274.1290573,8,2,39,0.051282051,3.742153522,12,20220513134910_123.543998971581_3.4590859190835,20210515,Male,WT,1,12,Broad
5/13/2022,134910,2,Lime4,51,501,16-8kHz_57-70dB_300ms_8s_NG3,Discrimination,Normal,464,227,5,163,69,0.978448276,0.297413793,1.306034483,274.1290573,8.898,0,38,0,4.194848072,12,20220513134910_123.543998971581_3.4590859190835,20210515,Male,WT,0.846518901,10,Broad
5/13/2022,134910,2,Lime4,51,501,16-8kHz_57-70dB_300ms_8s_NG3,Discrimination,Normal,464,227,5,163,69,0.978448276,0.297413793,1.306034483,274.1290573,10.079,4,39,0.102564103,3.315664163,12,20220513134910_123.543998971581_3.4590859190835,20210515,Male,WT,0.666719398,8,Broad
5/13/2022,134910,2,Lime4,51,501,16-8kHz_57-70dB_300ms_8s_NG3,Discrimination,Normal,464,227,5,163,69,0.978448276,0.297413793,1.306034483,274.1290573,11.314,4,38,0.105263158,3.156245328,12,20220513134910_123.543998971581_3.4590859190835,20210515,Male,WT,0.499962829,6,Broad
5/13/2022,134910,2,Lime4,51,501,16-8kHz_57-70dB_300ms_8s_NG3,Discrimination,Normal,464,227,5,163,69,0.978448276,0.297413793,1.306034483,274.1290573,12.699,20,39,0.512820513,1.973328483,12,20220513134910_123.543998971581_3.4590859190835,20210515,Male,WT,0.333357011,4,Broad
5/13/2022,134910,2,Lime4,51,501,16-8kHz_57-70dB_300ms_8s_NG3,Discrimination,Normal,464,227,5,163,69,0.978448276,0.297413793,1.306034483,274.1290573,14.254,39,39,1,-0.258277352,12,20220513134910_123.543998971581_3.4590859190835,20210515,Male,WT,0.166705076,2,Broad
5/14/2022,134932,2,Lime4,51,495,16-8kHz_57-70dB_300ms_8s_NG3,Discrimination,Normal,486,235,8,190,53,0.967078189,0.218106996,1.281893004,296.8396154,8,0,40,0,4.044145818,12,20220514134932_114.02999907732_1.14815935238704,20210515,Male,WT,1,12,Broad
5/14/2022,134932,2,Lime4,51,495,16-8kHz_57-70dB_300ms_8s_NG3,Discrimination,Normal,486,235,8,190,53,0.967078189,0.218106996,1.281893004,296.8396154,8.898,1,40,0.025,4.044145818,12,20220514134932_114.02999907732_1.14815935238704,20210515,Male,WT,0.846518901,10,Broad
5/14/2022,134932,2,Lime4,51,495,16-8kHz_57-70dB_300ms_8s_NG3,Discrimination,Normal,486,235,8,190,53,0.967078189,0.218106996,1.281893004,296.8396154,10.079,1,40,0.025,4.044145818,12,20220514134932_114.02999907732_1.14815935238704,20210515,Male,WT,0.666719398,8,Broad
5/14/2022,134932,2,Lime4,51,495,16-8kHz_57-70dB_300ms_8s_NG3,Discrimination,Normal,486,235,8,190,53,0.967078189,0.218106996,1.281893004,296.8396154,11.314,2,41,0.048780488,3.349378362,12,20220514134932_114.02999907732_1.14815935238704,20210515,Male,WT,0.499962829,6,Broad
5/14/2022,134932,2,Lime4,51,495,16-8kHz_57-70dB_300ms_8s_NG3,Discrimination,Normal,486,235,8,190,53,0.967078189,0.218106996,1.281893004,296.8396154,12.699,9,41,0.219512195,2.618508805,12,20220514134932_114.02999907732_1.14815935238704,20210515,Male,WT,0.333357011,4,Broad
5/14/2022,134932,2,Lime4,51,495,16-8kHz_57-70dB_300ms_8s_NG3,Discrimination,Normal,486,235,8,190,53,0.967078189,0.218106996,1.281893004,296.8396154,14.254,40,41,0.975609756,0.010978803,12,20220514134932_114.02999907732_1.14815935238704,20210515,Male,WT,0.166705076,2,Broad
5/18/2022,141623,2,Lime4,51,506,16-11.3kHz_57-70dB_300ms_8s_NG3,Discrimination,Normal,444,207,15,147,75,0.932432432,0.337837838,1.297297297,347.1869324,8,3,37,0.081081081,2.959388701,12,20220518141623_73.7819977104664_1.48048610209239,20210515,Male,WT,1,12,Zoom
5/18/2022,141623,2,Lime4,51,506,16-11.3kHz_57-70dB_300ms_8s_NG3,Discrimination,Normal,444,207,15,147,75,0.932432432,0.337837838,1.297297297,347.1869324,11.314,1,37,0.027027027,3.209681335,12,20220518141623_73.7819977104664_1.48048610209239,20210515,Male,WT,0.499962829,6,Zoom
5/18/2022,141623,2,Lime4,51,506,16-11.3kHz_57-70dB_300ms_8s_NG3,Discrimination,Normal,444,207,15,147,75,0.932432432,0.337837838,1.297297297,347.1869324,11.986,5,37,0.135135135,2.632152394,12,20220518141623_73.7819977104664_1.48048610209239,20210515,Male,WT,0.416721626,5,Zoom
5/18/2022,141623,2,Lime4,51,506,16-11.3kHz_57-70dB_300ms_8s_NG3,Discrimination,Normal,444,207,15,147,75,0.932432432,0.337837838,1.297297297,347.1869324,12.699,15,37,0.405405405,1.739625281,12,20220518141623_73.7819977104664_1.48048610209239,20210515,Male,WT,0.333357011,4,Zoom
5/18/2022,141623,2,Lime4,51,506,16-11.3kHz_57-70dB_300ms_8s_NG3,Discrimination,Normal,444,207,15,147,75,0.932432432,0.337837838,1.297297297,347.1869324,13.454,17,37,0.459459459,1.601144473,12,20220518141623_73.7819977104664_1.48048610209239,20210515,Male,WT,0.250036742,3,Zoom
5/18/2022,141623,2,Lime4,51,506,16-11.3kHz_57-70dB_300ms_8s_NG3,Discrimination,Normal,444,207,15,147,75,0.932432432,0.337837838,1.297297297,347.1869324,14.254,34,37,0.918918919,0.152252314,12,20220518141623_73.7819977104664_1.48048610209239,20210515,Male,WT,0.166705076,2,Zoom
5/19/2022,134238,2,Lime4,51,506,16-11.3kHz_57-70dB_300ms_8s_NG3,Discrimination,Normal,424,203,9,135,77,0.95754717,0.363207547,1.431603774,328.1975743,8,1,35,0.028571429,3.87539316,12,20220519134238_117.505005374551_2.35741470199618,20210515,Male,WT,1,12,Zoom
5/19/2022,134238,2,Lime4,51,506,16-11.3kHz_57-70dB_300ms_8s_NG3,Discrimination,Normal,424,203,9,135,77,0.95754717,0.363207547,1.431603774,328.1975743,11.314,3,35,0.085714286,3.151277197,12,20220519134238_117.505005374551_2.35741470199618,20210515,Male,WT,0.499962829,6,Zoom
5/19/2022,134238,2,Lime4,51,506,16-11.3kHz_57-70dB_300ms_8s_NG3,Discrimination,Normal,424,203,9,135,77,0.95754717,0.363207547,1.431603774,328.1975743,11.986,6,36,0.166666667,2.710635797,12,20220519134238_117.505005374551_2.35741470199618,20210515,Male,WT,0.416721626,5,Zoom
5/19/2022,134238,2,Lime4,51,506,16-11.3kHz_57-70dB_300ms_8s_NG3,Discrimination,Normal,424,203,9,135,77,0.95754717,0.363207547,1.431603774,328.1975743,12.699,13,35,0.371428571,2.052149761,12,20220519134238_117.505005374551_2.35741470199618,20210515,Male,WT,0.333357011,4,Zoom
5/19/2022,134238,2,Lime4,51,506,16-11.3kHz_57-70dB_300ms_8s_NG3,Discrimination,Normal,424,203,9,135,77,0.95754717,0.363207547,1.431603774,328.1975743,13.454,22,35,0.628571429,1.395536633,12,20220519134238_117.505005374551_2.35741470199618,20210515,Male,WT,0.250036742,3,Zoom
5/19/2022,134238,2,Lime4,51,506,16-11.3kHz_57-70dB_300ms_8s_NG3,Discrimination,Normal,424,203,9,135,77,0.95754717,0.363207547,1.431603774,328.1975743,14.254,32,36,0.888888889,0.535694024,12,20220519134238_117.505005374551_2.35741470199618,20210515,Male,WT,0.166705076,2,Zoom
5/20/2022,134348,2,Lime4,51,503,16-11.3kHz_57-70dB_300ms_8s_NG3,Discrimination,Normal,435,203,14,145,73,0.935483871,0.334862385,1.390804598,339.8776305,8,2,36,0.055555556,3.219506827,12,20220520134348_139.994996041059_2.057375441223,20210515,Male,WT,1,12,Zoom
5/20/2022,134348,2,Lime4,51,503,16-11.3kHz_57-70dB_300ms_8s_NG3,Discrimination,Normal,435,203,14,145,73,0.935483871,0.334862385,1.390804598,339.8776305,11.314,2,37,0.054054054,2.981997339,12,20220520134348_139.994996041059_2.057375441223,20210515,Male,WT,0.499962829,6,Zoom
5/20/2022,134348,2,Lime4,51,503,16-11.3kHz_57-70dB_300ms_8s_NG3,Discrimination,Normal,435,203,14,145,73,0.935483871,0.334862385,1.390804598,339.8776305,11.986,7,36,0.194444444,2.401092357,12,20220520134348_139.994996041059_2.057375441223,20210515,Male,WT,0.416721626,5,Zoom
5/20/2022,134348,2,Lime4,51,503,16-11.3kHz_57-70dB_300ms_8s_NG3,Discrimination,Normal,435,203,14,145,73,0.935483871,0.334862385,1.390804598,339.8776305,12.699,10,36,0.277777778,2.036364713,12,20220520134348_139.994996041059_2.057375441223,20210515,Male,WT,0.333357011,4,Zoom
5/20/2022,134348,2,Lime4,51,503,16-11.3kHz_57-70dB_300ms_8s_NG3,Discrimination,Normal,435,203,14,145,73,0.935483871,0.334862385,1.390804598,339.8776305,13.454,20,36,0.555555556,1.312882491,12,20220520134348_139.994996041059_2.057375441223,20210515,Male,WT,0.250036742,3,Zoom
5/20/2022,134348,2,Lime4,51,503,16-11.3kHz_57-70dB_300ms_8s_NG3,Discrimination,Normal,435,203,14,145,73,0.935483871,0.334862385,1.390804598,339.8776305,14.254,32,37,0.864864865,0.445595689,12,20220520134348_139.994996041059_2.057375441223,20210515,Male,WT,0.166705076,2,Zoom
5/11/2022,134707,3,Teal1,54,408,16-32kHz_60dB_300ms_22s_NG3,Discrimination,Normal,211,104,2,40,65,0.981132075,0.619047619,1.099526066,287.3373462,17.959,18,18,1,0.049711017,12,20220511134707_141.306998580694_1.88047501226387,20210515,Male,WT,-0.166635114,2,Broad
5/11/2022,134707,3,Teal1,54,408,16-32kHz_60dB_300ms_22s_NG3,Discrimination,Normal,211,104,2,40,65,0.981132075,0.619047619,1.099526066,287.3373462,20.159,13,17,0.764705882,1.335312624,12,20220511134707_141.306998580694_1.88047501226387,20210515,Male,WT,-0.33335217,4,Broad
5/11/2022,134707,3,Teal1,54,408,16-32kHz_60dB_300ms_22s_NG3,Discrimination,Normal,211,104,2,40,65,0.981132075,0.619047619,1.099526066,287.3373462,22.627,10,17,0.588235294,1.816229732,12,20220511134707_141.306998580694_1.88047501226387,20210515,Male,WT,-0.499973413,6,Broad
5/11/2022,134707,3,Teal1,54,408,16-32kHz_60dB_300ms_22s_NG3,Discrimination,Normal,211,104,2,40,65,0.981132075,0.619047619,1.099526066,287.3373462,25.398,8,18,0.444444444,2.174645236,12,20220511134707_141.306998580694_1.88047501226387,20210515,Male,WT,-0.666642989,8,Broad
5/11/2022,134707,3,Teal1,54,408,16-32kHz_60dB_300ms_22s_NG3,Discrimination,Normal,211,104,2,40,65,0.981132075,0.619047619,1.099526066,287.3373462,28.509,9,18,0.5,2.033901762,12,20220511134707_141.306998580694_1.88047501226387,20210515,Male,WT,-0.83334553,10,Broad
5/11/2022,134707,3,Teal1,54,408,16-32kHz_60dB_300ms_22s_NG3,Discrimination,Normal,211,104,2,40,65,0.981132075,0.619047619,1.099526066,287.3373462,32,7,17,0.411764706,2.263523752,12,20220511134707_141.306998580694_1.88047501226387,20210515,Male,WT,-1,12,Broad
5/14/2022,134933,3,Teal1,54,408,16-32kHz_60dB_300ms_22s_NG3,Discrimination,Normal,249,123,1,64,61,0.991935484,0.488,1.124497992,315.0757642,17.959,19,21,0.904761905,1.058407152,12,20220514134933_142.315995320678_2.53037340446292,20210515,Male,WT,-0.166635114,2,Broad
5/14/2022,134933,3,Teal1,54,408,16-32kHz_60dB_300ms_22s_NG3,Discrimination,Normal,249,123,1,64,61,0.991935484,0.488,1.124497992,315.0757642,20.159,10,21,0.476190476,2.357816382,12,20220514134933_142.315995320678_2.53037340446292,20210515,Male,WT,-0.33335217,4,Broad
5/14/2022,134933,3,Teal1,54,408,16-32kHz_60dB_300ms_22s_NG3,Discrimination,Normal,249,123,1,64,61,0.991935484,0.488,1.124497992,315.0757642,22.627,14,21,0.666666667,1.872061912,12,20220514134933_142.315995320678_2.53037340446292,20210515,Male,WT,-0.499973413,6,Broad
5/14/2022,134933,3,Teal1,54,408,16-32kHz_60dB_300ms_22s_NG3,Discrimination,Normal,249,123,1,64,61,0.991935484,0.488,1.124497992,315.0757642,25.398,6,20,0.3,2.835928395,12,20220514134933_142.315995320678_2.53037340446292,20210515,Male,WT,-0.666642989,8,Broad
5/14/2022,134933,3,Teal1,54,408,16-32kHz_60dB_300ms_22s_NG3,Discrimination,Normal,249,123,1,64,61,0.991935484,0.488,1.124497992,315.0757642,28.509,6,21,0.285714286,2.87565243,12,20220514134933_142.315995320678_2.53037340446292,20210515,Male,WT,-0.83334553,10,Broad
5/14/2022,134933,3,Teal1,54,408,16-32kHz_60dB_300ms_22s_NG3,Discrimination,Normal,249,123,1,64,61,0.991935484,0.488,1.124497992,315.0757642,32,6,21,0.285714286,2.87565243,12,20220514134933_142.315995320678_2.53037340446292,20210515,Male,WT,-1,12,Broad
5/18/2022,141623,3,Teal1,54,413,16-32kHz_60dB_300ms_22s_NG3,Discrimination,Normal,227,112,1,62,52,0.991150442,0.456140351,1.110132159,295.3245625,17.959,17,19,0.894736842,1.0814522,12,20220518141623_65.6820014119148_3.95917082108074,20210515,Male,WT,-0.166635114,2,Broad
5/18/2022,141623,3,Teal1,54,413,16-32kHz_60dB_300ms_22s_NG3,Discrimination,Normal,227,112,1,62,52,0.991150442,0.456140351,1.110132159,295.3245625,20.159,14,19,0.736842105,1.645487639,12,20220518141623_65.6820014119148_3.95917082108074,20210515,Male,WT,-0.33335217,4,Broad
5/18/2022,141623,3,Teal1,54,413,16-32kHz_60dB_300ms_22s_NG3,Discrimination,Normal,227,112,1,62,52,0.991150442,0.456140351,1.110132159,295.3245625,22.627,8,19,0.421052632,2.467404707,12,20220518141623_65.6820014119148_3.95917082108074,20210515,Male,WT,-0.499973413,6,Broad
5/18/2022,141623,3,Teal1,54,413,16-32kHz_60dB_300ms_22s_NG3,Discrimination,Normal,227,112,1,62,52,0.991150442,0.456140351,1.110132159,295.3245625,25.398,5,19,0.263157895,2.916908081,12,20220518141623_65.6820014119148_3.95917082108074,20210515,Male,WT,-0.666642989,8,Broad
5/18/2022,141623,3,Teal1,54,413,16-32kHz_60dB_300ms_22s_NG3,Discrimination,Normal,227,112,1,62,52,0.991150442,0.456140351,1.110132159,295.3245625,28.509,6,19,0.315789474,2.755333524,12,20220518141623_65.6820014119148_3.95917082108074,20210515,Male,WT,-0.83334553,10,Broad
5/18/2022,141623,3,Teal1,54,413,16-32kHz_60dB_300ms_22s_NG3,Discrimination,Normal,227,112,1,62,52,0.991150442,0.456140351,1.110132159,295.3245625,32,2,19,0.105263158,3.61259816,12,20220518141623_65.6820014119148_3.95917082108074,20210515,Male,WT,-1,12,Broad
5/20/2022,134348,3,Teal1,54,417,16-22.6kHz_60dB_300ms_22s_NG3,Discrimination,Normal,247,122,1,65,59,0.991869919,0.475806452,1.129554656,303.2186694,17.959,17,21,0.80952381,1.443264221,12,20220520134348_46.5909965336323_2.29088236272476,20210515,Male,WT,-0.166635114,2,Zoom
5/20/2022,134348,3,Teal1,54,417,16-22.6kHz_60dB_300ms_22s_NG3,Discrimination,Normal,247,122,1,65,59,0.991869919,0.475806452,1.129554656,303.2186694,19.027,15,21,0.714285714,1.737702258,12,20220520134348_46.5909965336323_2.29088236272476,20210515,Male,WT,-0.249976204,3,Zoom
5/20/2022,134348,3,Teal1,54,417,16-22.6kHz_60dB_300ms_22s_NG3,Discrimination,Normal,247,122,1,65,59,0.991869919,0.475806452,1.129554656,303.2186694,20.159,11,21,0.523809524,2.234902829,12,20220520134348_46.5909965336323_2.29088236272476,20210515,Male,WT,-0.33335217,4,Zoom
5/20/2022,134348,3,Teal1,54,417,16-22.6kHz_60dB_300ms_22s_NG3,Discrimination,Normal,247,122,1,65,59,0.991869919,0.475806452,1.129554656,303.2186694,21.357,8,21,0.380952381,2.601009186,12,20220520134348_46.5909965336323_2.29088236272476,20210515,Male,WT,-0.416637102,5,Zoom
5/20/2022,134348,3,Teal1,54,417,16-22.6kHz_60dB_300ms_22s_NG3,Discrimination,Normal,247,122,1,65,59,0.991869919,0.475806452,1.129554656,303.2186694,22.627,6,20,0.3,2.832662955,12,20220520134348_46.5909965336323_2.29088236272476,20210515,Male,WT,-0.499973413,6,Zoom
5/20/2022,134348,3,Teal1,54,417,16-22.6kHz_60dB_300ms_22s_NG3,Discrimination,Normal,247,122,1,65,59,0.991869919,0.475806452,1.129554656,303.2186694,32,2,20,0.1,3.6744343,12,20220520134348_46.5909965336323_2.29088236272476,20210515,Male,WT,-1,12,Zoom
5/21/2022,134111,3,Teal1,54,416,16-22.6kHz_60dB_300ms_22s_NG3,Discrimination,Normal,254,126,1,66,61,0.992125984,0.480314961,1.12992126,293.0634444,17.959,19,21,0.904761905,1.068019789,12,20220521134111_198.444005101919_1.8054957670388,20210515,Male,WT,-0.166635114,2,Zoom
5/21/2022,134111,3,Teal1,54,416,16-22.6kHz_60dB_300ms_22s_NG3,Discrimination,Normal,254,126,1,66,61,0.992125984,0.480314961,1.12992126,293.0634444,19.027,12,21,0.571428571,2.128132794,12,20220521134111_198.444005101919_1.8054957670388,20210515,Male,WT,-0.249976204,3,Zoom
5/21/2022,134111,3,Teal1,54,416,16-22.6kHz_60dB_300ms_22s_NG3,Discrimination,Normal,254,126,1,66,61,0.992125984,0.480314961,1.12992126,293.0634444,20.159,9,22,0.409090909,2.536590262,12,20220521134111_198.444005101919_1.8054957670388,20210515,Male,WT,-0.33335217,4,Zoom
5/21/2022,134111,3,Teal1,54,416,16-22.6kHz_60dB_300ms_22s_NG3,Discrimination,Normal,254,126,1,66,61,0.992125984,0.480314961,1.12992126,293.0634444,21.357,5,21,0.238095238,2.885265068,12,20220521134111_198.444005101919_1.8054957670388,20210515,Male,WT,-0.416637102,5,Zoom
5/21/2022,134111,3,Teal1,54,416,16-22.6kHz_60dB_300ms_22s_NG3,Discrimination,Normal,254,126,1,66,61,0.992125984,0.480314961,1.12992126,293.0634444,22.627,10,21,0.476190476,2.36742902,12,20220521134111_198.444005101919_1.8054957670388,20210515,Male,WT,-0.499973413,6,Zoom
5/21/2022,134111,3,Teal1,54,416,16-22.6kHz_60dB_300ms_22s_NG3,Discrimination,Normal,254,126,1,66,61,0.992125984,0.480314961,1.12992126,293.0634444,32,6,21,0.285714286,2.885265068,12,20220521134111_198.444005101919_1.8054957670388,20210515,Male,WT,-1,12,Zoom
5/26/2022,134416,3,Teal1,54,412,16-22.6kHz_60dB_300ms_22s_NG3,Discrimination,Normal,267,128,5,79,55,0.962406015,0.410447761,1.119850187,273.7030391,17.959,21,22,0.954545455,0.320422196,12,20220526134416_153.015001863241_3.44992344704006,20210515,Male,WT,-0.166635114,2,Zoom
5/26/2022,134416,3,Teal1,54,412,16-22.6kHz_60dB_300ms_22s_NG3,Discrimination,Normal,267,128,5,79,55,0.962406015,0.410447761,1.119850187,273.7030391,19.027,13,22,0.590909091,1.638145149,12,20220526134416_153.015001863241_3.44992344704006,20210515,Male,WT,-0.249976204,3,Zoom
5/26/2022,134416,3,Teal1,54,412,16-22.6kHz_60dB_300ms_22s_NG3,Discrimination,Normal,267,128,5,79,55,0.962406015,0.410447761,1.119850187,273.7030391,20.159,9,22,0.409090909,1.981639328,12,20220526134416_153.015001863241_3.44992344704006,20210515,Male,WT,-0.33335217,4,Zoom
5/26/2022,134416,3,Teal1,54,412,16-22.6kHz_60dB_300ms_22s_NG3,Discrimination,Normal,267,128,5,79,55,0.962406015,0.410447761,1.119850187,273.7030391,21.357,6,23,0.260869565,2.518994742,12,20220526134416_153.015001863241_3.44992344704006,20210515,Male,WT,-0.416637102,5,Zoom
5/26/2022,134416,3,Teal1,54,412,16-22.6kHz_60dB_300ms_22s_NG3,Discrimination,Normal,267,128,5,79,55,0.962406015,0.410447761,1.119850187,273.7030391,22.627,2,23,0.086956522,3.322281825,12,20220526134416_153.015001863241_3.44992344704006,20210515,Male,WT,-0.499973413,6,Zoom
5/26/2022,134416,3,Teal1,54,412,16-22.6kHz_60dB_300ms_22s_NG3,Discrimination,Normal,267,128,5,79,55,0.962406015,0.410447761,1.119850187,273.7030391,32,4,22,0.181818182,2.808093411,12,20220526134416_153.015001863241_3.44992344704006,20210515,Male,WT,-1,12,Zoom
5/27/2022,131902,3,Teal1,54,415,16-22.6kHz_60dB_300ms_22s_NG3,Discrimination,Normal,295,141,6,102,46,0.959183673,0.310810811,1.098305085,297.3306738,17.959,20,24,0.833333333,0.800134633,12,20220527131902_172.718998789787_2.00433569048032,20210515,Male,WT,-0.166635114,2,Zoom
5/27/2022,131902,3,Teal1,54,415,16-22.6kHz_60dB_300ms_22s_NG3,Discrimination,Normal,295,141,6,102,46,0.959183673,0.310810811,1.098305085,297.3306738,19.027,7,25,0.28,2.211681705,12,20220527131902_172.718998789787_2.00433569048032,20210515,Male,WT,-0.249976204,3,Zoom
5/27/2022,131902,3,Teal1,54,415,16-22.6kHz_60dB_300ms_22s_NG3,Discrimination,Normal,295,141,6,102,46,0.959183673,0.310810811,1.098305085,297.3306738,20.159,7,25,0.28,2.330626597,12,20220527131902_172.718998789787_2.00433569048032,20210515,Male,WT,-0.33335217,4,Zoom
5/27/2022,131902,3,Teal1,54,415,16-22.6kHz_60dB_300ms_22s_NG3,Discrimination,Normal,295,141,6,102,46,0.959183673,0.310810811,1.098305085,297.3306738,21.357,6,25,0.24,2.459474406,12,20220527131902_172.718998789787_2.00433569048032,20210515,Male,WT,-0.416637102,5,Zoom
5/27/2022,131902,3,Teal1,54,415,16-22.6kHz_60dB_300ms_22s_NG3,Discrimination,Normal,295,141,6,102,46,0.959183673,0.310810811,1.098305085,297.3306738,22.627,3,25,0.12,2.968832757,12,20220527131902_172.718998789787_2.00433569048032,20210515,Male,WT,-0.499973413,6,Zoom
5/27/2022,131902,3,Teal1,54,415,16-22.6kHz_60dB_300ms_22s_NG3,Discrimination,Normal,295,141,6,102,46,0.959183673,0.310810811,1.098305085,297.3306738,32,3,24,0.125,2.741753644,12,20220527131902_172.718998789787_2.00433569048032,20210515,Male,WT,-1,12,Zoom
5/19/2022,134238,4,Teal2,55,461,8-4kHz_60dB_300ms_8s_NG3,Discrimination,Normal,278,139,0,44,95,1,0.683453237,1.28057554,248.6706978,4,7,23,0.304347826,3.126203818,12,20220519134238_111.579006537795_2.50226302210237,20210515,Male,KO,1,12,Broad
5/19/2022,134238,4,Teal2,55,461,8-4kHz_60dB_300ms_8s_NG3,Discrimination,Normal,278,139,0,44,95,1,0.683453237,1.28057554,248.6706978,4.449,5,23,0.217391304,3.532713926,12,20220519134238_111.579006537795_2.50226302210237,20210515,Male,KO,0.846518901,10,Broad
5/19/2022,134238,4,Teal2,55,461,8-4kHz_60dB_300ms_8s_NG3,Discrimination,Normal,278,139,0,44,95,1,0.683453237,1.28057554,248.6706978,5.04,15,23,0.652173913,2.224715393,12,20220519134238_111.579006537795_2.50226302210237,20210515,Male,KO,0.666576266,8,Broad
5/19/2022,134238,4,Teal2,55,461,8-4kHz_60dB_300ms_8s_NG3,Discrimination,Normal,278,139,0,44,95,1,0.683453237,1.28057554,248.6706978,5.657,23,24,0.958333333,1.141339061,12,20220519134238_111.579006537795_2.50226302210237,20210515,Male,KO,0.499962829,6,Broad
5/19/2022,134238,4,Teal2,55,461,8-4kHz_60dB_300ms_8s_NG3,Discrimination,Normal,278,139,0,44,95,1,0.683453237,1.28057554,248.6706978,6.35,22,23,0.956521739,1.16307002,12,20220519134238_111.579006537795_2.50226302210237,20210515,Male,KO,0.333243408,4,Broad
5/19/2022,134238,4,Teal2,55,461,8-4kHz_60dB_300ms_8s_NG3,Discrimination,Normal,278,139,0,44,95,1,0.683453237,1.28057554,248.6706978,7.127,23,23,1,0.656373405,12,20220519134238_111.579006537795_2.50226302210237,20210515,Male,KO,0.166705076,2,Broad
5/20/2022,134348,4,Teal2,55,455,8-4kHz_60dB_300ms_8s_NG3,Discrimination,Normal,296,145,3,63,85,0.97972973,0.574324324,1.222972973,261.9151379,4,7,25,0.28,2.493418296,12,20220520134348_29.6789981424809_1.58775516994403,20210515,Male,KO,1,12,Broad
5/20/2022,134348,4,Teal2,55,455,8-4kHz_60dB_300ms_8s_NG3,Discrimination,Normal,296,145,3,63,85,0.97972973,0.574324324,1.222972973,261.9151379,4.449,4,24,0.166666667,2.856164343,12,20220520134348_29.6789981424809_1.58775516994403,20210515,Male,KO,0.846518901,10,Broad
5/20/2022,134348,4,Teal2,55,455,8-4kHz_60dB_300ms_8s_NG3,Discrimination,Normal,296,145,3,63,85,0.97972973,0.574324324,1.222972973,261.9151379,5.04,10,25,0.4,2.274498572,12,20220520134348_29.6789981424809_1.58775516994403,20210515,Male,KO,0.666576266,8,Broad
5/20/2022,134348,4,Teal2,55,455,8-4kHz_60dB_300ms_8s_NG3,Discrimination,Normal,296,145,3,63,85,0.97972973,0.574324324,1.222972973,261.9151379,5.657,19,25,0.76,1.325672378,12,20220520134348_29.6789981424809_1.58775516994403,20210515,Male,KO,0.499962829,6,Broad
5/20/2022,134348,4,Teal2,55,455,8-4kHz_60dB_300ms_8s_NG3,Discrimination,Normal,296,145,3,63,85,0.97972973,0.574324324,1.222972973,261.9151379,6.35,21,25,0.84,1.053652696,12,20220520134348_29.6789981424809_1.58775516994403,20210515,Male,KO,0.333243408,4,Broad
5/20/2022,134348,4,Teal2,55,455,8-4kHz_60dB_300ms_8s_NG3,Discrimination,Normal,296,145,3,63,85,0.97972973,0.574324324,1.222972973,261.9151379,7.127,24,24,1,-0.067816348,12,20220520134348_29.6789981424809_1.58775516994403,20210515,Male,KO,0.166705076,2,Broad
5/21/2022,134111,4,Teal2,55,454,8-4kHz_60dB_300ms_8s_NG3,Discrimination,Normal,339,168,1,90,80,0.99408284,0.470588235,1.197640118,272.0732738,4,7,29,0.24137931,3.007243465,12,20220521134111_200.621995702386_1.37203253370425,20210515,Male,KO,1,12,Broad
5/21/2022,134111,4,Teal2,55,454,8-4kHz_60dB_300ms_8s_NG3,Discrimination,Normal,339,168,1,90,80,0.99408284,0.470588235,1.197640118,272.0732738,4.449,5,28,0.178571429,3.214087281,12,20220521134111_200.621995702386_1.37203253370425,20210515,Male,KO,0.846518901,10,Broad
5/21/2022,134111,4,Teal2,55,454,8-4kHz_60dB_300ms_8s_NG3,Discrimination,Normal,339,168,1,90,80,0.99408284,0.470588235,1.197640118,272.0732738,5.04,5,28,0.178571429,3.214087281,12,20220521134111_200.621995702386_1.37203253370425,20210515,Male,KO,0.666576266,8,Broad
5/21/2022,134111,4,Teal2,55,454,8-4kHz_60dB_300ms_8s_NG3,Discrimination,Normal,339,168,1,90,80,0.99408284,0.470588235,1.197640118,272.0732738,5.657,17,29,0.586206897,2.18589882,12,20220521134111_200.621995702386_1.37203253370425,20210515,Male,KO,0.499962829,6,Broad
5/21/2022,134111,4,Teal2,55,454,8-4kHz_60dB_300ms_8s_NG3,Discrimination,Normal,339,168,1,90,80,0.99408284,0.470588235,1.197640118,272.0732738,6.35,20,28,0.714285714,1.845483781,12,20220521134111_200.621995702386_1.37203253370425,20210515,Male,KO,0.333243408,4,Broad
5/21/2022,134111,4,Teal2,55,454,8-4kHz_60dB_300ms_8s_NG3,Discrimination,Normal,339,168,1,90,80,0.99408284,0.470588235,1.197640118,272.0732738,7.127,26,28,0.928571429,1.014473248,12,20220521134111_200.621995702386_1.37203253370425,20210515,Male,KO,0.166705076,2,Broad
5/25/2022,133006,4,Teal2,55,451,8-5.7kHz_60dB_300ms_8s_NG3,Discrimination,Normal,270,135,0,25,110,1,0.814814815,1.222222222,254.366203,4,10,22,0.454545455,2.837032196,12,20220525133006_129.900995269418_3.60901299785078,20210515,Male,KO,1,12,Zoom
5/25/2022,133006,4,Teal2,55,451,8-5.7kHz_60dB_300ms_8s_NG3,Discrimination,Normal,270,135,0,25,110,1,0.814814815,1.222222222,254.366203,5.657,18,23,0.782608696,1.956182603,12,20220525133006_129.900995269418_3.60901299785078,20210515,Male,KO,0.499962829,6,Zoom
5/25/2022,133006,4,Teal2,55,451,8-5.7kHz_60dB_300ms_8s_NG3,Discrimination,Normal,270,135,0,25,110,1,0.814814815,1.222222222,254.366203,5.993,20,23,0.869565217,1.638130833,12,20220525133006_129.900995269418_3.60901299785078,20210515,Male,KO,0.416721626,5,Zoom
5/25/2022,133006,4,Teal2,55,451,8-5.7kHz_60dB_300ms_8s_NG3,Discrimination,Normal,270,135,0,25,110,1,0.814814815,1.222222222,254.366203,6.35,19,22,0.863636364,1.667083934,12,20220525133006_129.900995269418_3.60901299785078,20210515,Male,KO,0.333243408,4,Zoom
5/25/2022,133006,4,Teal2,55,451,8-5.7kHz_60dB_300ms_8s_NG3,Discrimination,Normal,270,135,0,25,110,1,0.814814815,1.222222222,254.366203,6.727,20,22,0.909090909,1.457871056,12,20220525133006_129.900995269418_3.60901299785078,20210515,Male,KO,0.250036742,3,Zoom
5/25/2022,133006,4,Teal2,55,451,8-5.7kHz_60dB_300ms_8s_NG3,Discrimination,Normal,270,135,0,25,110,1,0.814814815,1.222222222,254.366203,7.127,23,23,1,0.646198905,12,20220525133006_129.900995269418_3.60901299785078,20210515,Male,KO,0.166705076,2,Zoom
5/27/2022,131902,4,Teal2,55,451,8-5.7kHz_60dB_300ms_8s_NG3,Discrimination,Normal,271,134,1,31,105,0.992592593,0.772058824,1.236162362,239.2565149,4,8,23,0.347826087,3.116029319,12,20220527131902_241.506002470851_3.96112767947398,20210515,Male,KO,1,12,Zoom
5/27/2022,131902,4,Teal2,55,451,8-5.7kHz_60dB_300ms_8s_NG3,Discrimination,Normal,271,134,1,31,105,0.992592593,0.772058824,1.236162362,239.2565149,5.657,12,22,0.545454545,2.608285432,12,20220527131902_241.506002470851_3.96112767947398,20210515,Male,KO,0.499962829,6,Zoom
5/27/2022,131902,4,Teal2,55,451,8-5.7kHz_60dB_300ms_8s_NG3,Discrimination,Normal,271,134,1,31,105,0.992592593,0.772058824,1.236162362,239.2565149,5.993,19,23,0.826086957,1.808030786,12,20220527131902_241.506002470851_3.96112767947398,20210515,Male,KO,0.416721626,5,Zoom
5/27/2022,131902,4,Teal2,55,451,8-5.7kHz_60dB_300ms_8s_NG3,Discrimination,Normal,271,134,1,31,105,0.992592593,0.772058824,1.236162362,239.2565149,6.35,21,22,0.954545455,1.175815064,12,20220527131902_241.506002470851_3.96112767947398,20210515,Male,KO,0.333243408,4,Zoom
5/27/2022,131902,4,Teal2,55,451,8-5.7kHz_60dB_300ms_8s_NG3,Discrimination,Normal,271,134,1,31,105,0.992592593,0.772058824,1.236162362,239.2565149,6.727,23,23,1,0.646198905,12,20220527131902_241.506002470851_3.96112767947398,20210515,Male,KO,0.250036742,3,Zoom
5/27/2022,131902,4,Teal2,55,451,8-5.7kHz_60dB_300ms_8s_NG3,Discrimination,Normal,271,134,1,31,105,0.992592593,0.772058824,1.236162362,239.2565149,7.127,22,23,0.956521739,1.15289552,12,20220527131902_241.506002470851_3.96112767947398,20210515,Male,KO,0.166705076,2,Zoom
5/28/2022,132655,4,Teal2,55,448,8-5.7kHz_60dB_300ms_8s_NG3,Discrimination,Normal,281,140,1,39,101,0.992907801,0.721428571,1.263345196,277.5664429,4,7,23,0.304347826,2.864462747,12,20220528132655_63.3300025016069_1.03790661266473,20210515,Male,KO,1,12,Zoom
5/28/2022,132655,4,Teal2,55,448,8-5.7kHz_60dB_300ms_8s_NG3,Discrimination,Normal,281,140,1,39,101,0.992907801,0.721428571,1.263345196,277.5664429,5.657,16,23,0.695652174,1.838609254,12,20220528132655_63.3300025016069_1.03790661266473,20210515,Male,KO,0.499962829,6,Zoom
5/28/2022,132655,4,Teal2,55,448,8-5.7kHz_60dB_300ms_8s_NG3,Discrimination,Normal,281,140,1,39,101,0.992907801,0.721428571,1.263345196,277.5664429,5.993,17,23,0.739130435,1.714244185,12,20220528132655_63.3300025016069_1.03790661266473,20210515,Male,KO,0.416721626,5,Zoom
5/28/2022,132655,4,Teal2,55,448,8-5.7kHz_60dB_300ms_8s_NG3,Discrimination,Normal,281,140,1,39,101,0.992907801,0.721428571,1.263345196,277.5664429,6.35,16,23,0.695652174,1.838609254,12,20220528132655_63.3300025016069_1.03790661266473,20210515,Male,KO,0.333243408,4,Zoom
5/28/2022,132655,4,Teal2,55,448,8-5.7kHz_60dB_300ms_8s_NG3,Discrimination,Normal,281,140,1,39,101,0.992907801,0.721428571,1.263345196,277.5664429,6.727,22,24,0.916666667,1.031191905,12,20220528132655_63.3300025016069_1.03790661266473,20210515,Male,KO,0.250036742,3,Zoom
5/28/2022,132655,4,Teal2,55,448,8-5.7kHz_60dB_300ms_8s_NG3,Discrimination,Normal,281,140,1,39,101,0.992907801,0.721428571,1.263345196,277.5664429,7.127,23,24,0.958333333,0.755232922,12,20220528132655_63.3300025016069_1.03790661266473,20210515,Male,KO,0.166705076,2,Zoom
6/2/2022,132241,4,Teal2,55,449,8-5.7kHz_60dB_300ms_8s_NG3,Discrimination,Normal,271,134,2,31,104,0.985294118,0.77037037,1.195571956,228.8935896,4,7,22,0.318181818,2.812605239,12,20220602132241_162.208001688123_3.15204155929104,20210515,Male,KO,1,12,Zoom
6/2/2022,132241,4,Teal2,55,449,8-5.7kHz_60dB_300ms_8s_NG3,Discrimination,Normal,271,134,2,31,104,0.985294118,0.77037037,1.195571956,228.8935896,5.657,17,23,0.739130435,1.699976852,12,20220602132241_162.208001688123_3.15204155929104,20210515,Male,KO,0.499962829,6,Zoom
6/2/2022,132241,4,Teal2,55,449,8-5.7kHz_60dB_300ms_8s_NG3,Discrimination,Normal,271,134,2,31,104,0.985294118,0.77037037,1.195571956,228.8935896,5.993,19,22,0.863636364,1.276884961,12,20220602132241_162.208001688123_3.15204155929104,20210515,Male,KO,0.416721626,5,Zoom
6/2/2022,132241,4,Teal2,55,449,8-5.7kHz_60dB_300ms_8s_NG3,Discrimination,Normal,271,134,2,31,104,0.985294118,0.77037037,1.195571956,228.8935896,6.35,18,22,0.818181818,1.449591642,12,20220602132241_162.208001688123_3.15204155929104,20210515,Male,KO,0.333243408,4,Zoom
6/2/2022,132241,4,Teal2,55,449,8-5.7kHz_60dB_300ms_8s_NG3,Discrimination,Normal,271,134,2,31,104,0.985294118,0.77037037,1.195571956,228.8935896,6.727,21,23,0.913043478,1.041591571,12,20220602132241_162.208001688123_3.15204155929104,20210515,Male,KO,0.250036742,3,Zoom
6/2/2022,132241,4,Teal2,55,449,8-5.7kHz_60dB_300ms_8s_NG3,Discrimination,Normal,271,134,2,31,104,0.985294118,0.77037037,1.195571956,228.8935896,7.127,22,23,0.956521739,0.762696547,12,20220602132241_162.208001688123_3.15204155929104,20210515,Male,KO,0.166705076,2,Zoom
6/9/2022,132602,7,Teal5,53,443,8-16kHz_60dB_300ms_16s_NG3,Discrimination,Normal,214,106,1,32,75,0.990654206,0.700934579,1.439252336,230.4392453,8.98,16,18,0.888888889,1.092598161,12,20220609132602_130.950003862381_2.66245470027119,20210515,Male,WT,-0.166715445,2,Broad
6/9/2022,132602,7,Teal5,53,443,8-16kHz_60dB_300ms_16s_NG3,Discrimination,Normal,214,106,1,32,75,0.990654206,0.700934579,1.439252336,230.4392453,10.079,12,17,0.705882353,1.720071138,12,20220609132602_130.950003862381_2.66245470027119,20210515,Male,WT,-0.333280602,4,Broad
6/9/2022,132602,7,Teal5,53,443,8-16kHz_60dB_300ms_16s_NG3,Discrimination,Normal,214,106,1,32,75,0.990654206,0.700934579,1.439252336,230.4392453,11.314,15,18,0.833333333,1.316288949,12,20220609132602_130.950003862381_2.66245470027119,20210515,Male,WT,-0.500037171,6,Broad
6/9/2022,132602,7,Teal5,53,443,8-16kHz_60dB_300ms_16s_NG3,Discrimination,Normal,214,106,1,32,75,0.990654206,0.700934579,1.439252336,230.4392453,12.699,12,18,0.666666667,1.822432651,12,20220609132602_130.950003862381_2.66245470027119,20210515,Male,WT,-0.666642989,8,Broad
6/9/2022,132602,7,Teal5,53,443,8-16kHz_60dB_300ms_16s_NG3,Discrimination,Normal,214,106,1,32,75,0.990654206,0.700934579,1.439252336,230.4392453,14.254,11,18,0.611111111,1.967494675,12,20220609132602_130.950003862381_2.66245470027119,20210515,Male,WT,-0.833294924,10,Broad
6/9/2022,132602,7,Teal5,53,443,8-16kHz_60dB_300ms_16s_NG3,Discrimination,Normal,214,106,1,32,75,0.990654206,0.700934579,1.439252336,230.4392453,16,9,18,0.5,2.108238149,12,20220609132602_130.950003862381_2.66245470027119,20210515,Male,WT,-1,12,Broad
6/10/2022,133017,7,Teal5,53,447,8-16kHz_60dB_300ms_16s_NG3,Discrimination,Normal,275,135,2,63,75,0.98540146,0.543478261,1.327272727,193.2315896,8.98,21,23,0.913043478,0.842669413,12,20220610133017_109.76100191474_3.00066879443037,20210515,Male,WT,-0.166715445,2,Broad
6/10/2022,133017,7,Teal5,53,447,8-16kHz_60dB_300ms_16s_NG3,Discrimination,Normal,275,135,2,63,75,0.98540146,0.543478261,1.327272727,193.2315896,10.079,11,23,0.47826087,2.185364457,12,20220610133017_109.76100191474_3.00066879443037,20210515,Male,WT,-0.333280602,4,Broad
6/10/2022,133017,7,Teal5,53,447,8-16kHz_60dB_300ms_16s_NG3,Discrimination,Normal,275,135,2,63,75,0.98540146,0.543478261,1.327272727,193.2315896,11.314,13,23,0.565217391,1.966963494,12,20220610133017_109.76100191474_3.00066879443037,20210515,Male,WT,-0.500037171,6,Broad
6/10/2022,133017,7,Teal5,53,447,8-16kHz_60dB_300ms_16s_NG3,Discrimination,Normal,275,135,2,63,75,0.98540146,0.543478261,1.327272727,193.2315896,12.699,12,23,0.52173913,2.076163975,12,20220610133017_109.76100191474_3.00066879443037,20210515,Male,WT,-0.666642989,8,Broad
6/10/2022,133017,7,Teal5,53,447,8-16kHz_60dB_300ms_16s_NG3,Discrimination,Normal,275,135,2,63,75,0.98540146,0.543478261,1.327272727,193.2315896,14.254,9,23,0.391304348,2.409169073,12,20220610133017_109.76100191474_3.00066879443037,20210515,Male,WT,-0.833294924,10,Broad
6/10/2022,133017,7,Teal5,53,447,8-16kHz_60dB_300ms_16s_NG3,Discrimination,Normal,275,135,2,63,75,0.98540146,0.543478261,1.327272727,193.2315896,16,9,23,0.391304348,2.409169073,12,20220610133017_109.76100191474_3.00066879443037,20210515,Male,WT,-1,12,Broad
6/14/2022,133100,7,Teal5,53,448,8-16kHz_60dB_300ms_16s_NG3,Discrimination,Normal,306,152,1,63,90,0.993464052,0.588235294,1.222222222,217.6350329,8.98,24,25,0.96,0.766533599,12,20220614133100_164.771999046206_2.87801508639351,20210515,Male,WT,-0.166715445,2,Broad
6/14/2022,133100,7,Teal5,53,448,8-16kHz_60dB_300ms_16s_NG3,Discrimination,Normal,306,152,1,63,90,0.993464052,0.588235294,1.222222222,217.6350329,10.079,16,25,0.64,2.015826406,12,20220614133100_164.771999046206_2.87801508639351,20210515,Male,WT,-0.333280602,4,Broad
6/14/2022,133100,7,Teal5,53,448,8-16kHz_60dB_300ms_16s_NG3,Discrimination,Normal,306,152,1,63,90,0.993464052,0.588235294,1.222222222,217.6350329,11.314,20,26,0.769230769,1.646817443,12,20220614133100_164.771999046206_2.87801508639351,20210515,Male,WT,-0.500037171,6,Broad
6/14/2022,133100,7,Teal5,53,448,8-16kHz_60dB_300ms_16s_NG3,Discrimination,Normal,306,152,1,63,90,0.993464052,0.588235294,1.222222222,217.6350329,12.699,11,25,0.44,2.523200673,12,20220614133100_164.771999046206_2.87801508639351,20210515,Male,WT,-0.666642989,8,Broad
6/14/2022,133100,7,Teal5,53,448,8-16kHz_60dB_300ms_16s_NG3,Discrimination,Normal,306,152,1,63,90,0.993464052,0.588235294,1.222222222,217.6350329,14.254,11,26,0.423076923,2.564711371,12,20220614133100_164.771999046206_2.87801508639351,20210515,Male,WT,-0.833294924,10,Broad
6/14/2022,133100,7,Teal5,53,448,8-16kHz_60dB_300ms_16s_NG3,Discrimination,Normal,306,152,1,63,90,0.993464052,0.588235294,1.222222222,217.6350329,16,8,26,0.307692308,2.879191956,12,20220614133100_164.771999046206_2.87801508639351,20210515,Male,WT,-1,12,Broad
6/15/2022,135552,7,Teal5,53,446,8-10.7kHz_60dB_300ms_16s_NG3,Discrimination,Normal,200,98,1,21,80,0.98989899,0.792079208,1.32,274.1919082,8.479,17,17,1,0.255964972,12,20220615135552_103.871001675725_2.77353014210082,20210515,Male,WT,-0.083894126,1,Zoom
6/15/2022,135552,7,Teal5,53,446,8-10.7kHz_60dB_300ms_16s_NG3,Discrimination,Normal,200,98,1,21,80,0.98989899,0.792079208,1.32,274.1919082,8.98,14,17,0.823529412,1.324682844,12,20220615135552_103.871001675725_2.77353014210082,20210515,Male,WT,-0.166715445,2,Zoom
6/15/2022,135552,7,Teal5,53,446,8-10.7kHz_60dB_300ms_16s_NG3,Discrimination,Normal,200,98,1,21,80,0.98989899,0.792079208,1.32,274.1919082,9.514,17,17,1,0.255964972,12,20220615135552_103.871001675725_2.77353014210082,20210515,Male,WT,-0.250052025,3,Zoom
6/15/2022,135552,7,Teal5,53,446,8-10.7kHz_60dB_300ms_16s_NG3,Discrimination,Normal,200,98,1,21,80,0.98989899,0.792079208,1.32,274.1919082,10.079,12,17,0.705882353,1.687623001,12,20220615135552_103.871001675725_2.77353014210082,20210515,Male,WT,-0.333280602,4,Zoom
6/15/2022,135552,7,Teal5,53,446,8-10.7kHz_60dB_300ms_16s_NG3,Discrimination,Normal,200,98,1,21,80,0.98989899,0.792079208,1.32,274.1919082,10.679,13,17,0.764705882,1.516570714,12,20220615135552_103.871001675725_2.77353014210082,20210515,Male,WT,-0.416704652,5,Zoom
6/15/2022,135552,7,Teal5,53,446,8-10.7kHz_60dB_300ms_16s_NG3,Discrimination,Normal,200,98,1,21,80,0.98989899,0.792079208,1.32,274.1919082,16,7,16,0.4375,2.382677041,12,20220615135552_103.871001675725_2.77353014210082,20210515,Male,WT,-1,12,Zoom
6/18/2022,132535,7,Teal5,53,441,8-11.3kHz_60dB_300ms_16s_NG3,Discrimination,Normal,247,123,0,34,90,1,0.725806452,1.352226721,194.7338943,8.98,20,21,0.952380952,1.167319355,12,20220618132535_174.521000683308_2.26520012956474,20210515,Male,WT,-0.166715445,2,Zoom
6/18/2022,132535,7,Teal5,53,441,8-11.3kHz_60dB_300ms_16s_NG3,Discrimination,Normal,247,123,0,34,90,1,0.725806452,1.352226721,194.7338943,9.514,20,21,0.952380952,1.167319355,12,20220618132535_174.521000683308_2.26520012956474,20210515,Male,WT,-0.250052025,3,Zoom
6/18/2022,132535,7,Teal5,53,441,8-11.3kHz_60dB_300ms_16s_NG3,Discrimination,Normal,247,123,0,34,90,1,0.725806452,1.352226721,194.7338943,10.079,13,20,0.65,2.313913784,12,20220618132535_174.521000683308_2.26520012956474,20210515,Male,WT,-0.333280602,4,Zoom
6/18/2022,132535,7,Teal5,53,441,8-11.3kHz_60dB_300ms_16s_NG3,Discrimination,Normal,247,123,0,34,90,1,0.725806452,1.352226721,194.7338943,10.679,14,21,0.666666667,2.266446791,12,20220618132535_174.521000683308_2.26520012956474,20210515,Male,WT,-0.416704652,5,Zoom
6/18/2022,132535,7,Teal5,53,441,8-11.3kHz_60dB_300ms_16s_NG3,Discrimination,Normal,247,123,0,34,90,1,0.725806452,1.352226721,194.7338943,11.314,12,21,0.571428571,2.512905035,12,20220618132535_174.521000683308_2.26520012956474,20210515,Male,WT,-0.500037171,6,Zoom
6/18/2022,132535,7,Teal5,53,441,8-11.3kHz_60dB_300ms_16s_NG3,Discrimination,Normal,247,123,0,34,90,1,0.725806452,1.352226721,194.7338943,16,11,20,0.55,2.56984637,12,20220618132535_174.521000683308_2.26520012956474,20210515,Male,WT,-1,12,Zoom
6/14/2022,133100,8,Teal6,58,423,8-16kHz_60dB_300ms_16s_NG3,Discrimination,Normal,225,112,0,55,58,1,0.513274336,1.288888889,171.9066786,8.98,19,19,1,0.661207406,12,20220614133100_135.019002109766_1.04785435447062,20210515,Male,KO,-0.166715445,2,Broad
6/14/2022,133100,8,Teal6,58,423,8-16kHz_60dB_300ms_16s_NG3,Discrimination,Normal,225,112,0,55,58,1,0.513274336,1.288888889,171.9066786,10.079,16,19,0.842105263,1.699704009,12,20220614133100_135.019002109766_1.04785435447062,20210515,Male,KO,-0.333280602,4,Broad
6/14/2022,133100,8,Teal6,58,423,8-16kHz_60dB_300ms_16s_NG3,Discrimination,Normal,225,112,0,55,58,1,0.513274336,1.288888889,171.9066786,11.314,9,19,0.473684211,2.731451769,12,20220614133100_135.019002109766_1.04785435447062,20210515,Male,KO,-0.500037171,6,Broad
6/14/2022,133100,8,Teal6,58,423,8-16kHz_60dB_300ms_16s_NG3,Discrimination,Normal,225,112,0,55,58,1,0.513274336,1.288888889,171.9066786,12.699,3,19,0.157894737,3.498573824,12,20220614133100_135.019002109766_1.04785435447062,20210515,Male,KO,-0.666642989,8,Broad
6/14/2022,133100,8,Teal6,58,423,8-16kHz_60dB_300ms_16s_NG3,Discrimination,Normal,225,112,0,55,58,1,0.513274336,1.288888889,171.9066786,14.254,9,19,0.473684211,2.731451769,12,20220614133100_135.019002109766_1.04785435447062,20210515,Male,KO,-0.833294924,10,Broad
6/14/2022,133100,8,Teal6,58,423,8-16kHz_60dB_300ms_16s_NG3,Discrimination,Normal,225,112,0,55,58,1,0.513274336,1.288888889,171.9066786,16,2,18,0.111111111,3.982133044,12,20220614133100_135.019002109766_1.04785435447062,20210515,Male,KO,-1,12,Broad
6/15/2022,135552,8,Teal6,58,422,8-16kHz_60dB_300ms_16s_NG3,Discrimination,Normal,315,156,1,80,78,0.993630573,0.493670886,1.174603175,171.5016795,8.98,26,27,0.962962963,1.124219214,12,20220615135552_125.593002140522_3.94919494771531,20210515,Male,KO,-0.166715445,2,Broad
6/15/2022,135552,8,Teal6,58,422,8-16kHz_60dB_300ms_16s_NG3,Discrimination,Normal,315,156,1,80,78,0.993630573,0.493670886,1.174603175,171.5016795,10.079,16,26,0.615384615,2.474033855,12,20220615135552_125.593002140522_3.94919494771531,20210515,Male,KO,-0.333280602,4,Broad
6/15/2022,135552,8,Teal6,58,422,8-16kHz_60dB_300ms_16s_NG3,Discrimination,Normal,315,156,1,80,78,0.993630573,0.493670886,1.174603175,171.5016795,11.314,16,26,0.615384615,2.474033855,12,20220615135552_125.593002140522_3.94919494771531,20210515,Male,KO,-0.500037171,6,Broad
6/15/2022,135552,8,Teal6,58,422,8-16kHz_60dB_300ms_16s_NG3,Discrimination,Normal,315,156,1,80,78,0.993630573,0.493670886,1.174603175,171.5016795,12.699,7,27,0.259259259,3.30689383,12,20220615135552_125.593002140522_3.94919494771531,20210515,Male,KO,-0.666642989,8,Broad
6/15/2022,135552,8,Teal6,58,422,8-16kHz_60dB_300ms_16s_NG3,Discrimination,Normal,315,156,1,80,78,0.993630573,0.493670886,1.174603175,171.5016795,14.254,9,26,0.346153846,3.165863516,12,20220615135552_125.593002140522_3.94919494771531,20210515,Male,KO,-0.833294924,10,Broad
6/15/2022,135552,8,Teal6,58,422,8-16kHz_60dB_300ms_16s_NG3,Discrimination,Normal,315,156,1,80,78,0.993630573,0.493670886,1.174603175,171.5016795,16,4,26,0.153846154,3.659513807,12,20220615135552_125.593002140522_3.94919494771531,20210515,Male,KO,-1,12,Broad
6/17/2022,132230,8,Teal6,58,420,8-16kHz_60dB_300ms_16s_NG3,Discrimination,Normal,324,162,0,84,78,1,0.481481481,1.188271605,175.2414753,8.98,27,27,1,0.642775642,12,20220617132230_41.5720034390688_2.04876195590118,20210515,Male,KO,-0.166715445,2,Broad
6/17/2022,132230,8,Teal6,58,420,8-16kHz_60dB_300ms_16s_NG3,Discrimination,Normal,324,162,0,84,78,1,0.481481481,1.188271605,175.2414753,10.079,18,27,0.666666667,2.347805566,12,20220617132230_41.5720034390688_2.04876195590118,20210515,Male,KO,-0.333280602,4,Broad
6/17/2022,132230,8,Teal6,58,420,8-16kHz_60dB_300ms_16s_NG3,Discrimination,Normal,324,162,0,84,78,1,0.481481481,1.188271605,175.2414753,11.314,13,27,0.481481481,2.821103056,12,20220617132230_41.5720034390688_2.04876195590118,20210515,Male,KO,-0.500037171,6,Broad
6/17/2022,132230,8,Teal6,58,420,8-16kHz_60dB_300ms_16s_NG3,Discrimination,Normal,324,162,0,84,78,1,0.481481481,1.188271605,175.2414753,12.699,7,27,0.259259259,3.432052997,12,20220617132230_41.5720034390688_2.04876195590118,20210515,Male,KO,-0.666642989,8,Broad
6/17/2022,132230,8,Teal6,58,420,8-16kHz_60dB_300ms_16s_NG3,Discrimination,Normal,324,162,0,84,78,1,0.481481481,1.188271605,175.2414753,14.254,7,27,0.259259259,3.432052997,12,20220617132230_41.5720034390688_2.04876195590118,20210515,Male,KO,-0.833294924,10,Broad
6/17/2022,132230,8,Teal6,58,420,8-16kHz_60dB_300ms_16s_NG3,Discrimination,Normal,324,162,0,84,78,1,0.481481481,1.188271605,175.2414753,16,6,27,0.222222222,3.432052997,12,20220617132230_41.5720034390688_2.04876195590118,20210515,Male,KO,-1,12,Broad
6/18/2022,132535,8,Teal6,58,420,8-11.3kHz_60dB_300ms_16s_NG3,Discrimination,Normal,300,149,1,72,78,0.993333333,0.52,1.123333333,170.210277,8.98,20,25,0.8,1.541407123,12,20220618132535_132.432001456618_3.67735372101864,20210515,Male,KO,-0.166715445,2,Zoom
6/18/2022,132535,8,Teal6,58,420,8-11.3kHz_60dB_300ms_16s_NG3,Discrimination,Normal,300,149,1,72,78,0.993333333,0.52,1.123333333,170.210277,9.514,23,25,0.92,1.032048772,12,20220618132535_132.432001456618_3.67735372101864,20210515,Male,KO,-0.250052025,3,Zoom
6/18/2022,132535,8,Teal6,58,420,8-11.3kHz_60dB_300ms_16s_NG3,Discrimination,Normal,300,149,1,72,78,0.993333333,0.52,1.123333333,170.210277,10.079,12,25,0.48,2.414034058,12,20220618132535_132.432001456618_3.67735372101864,20210515,Male,KO,-0.333280602,4,Zoom
6/18/2022,132535,8,Teal6,58,420,8-11.3kHz_60dB_300ms_16s_NG3,Discrimination,Normal,300,149,1,72,78,0.993333333,0.52,1.123333333,170.210277,10.679,12,25,0.48,2.414034058,12,20220618132535_132.432001456618_3.67735372101864,20210515,Male,KO,-0.416704652,5,Zoom
6/18/2022,132535,8,Teal6,58,420,8-11.3kHz_60dB_300ms_16s_NG3,Discrimination,Normal,300,149,1,72,78,0.993333333,0.52,1.123333333,170.210277,11.314,8,25,0.32,2.83800085,12,20220618132535_132.432001456618_3.67735372101864,20210515,Male,KO,-0.500037171,6,Zoom
6/18/2022,132535,8,Teal6,58,420,8-11.3kHz_60dB_300ms_16s_NG3,Discrimination,Normal,300,149,1,72,78,0.993333333,0.52,1.123333333,170.210277,16,3,25,0.12,3.393919678,12,20220618132535_132.432001456618_3.67735372101864,20210515,Male,KO,-1,12,Zoom
6/21/2022,132516,8,Teal6,58,427,8-11.3kHz_60dB_300ms_16s_NG3,Discrimination,Normal,288,144,0,72,72,1,0.5,1.208333333,164.6832014,8.98,24,24,1,0.650882377,12,20220621132516_379.524002596736_2.57161656248081,20210515,Male,KO,-0.166715445,2,Zoom
6/21/2022,132516,8,Teal6,58,427,8-11.3kHz_60dB_300ms_16s_NG3,Discrimination,Normal,288,144,0,72,72,1,0.5,1.208333333,164.6832014,9.514,12,24,0.5,2.635471329,12,20220621132516_379.524002596736_2.57161656248081,20210515,Male,KO,-0.250052025,3,Zoom
6/21/2022,132516,8,Teal6,58,427,8-11.3kHz_60dB_300ms_16s_NG3,Discrimination,Normal,288,144,0,72,72,1,0.5,1.208333333,164.6832014,10.079,11,24,0.458333333,2.739961689,12,20220621132516_379.524002596736_2.57161656248081,20210515,Male,KO,-0.333280602,4,Zoom
6/21/2022,132516,8,Teal6,58,427,8-11.3kHz_60dB_300ms_16s_NG3,Discrimination,Normal,288,144,0,72,72,1,0.5,1.208333333,164.6832014,10.679,9,24,0.375,2.951863486,12,20220621132516_379.524002596736_2.57161656248081,20210515,Male,KO,-0.416704652,5,Zoom
6/21/2022,132516,8,Teal6,58,427,8-11.3kHz_60dB_300ms_16s_NG3,Discrimination,Normal,288,144,0,72,72,1,0.5,1.208333333,164.6832014,11.314,11,24,0.458333333,2.845027194,12,20220621132516_379.524002596736_2.57161656248081,20210515,Male,KO,-0.500037171,6,Zoom
6/21/2022,132516,8,Teal6,58,427,8-11.3kHz_60dB_300ms_16s_NG3,Discrimination,Normal,288,144,0,72,72,1,0.5,1.208333333,164.6832014,16,5,24,0.208333333,3.429310553,12,20220621132516_379.524002596736_2.57161656248081,20210515,Male,KO,-1,12,Zoom
6/22/2022,134907,8,Teal6,58,428,8-11.3kHz_60dB_300ms_16s_NG3,Discrimination,Normal,320,160,0,83,77,1,0.48125,1.190625,152.8594688,8.98,27,27,1,0.638543966,12,20220622134907_70.7499984651804_3.14824424414558,20210515,Male,KO,-0.166715445,2,Zoom
6/22/2022,134907,8,Teal6,58,428,8-11.3kHz_60dB_300ms_16s_NG3,Discrimination,Normal,320,160,0,83,77,1,0.48125,1.190625,152.8594688,9.514,15,26,0.576923077,2.480495354,12,20220622134907_70.7499984651804_3.14824424414558,20210515,Male,KO,-0.250052025,3,Zoom
6/22/2022,134907,8,Teal6,58,428,8-11.3kHz_60dB_300ms_16s_NG3,Discrimination,Normal,320,160,0,83,77,1,0.48125,1.190625,152.8594688,10.079,11,27,0.407407407,2.910655653,12,20220622134907_70.7499984651804_3.14824424414558,20210515,Male,KO,-0.333280602,4,Zoom
6/22/2022,134907,8,Teal6,58,428,8-11.3kHz_60dB_300ms_16s_NG3,Discrimination,Normal,320,160,0,83,77,1,0.48125,1.190625,152.8594688,10.679,11,27,0.407407407,3.006115679,12,20220622134907_70.7499984651804_3.14824424414558,20210515,Male,KO,-0.416704652,5,Zoom
6/22/2022,134907,8,Teal6,58,428,8-11.3kHz_60dB_300ms_16s_NG3,Discrimination,Normal,320,160,0,83,77,1,0.48125,1.190625,152.8594688,11.314,11,26,0.423076923,2.96730371,12,20220622134907_70.7499984651804_3.14824424414558,20210515,Male,KO,-0.500037171,6,Zoom
6/22/2022,134907,8,Teal6,58,428,8-11.3kHz_60dB_300ms_16s_NG3,Discrimination,Normal,320,160,0,83,77,1,0.48125,1.190625,152.8594688,16,2,27,0.074074074,4.31711835,12,20220622134907_70.7499984651804_3.14824424414558,20210515,Male,KO,-1,12,Zoom
6/24/2022,134019,8,Teal6,58,429,8-10.7kHz_60dB_300ms_16s_NG3,Discrimination,Normal,264,132,0,48,84,1,0.636363636,1.181818182,153.3378182,8.479,22,22,1,0.657001221,12,20220624134019_147.805001959205_2.99937369998502,20210515,Male,KO,-0.083894126,1,Zoom
6/24/2022,134019,8,Teal6,58,429,8-10.7kHz_60dB_300ms_16s_NG3,Discrimination,Normal,264,132,0,48,84,1,0.636363636,1.181818182,153.3378182,8.98,22,22,1,0.657001221,12,20220624134019_147.805001959205_2.99937369998502,20210515,Male,KO,-0.166715445,2,Zoom
6/24/2022,134019,8,Teal6,58,429,8-10.7kHz_60dB_300ms_16s_NG3,Discrimination,Normal,264,132,0,48,84,1,0.636363636,1.181818182,153.3378182,9.514,11,22,0.5,2.714424464,12,20220624134019_147.805001959205_2.99937369998502,20210515,Male,KO,-0.250052025,3,Zoom
6/24/2022,134019,8,Teal6,58,429,8-10.7kHz_60dB_300ms_16s_NG3,Discrimination,Normal,264,132,0,48,84,1,0.636363636,1.181818182,153.3378182,10.079,8,22,0.363636364,3.067408112,12,20220624134019_147.805001959205_2.99937369998502,20210515,Male,KO,-0.333280602,4,Zoom
6/24/2022,134019,8,Teal6,58,429,8-10.7kHz_60dB_300ms_16s_NG3,Discrimination,Normal,264,132,0,48,84,1,0.636363636,1.181818182,153.3378182,10.679,14,22,0.636363636,2.368615435,12,20220624134019_147.805001959205_2.99937369998502,20210515,Male,KO,-0.416704652,5,Zoom
6/24/2022,134019,8,Teal6,58,429,8-10.7kHz_60dB_300ms_16s_NG3,Discrimination,Normal,264,132,0,48,84,1,0.636363636,1.181818182,153.3378182,16,7,22,0.318181818,3.194943896,12,20220624134019_147.805001959205_2.99937369998502,20210515,Male,KO,-1,12,Zoom
6/28/2022,134920,8,Teal6,58,435,8-11.3kHz_60dB_300ms_16s_NG3,Discrimination,Normal,221,111,0,41,69,1,0.627272727,1.230769231,164.3550631,8.98,18,18,1,0.681408364,12,20220628134920_17.0309979468584_3.19966495596759,20210515,Male,KO,-0.166715445,2,Zoom
6/28/2022,134920,8,Teal6,58,435,8-11.3kHz_60dB_300ms_16s_NG3,Discrimination,Normal,221,111,0,41,69,1,0.627272727,1.230769231,164.3550631,9.514,6,18,0.333333333,2.951404607,12,20220628134920_17.0309979468584_3.19966495596759,20210515,Male,KO,-0.250052025,3,Zoom
6/28/2022,134920,8,Teal6,58,435,8-11.3kHz_60dB_300ms_16s_NG3,Discrimination,Normal,221,111,0,41,69,1,0.627272727,1.230769231,164.3550631,10.079,12,18,0.666666667,2.240423772,12,20220628134920_17.0309979468584_3.19966495596759,20210515,Male,KO,-0.333280602,4,Zoom
6/28/2022,134920,8,Teal6,58,435,8-11.3kHz_60dB_300ms_16s_NG3,Discrimination,Normal,221,111,0,41,69,1,0.627272727,1.230769231,164.3550631,10.679,13,19,0.684210526,2.189189938,12,20220628134920_17.0309979468584_3.19966495596759,20210515,Male,KO,-0.416704652,5,Zoom
6/28/2022,134920,8,Teal6,58,435,8-11.3kHz_60dB_300ms_16s_NG3,Discrimination,Normal,221,111,0,41,69,1,0.627272727,1.230769231,164.3550631,11.314,13,19,0.684210526,2.040991247,12,20220628134920_17.0309979468584_3.19966495596759,20210515,Male,KO,-0.500037171,6,Zoom
6/28/2022,134920,8,Teal6,58,435,8-11.3kHz_60dB_300ms_16s_NG3,Discrimination,Normal,221,111,0,41,69,1,0.627272727,1.230769231,164.3550631,16,7,18,0.388888889,2.806342584,12,20220628134920_17.0309979468584_3.19966495596759,20210515,Male,KO,-1,12,Zoom
6/29/2022,132636,8,Teal6,58,433,8-11.3kHz_60dB_300ms_16s_NG3,Discrimination,Normal,289,145,0,76,68,1,0.472222222,1.190311419,173.9427103,8.98,24,24,1,0.653275395,12,20220629132636_41.4539996534586_1.74026673422672,20210515,Male,KO,-0.166715445,2,Zoom
6/29/2022,132636,8,Teal6,58,433,8-11.3kHz_60dB_300ms_16s_NG3,Discrimination,Normal,289,145,0,76,68,1,0.472222222,1.190311419,173.9427103,9.514,10,24,0.416666667,2.954256504,12,20220629132636_41.4539996534586_1.74026673422672,20210515,Male,KO,-0.250052025,3,Zoom
6/29/2022,132636,8,Teal6,58,433,8-11.3kHz_60dB_300ms_16s_NG3,Discrimination,Normal,289,145,0,76,68,1,0.472222222,1.190311419,173.9427103,10.079,9,24,0.375,3.064204937,12,20220629132636_41.4539996534586_1.74026673422672,20210515,Male,KO,-0.333280602,4,Zoom
6/29/2022,132636,8,Teal6,58,433,8-11.3kHz_60dB_300ms_16s_NG3,Discrimination,Normal,289,145,0,76,68,1,0.472222222,1.190311419,173.9427103,10.679,5,24,0.208333333,3.577256086,12,20220629132636_41.4539996534586_1.74026673422672,20210515,Male,KO,-0.416704652,5,Zoom
6/29/2022,132636,8,Teal6,58,433,8-11.3kHz_60dB_300ms_16s_NG3,Discrimination,Normal,289,145,0,76,68,1,0.472222222,1.190311419,173.9427103,11.314,11,24,0.458333333,2.847420212,12,20220629132636_41.4539996534586_1.74026673422672,20210515,Male,KO,-0.500037171,6,Zoom
6/29/2022,132636,8,Teal6,58,433,8-11.3kHz_60dB_300ms_16s_NG3,Discrimination,Normal,289,145,0,76,68,1,0.472222222,1.190311419,173.9427103,16,9,24,0.375,3.064204937,12,20220629132636_41.4539996534586_1.74026673422672,20210515,Male,KO,-1,12,Zoom
7/27/2022,112137,5,Red5,31,442,16-8kHz_60dB_300ms_20s_NG3,Discrimination,Normal,294,145,2,76,71,0.986394558,0.482993197,1.078231293,210.5055172,8,6,25,0.24,2.878113611,12,20220727112137_112.277001142502_1.37458375522647,20210515,Male,WT,1,12,Broad
7/27/2022,112137,5,Red5,31,442,16-8kHz_60dB_300ms_20s_NG3,Discrimination,Normal,294,145,2,76,71,0.986394558,0.482993197,1.078231293,210.5055172,8.98,4,25,0.16,3.021285485,12,20220727112137_112.277001142502_1.37458375522647,20210515,Male,WT,0.833284555,10,Broad
7/27/2022,112137,5,Red5,31,442,16-8kHz_60dB_300ms_20s_NG3,Discrimination,Normal,294,145,2,76,71,0.986394558,0.482993197,1.078231293,210.5055172,10.079,13,25,0.52,2.105920397,12,20220727112137_112.277001142502_1.37458375522647,20210515,Male,WT,0.666719398,8,Broad
7/27/2022,112137,5,Red5,31,442,16-8kHz_60dB_300ms_20s_NG3,Discrimination,Normal,294,145,2,76,71,0.986394558,0.482993197,1.078231293,210.5055172,11.314,15,24,0.625,1.84177342,12,20220727112137_112.277001142502_1.37458375522647,20210515,Male,WT,0.499962829,6,Broad
7/27/2022,112137,5,Red5,31,442,16-8kHz_60dB_300ms_20s_NG3,Discrimination,Normal,294,145,2,76,71,0.986394558,0.482993197,1.078231293,210.5055172,12.699,9,24,0.375,2.480015807,12,20220727112137_112.277001142502_1.37458375522647,20210515,Male,WT,0.333357011,4,Broad
7/27/2022,112137,5,Red5,31,442,16-8kHz_60dB_300ms_20s_NG3,Discrimination,Normal,294,145,2,76,71,0.986394558,0.482993197,1.078231293,210.5055172,14.254,24,24,1,0.069086265,12,20220727112137_112.277001142502_1.37458375522647,20210515,Male,WT,0.166705076,2,Broad
7/28/2022,112126,5,Red5,31,437,16-8kHz_60dB_300ms_20s_NG3,Discrimination,Normal,326,163,0,96,67,1,0.411042945,1.058282209,216.8058528,8,4,27,0.148148148,3.697646428,12,20220728112126_87.6509930938482_1.28427834492127,20210515,Male,WT,1,12,Broad
7/28/2022,112126,5,Red5,31,437,16-8kHz_60dB_300ms_20s_NG3,Discrimination,Normal,326,163,0,96,67,1,0.411042945,1.058282209,216.8058528,8.98,3,27,0.111111111,3.858368507,12,20220728112126_87.6509930938482_1.28427834492127,20210515,Male,WT,0.833284555,10,Broad
7/28/2022,112126,5,Red5,31,437,16-8kHz_60dB_300ms_20s_NG3,Discrimination,Normal,326,163,0,96,67,1,0.411042945,1.058282209,216.8058528,10.079,10,27,0.37037037,3.012441009,12,20220728112126_87.6509930938482_1.28427834492127,20210515,Male,WT,0.666719398,8,Broad
7/28/2022,112126,5,Red5,31,437,16-8kHz_60dB_300ms_20s_NG3,Discrimination,Normal,326,163,0,96,67,1,0.411042945,1.058282209,216.8058528,11.314,14,27,0.518518519,2.730224862,12,20220728112126_87.6509930938482_1.28427834492127,20210515,Male,WT,0.499962829,6,Broad
7/28/2022,112126,5,Red5,31,437,16-8kHz_60dB_300ms_20s_NG3,Discrimination,Normal,326,163,0,96,67,1,0.411042945,1.058282209,216.8058528,12.699,10,28,0.357142857,3.144638192,12,20220728112126_87.6509930938482_1.28427834492127,20210515,Male,WT,0.333357011,4,Broad
7/28/2022,112126,5,Red5,31,437,16-8kHz_60dB_300ms_20s_NG3,Discrimination,Normal,326,163,0,96,67,1,0.411042945,1.058282209,216.8058528,14.254,26,27,0.962962963,1.137006044,12,20220728112126_87.6509930938482_1.28427834492127,20210515,Male,WT,0.166705076,2,Broad
7/30/2022,112158,5,Red5,31,442,16-8kHz_60dB_300ms_20s_NG3,Discrimination,Normal,348,172,2,108,66,0.988505747,0.379310345,1.083333333,208.1151221,8,3,29,0.103448276,3.347137948,12,20220730112158_96.9350002706051_3.5645877678573,20210515,Male,WT,1,12,Broad
7/30/2022,112158,5,Red5,31,442,16-8kHz_60dB_300ms_20s_NG3,Discrimination,Normal,348,172,2,108,66,0.988505747,0.379310345,1.083333333,208.1151221,8.98,3,29,0.103448276,3.347137948,12,20220730112158_96.9350002706051_3.5645877678573,20210515,Male,WT,0.833284555,10,Broad
7/30/2022,112158,5,Red5,31,442,16-8kHz_60dB_300ms_20s_NG3,Discrimination,Normal,348,172,2,108,66,0.988505747,0.379310345,1.083333333,208.1151221,10.079,12,29,0.413793103,2.437874542,12,20220730112158_96.9350002706051_3.5645877678573,20210515,Male,WT,0.666719398,8,Broad
7/30/2022,112158,5,Red5,31,442,16-8kHz_60dB_300ms_20s_NG3,Discrimination,Normal,348,172,2,108,66,0.988505747,0.379310345,1.083333333,208.1151221,11.314,9,29,0.310344828,2.622179981,12,20220730112158_96.9350002706051_3.5645877678573,20210515,Male,WT,0.499962829,6,Broad
7/30/2022,112158,5,Red5,31,442,16-8kHz_60dB_300ms_20s_NG3,Discrimination,Normal,348,172,2,108,66,0.988505747,0.379310345,1.083333333,208.1151221,12.699,12,29,0.413793103,2.349332838,12,20220730112158_96.9350002706051_3.5645877678573,20210515,Male,WT,0.333357011,4,Broad
7/30/2022,112158,5,Red5,31,442,16-8kHz_60dB_300ms_20s_NG3,Discrimination,Normal,348,172,2,108,66,0.988505747,0.379310345,1.083333333,208.1151221,14.254,27,29,0.931034483,0.811103028,12,20220730112158_96.9350002706051_3.5645877678573,20210515,Male,WT,0.166705076,2,Broad
8/2/2022,113010,5,Red5,31,441,16-12kHz_60dB_300ms_20s_NG3,Discrimination,Normal,272,137,0,61,74,1,0.548148148,1.125,208.4992206,8,2,22,0.090909091,4.159884927,12,20220802113010_121.86599560082_1.61903650092393,20210515,Male,WT,1,12,Zoom
8/2/2022,113010,5,Red5,31,441,16-12kHz_60dB_300ms_20s_NG3,Discrimination,Normal,272,137,0,61,74,1,0.548148148,1.125,208.4992206,11.986,8,22,0.363636364,3.080398207,12,20220802113010_121.86599560082_1.61903650092393,20210515,Male,WT,0.416721626,5,Zoom
8/2/2022,113010,5,Red5,31,441,16-12kHz_60dB_300ms_20s_NG3,Discrimination,Normal,272,137,0,61,74,1,0.548148148,1.125,208.4992206,12.699,8,23,0.347826087,3.121159097,12,20220802113010_121.86599560082_1.61903650092393,20210515,Male,WT,0.333357011,4,Zoom
8/2/2022,113010,5,Red5,31,441,16-12kHz_60dB_300ms_20s_NG3,Discrimination,Normal,272,137,0,61,74,1,0.548148148,1.125,208.4992206,13.454,10,22,0.454545455,2.727414559,12,20220802113010_121.86599560082_1.61903650092393,20210515,Male,WT,0.250036742,3,Zoom
8/2/2022,113010,5,Red5,31,441,16-12kHz_60dB_300ms_20s_NG3,Discrimination,Normal,272,137,0,61,74,1,0.548148148,1.125,208.4992206,14.254,23,23,1,0.651328684,12,20220802113010_121.86599560082_1.61903650092393,20210515,Male,WT,0.166705076,2,Zoom
8/2/2022,113010,5,Red5,31,441,16-12kHz_60dB_300ms_20s_NG3,Discrimination,Normal,272,137,0,61,74,1,0.548148148,1.125,208.4992206,15.102,23,23,1,0.651328684,12,20220802113010_121.86599560082_1.61903650092393,20210515,Male,WT,0.083332283,1,Zoom
8/3/2022,111724,5,Red5,31,437,16-12kHz_60dB_300ms_20s_NG3,Discrimination,Normal,288,144,0,80,64,1,0.444444444,1.097222222,213.8439514,8,0,24,0,4.724550641,12,20220803111724_104.34900149703_2.87622345352273,20210515,Male,WT,1,12,Zoom
8/3/2022,111724,5,Red5,31,437,16-12kHz_60dB_300ms_20s_NG3,Discrimination,Normal,288,144,0,80,64,1,0.444444444,1.097222222,213.8439514,11.986,5,24,0.208333333,3.574863068,12,20220803111724_104.34900149703_2.87622345352273,20210515,Male,WT,0.416721626,5,Zoom
8/3/2022,111724,5,Red5,31,437,16-12kHz_60dB_300ms_20s_NG3,Discrimination,Normal,288,144,0,80,64,1,0.444444444,1.097222222,213.8439514,12.699,6,24,0.25,3.298011119,12,20220803111724_104.34900149703_2.87622345352273,20210515,Male,WT,0.333357011,4,Zoom
8/3/2022,111724,5,Red5,31,437,16-12kHz_60dB_300ms_20s_NG3,Discrimination,Normal,288,144,0,80,64,1,0.444444444,1.097222222,213.8439514,13.454,5,24,0.208333333,3.429310553,12,20220803111724_104.34900149703_2.87622345352273,20210515,Male,WT,0.250036742,3,Zoom
8/3/2022,111724,5,Red5,31,437,16-12kHz_60dB_300ms_20s_NG3,Discrimination,Normal,288,144,0,80,64,1,0.444444444,1.097222222,213.8439514,14.254,24,24,1,0.650882377,12,20220803111724_104.34900149703_2.87622345352273,20210515,Male,WT,0.166705076,2,Zoom
8/3/2022,111724,5,Red5,31,437,16-12kHz_60dB_300ms_20s_NG3,Discrimination,Normal,288,144,0,80,64,1,0.444444444,1.097222222,213.8439514,15.102,24,24,1,0.650882377,12,20220803111724_104.34900149703_2.87622345352273,20210515,Male,WT,0.083332283,1,Zoom
8/5/2022,111701,5,Red5,31,437,16-12kHz_60dB_300ms_20s_NG3,Discrimination,Normal,282,139,2,69,72,0.985815603,0.510638298,1.081560284,211.423518,8,3,23,0.130434783,3.115521672,12,20220805111701_21.6860018670559_1.05247524652993,20210515,Male,WT,1,12,Zoom
8/5/2022,111701,5,Red5,31,437,16-12kHz_60dB_300ms_20s_NG3,Discrimination,Normal,282,139,2,69,72,0.985815603,0.510638298,1.081560284,211.423518,11.986,4,24,0.166666667,2.975513959,12,20220805111701_21.6860018670559_1.05247524652993,20210515,Male,WT,0.416721626,5,Zoom
8/5/2022,111701,5,Red5,31,437,16-12kHz_60dB_300ms_20s_NG3,Discrimination,Normal,282,139,2,69,72,0.985815603,0.510638298,1.081560284,211.423518,12.699,8,23,0.347826087,2.539111612,12,20220805111701_21.6860018670559_1.05247524652993,20210515,Male,WT,0.333357011,4,Zoom
8/5/2022,111701,5,Red5,31,437,16-12kHz_60dB_300ms_20s_NG3,Discrimination,Normal,282,139,2,69,72,0.985815603,0.510638298,1.081560284,211.423518,13.454,10,24,0.416666667,2.352514376,12,20220805111701_21.6860018670559_1.05247524652993,20210515,Male,WT,0.250036742,3,Zoom
8/5/2022,111701,5,Red5,31,437,16-12kHz_60dB_300ms_20s_NG3,Discrimination,Normal,282,139,2,69,72,0.985815603,0.510638298,1.081560284,211.423518,14.254,23,23,1,0.069281199,12,20220805111701_21.6860018670559_1.05247524652993,20210515,Male,WT,0.166705076,2,Zoom
8/5/2022,111701,5,Red5,31,437,16-12kHz_60dB_300ms_20s_NG3,Discrimination,Normal,282,139,2,69,72,0.985815603,0.510638298,1.081560284,211.423518,15.102,24,24,1,0.051533268,12,20220805111701_21.6860018670559_1.05247524652993,20210515,Male,WT,0.083332283,1,Zoom
8/6/2022,111013,5,Red5,31,433,16-12kHz_60dB_300ms_20s_NG3,Discrimination,Normal,283,140,1,73,69,0.992907801,0.485915493,1.056537102,206.7932857,8,4,23,0.173913043,3.146607786,12,20220806111013_86.9789991527796_1.96606505890202,20210515,Male,WT,1,12,Zoom
8/6/2022,111013,5,Red5,31,433,16-12kHz_60dB_300ms_20s_NG3,Discrimination,Normal,283,140,1,73,69,0.992907801,0.485915493,1.056537102,206.7932857,11.986,7,24,0.291666667,2.778129877,12,20220806111013_86.9789991527796_1.96606505890202,20210515,Male,WT,0.416721626,5,Zoom
8/6/2022,111013,5,Red5,31,433,16-12kHz_60dB_300ms_20s_NG3,Discrimination,Normal,283,140,1,73,69,0.992907801,0.485915493,1.056537102,206.7932857,12.699,4,24,0.166666667,3.343825918,12,20220806111013_86.9789991527796_1.96606505890202,20210515,Male,WT,0.333357011,4,Zoom
8/6/2022,111013,5,Red5,31,433,16-12kHz_60dB_300ms_20s_NG3,Discrimination,Normal,283,140,1,73,69,0.992907801,0.485915493,1.056537102,206.7932857,13.454,6,23,0.260869565,2.99845597,12,20220806111013_86.9789991527796_1.96606505890202,20210515,Male,WT,0.250036742,3,Zoom
8/6/2022,111013,5,Red5,31,433,16-12kHz_60dB_300ms_20s_NG3,Discrimination,Normal,283,140,1,73,69,0.992907801,0.485915493,1.056537102,206.7932857,14.254,24,24,1,0.252519335,12,20220806111013_86.9789991527796_1.96606505890202,20210515,Male,WT,0.166705076,2,Zoom
8/6/2022,111013,5,Red5,31,433,16-12kHz_60dB_300ms_20s_NG3,Discrimination,Normal,283,140,1,73,69,0.992907801,0.485915493,1.056537102,206.7932857,15.102,24,24,1,0.252519335,12,20220806111013_86.9789991527796_1.96606505890202,20210515,Male,WT,0.083332283,1,Zoom
7/1/2022,114504,7,Lime1,48,497,16-9kHz_60dB_300ms_12s_NG3,Discrimination,Normal,343,162,11,68,102,0.936416185,0.6,1.139941691,353.9970556,8,6,28,0.214285714,2.219224886,12,20220701114504_137.176996842027_3.09242263197347,20210515,Male,KO,1,12,Zoom
7/1/2022,114504,7,Lime1,48,497,16-9kHz_60dB_300ms_12s_NG3,Discrimination,Normal,343,162,11,68,102,0.936416185,0.6,1.139941691,353.9970556,8.97,7,28,0.25,2.219224886,12,20220701114504_137.176996842027_3.09242263197347,20210515,Male,KO,0.834892015,10,Zoom
7/1/2022,114504,7,Lime1,48,497,16-9kHz_60dB_300ms_12s_NG3,Discrimination,Normal,343,162,11,68,102,0.936416185,0.6,1.139941691,353.9970556,9.514,22,29,0.75862069,0.839813219,12,20220701114504_137.176996842027_3.09242263197347,20210515,Male,KO,0.749947975,9,Zoom
7/1/2022,114504,7,Lime1,48,497,16-9kHz_60dB_300ms_12s_NG3,Discrimination,Normal,343,162,11,68,102,0.936416185,0.6,1.139941691,353.9970556,10.079,23,28,0.821428571,0.632969404,12,20220701114504_137.176996842027_3.09242263197347,20210515,Male,KO,0.666719398,8,Zoom
7/1/2022,114504,7,Lime1,48,497,16-9kHz_60dB_300ms_12s_NG3,Discrimination,Normal,343,162,11,68,102,0.936416185,0.6,1.139941691,353.9970556,10.679,20,28,0.714285714,0.973260701,12,20220701114504_137.176996842027_3.09242263197347,20210515,Male,KO,0.583295348,7,Zoom
7/1/2022,114504,7,Lime1,48,497,16-9kHz_60dB_300ms_12s_NG3,Discrimination,Normal,343,162,11,68,102,0.936416185,0.6,1.139941691,353.9970556,11.314,24,29,0.827586207,0.608249084,12,20220701114504_137.176996842027_3.09242263197347,20210515,Male,KO,0.499962829,6,Zoom
7/2/2022,111121,7,Lime1,48,496,16-9kHz_60dB_300ms_12s_NG3,Discrimination,Normal,397,189,10,116,82,0.949748744,0.414141414,1.143576826,416.6617037,8,4,33,0.121212121,2.702924125,12,20220702111121_69.9509985744953_1.53012052486187,20210515,Male,KO,1,12,Zoom
7/2/2022,111121,7,Lime1,48,496,16-9kHz_60dB_300ms_12s_NG3,Discrimination,Normal,397,189,10,116,82,0.949748744,0.414141414,1.143576826,416.6617037,8.97,3,33,0.090909091,3.040320722,12,20220702111121_69.9509985744953_1.53012052486187,20210515,Male,KO,0.834892015,10,Zoom
7/2/2022,111121,7,Lime1,48,496,16-9kHz_60dB_300ms_12s_NG3,Discrimination,Normal,397,189,10,116,82,0.949748744,0.414141414,1.143576826,416.6617037,9.514,19,33,0.575757576,1.453614589,12,20220702111121_69.9509985744953_1.53012052486187,20210515,Male,KO,0.749947975,9,Zoom
7/2/2022,111121,7,Lime1,48,496,16-9kHz_60dB_300ms_12s_NG3,Discrimination,Normal,397,189,10,116,82,0.949748744,0.414141414,1.143576826,416.6617037,10.079,19,33,0.575757576,1.453614589,12,20220702111121_69.9509985744953_1.53012052486187,20210515,Male,KO,0.666719398,8,Zoom
7/2/2022,111121,7,Lime1,48,496,16-9kHz_60dB_300ms_12s_NG3,Discrimination,Normal,397,189,10,116,82,0.949748744,0.414141414,1.143576826,416.6617037,10.679,20,33,0.606060606,1.376236445,12,20220702111121_69.9509985744953_1.53012052486187,20210515,Male,KO,0.583295348,7,Zoom
7/2/2022,111121,7,Lime1,48,496,16-9kHz_60dB_300ms_12s_NG3,Discrimination,Normal,397,189,10,116,82,0.949748744,0.414141414,1.143576826,416.6617037,11.314,17,33,0.515151515,1.606120563,12,20220702111121_69.9509985744953_1.53012052486187,20210515,Male,KO,0.499962829,6,Zoom
7/7/2022,111528,7,Lime1,48,500,16-9kHz_60dB_300ms_12s_NG3,Discrimination,Normal,338,163,6,82,87,0.964497041,0.514792899,1.218934911,339.1421595,8,7,28,0.25,2.374254244,12,20220707111528_56.9539960473776_1.63113067500351,20210515,Male,KO,1,12,Zoom
7/7/2022,111528,7,Lime1,48,500,16-9kHz_60dB_300ms_12s_NG3,Discrimination,Normal,338,163,6,82,87,0.964497041,0.514792899,1.218934911,339.1421595,8.97,5,28,0.178571429,2.609394873,12,20220707111528_56.9539960473776_1.63113067500351,20210515,Male,KO,0.834892015,10,Zoom
7/7/2022,111528,7,Lime1,48,500,16-9kHz_60dB_300ms_12s_NG3,Discrimination,Normal,338,163,6,82,87,0.964497041,0.514792899,1.218934911,339.1421595,9.514,16,28,0.571428571,1.62025768,12,20220707111528_56.9539960473776_1.63113067500351,20210515,Male,KO,0.749947975,9,Zoom
7/7/2022,111528,7,Lime1,48,500,16-9kHz_60dB_300ms_12s_NG3,Discrimination,Normal,338,163,6,82,87,0.964497041,0.514792899,1.218934911,339.1421595,10.079,19,28,0.678571429,1.340534145,12,20220707111528_56.9539960473776_1.63113067500351,20210515,Male,KO,0.666719398,8,Zoom
7/7/2022,111528,7,Lime1,48,500,16-9kHz_60dB_300ms_12s_NG3,Discrimination,Normal,338,163,6,82,87,0.964497041,0.514792899,1.218934911,339.1421595,10.679,20,29,0.689655172,1.30835927,12,20220707111528_56.9539960473776_1.63113067500351,20210515,Male,KO,0.583295348,7,Zoom
7/7/2022,111528,7,Lime1,48,500,16-9kHz_60dB_300ms_12s_NG3,Discrimination,Normal,338,163,6,82,87,0.964497041,0.514792899,1.218934911,339.1421595,11.314,20,28,0.714285714,1.135640705,12,20220707111528_56.9539960473776_1.63113067500351,20210515,Male,KO,0.499962829,6,Zoom
7/7/2022,132407,1,Lime3,49,485,16-8kHz_58-73dB_300ms_8s_NG3,Discrimination,Normal,214,105,2,49,58,0.981308411,0.542056075,1.11682243,237.277419,8,3,18,0.166666667,2.830055205,12,20220707132407_123.562003299594_3.99691588739636,20210515,Male,KO,1,12,Broad
7/7/2022,132407,1,Lime3,49,485,16-8kHz_58-73dB_300ms_8s_NG3,Discrimination,Normal,214,105,2,49,58,0.981308411,0.542056075,1.11682243,237.277419,8.98,3,18,0.166666667,2.830055205,12,20220707132407_123.562003299594_3.99691588739636,20210515,Male,KO,0.833284555,10,Broad
7/7/2022,132407,1,Lime3,49,485,16-8kHz_58-73dB_300ms_8s_NG3,Discrimination,Normal,214,105,2,49,58,0.981308411,0.542056075,1.11682243,237.277419,10.079,10,17,0.588235294,1.820433975,12,20220707132407_123.562003299594_3.99691588739636,20210515,Male,KO,0.666719398,8,Broad
7/7/2022,132407,1,Lime3,49,485,16-8kHz_58-73dB_300ms_8s_NG3,Discrimination,Normal,214,105,2,49,58,0.981308411,0.542056075,1.11682243,237.277419,11.314,12,18,0.666666667,1.459933026,12,20220707132407_123.562003299594_3.99691588739636,20210515,Male,KO,0.499962829,6,Broad
7/7/2022,132407,1,Lime3,49,485,16-8kHz_58-73dB_300ms_8s_NG3,Discrimination,Normal,214,105,2,49,58,0.981308411,0.542056075,1.11682243,237.277419,12.699,12,18,0.666666667,1.612930667,12,20220707132407_123.562003299594_3.99691588739636,20210515,Male,KO,0.333357011,4,Broad
7/7/2022,132407,1,Lime3,49,485,16-8kHz_58-73dB_300ms_8s_NG3,Discrimination,Normal,214,105,2,49,58,0.981308411,0.542056075,1.11682243,237.277419,14.254,18,18,1,0.05391526,12,20220707132407_123.562003299594_3.99691588739636,20210515,Male,KO,0.166705076,2,Broad
7/8/2022,134257,1,Lime3,49,485,16-8kHz_58-73dB_300ms_8s_NG3,Discrimination,Normal,363,179,3,63,118,0.983516484,0.651933702,1.159779614,221.7730506,8,10,30,0.333333333,2.53547931,12,20220708134257_117.831004410982_2.13987638263272,20210515,Male,KO,1,12,Broad
7/8/2022,134257,1,Lime3,49,485,16-8kHz_58-73dB_300ms_8s_NG3,Discrimination,Normal,363,179,3,63,118,0.983516484,0.651933702,1.159779614,221.7730506,8.98,5,30,0.166666667,3.094872271,12,20220708134257_117.831004410982_2.13987638263272,20210515,Male,KO,0.833284555,10,Broad
7/8/2022,134257,1,Lime3,49,485,16-8kHz_58-73dB_300ms_8s_NG3,Discrimination,Normal,363,179,3,63,118,0.983516484,0.651933702,1.159779614,221.7730506,10.079,24,31,0.774193548,1.358348669,12,20220708134257_117.831004410982_2.13987638263272,20210515,Male,KO,0.666719398,8,Broad
7/8/2022,134257,1,Lime3,49,485,16-8kHz_58-73dB_300ms_8s_NG3,Discrimination,Normal,363,179,3,63,118,0.983516484,0.651933702,1.159779614,221.7730506,11.314,24,30,0.8,1.274938506,12,20220708134257_117.831004410982_2.13987638263272,20210515,Male,KO,0.499962829,6,Broad
7/8/2022,134257,1,Lime3,49,485,16-8kHz_58-73dB_300ms_8s_NG3,Discrimination,Normal,363,179,3,63,118,0.983516484,0.651933702,1.159779614,221.7730506,12.699,26,30,0.866666667,1.022005492,12,20220708134257_117.831004410982_2.13987638263272,20210515,Male,KO,0.333357011,4,Broad
7/8/2022,134257,1,Lime3,49,485,16-8kHz_58-73dB_300ms_8s_NG3,Discrimination,Normal,363,179,3,63,118,0.983516484,0.651933702,1.159779614,221.7730506,14.254,29,30,0.966666667,0.413585254,12,20220708134257_117.831004410982_2.13987638263272,20210515,Male,KO,0.166705076,2,Broad
7/12/2022,133858,1,Lime3,49,477,16-8kHz_58-73dB_300ms_8s_NG3,Discrimination,Normal,189,93,2,33,61,0.978947368,0.64893617,1.306878307,214.6694516,8,3,15,0.2,2.642419116,12,20220712133858_142.09899790585_2.73498459414535,20210515,Male,KO,1,12,Broad
7/12/2022,133858,1,Lime3,49,477,16-8kHz_58-73dB_300ms_8s_NG3,Discrimination,Normal,189,93,2,33,61,0.978947368,0.64893617,1.306878307,214.6694516,8.98,4,16,0.25,2.493637987,12,20220712133858_142.09899790585_2.73498459414535,20210515,Male,KO,0.833284555,10,Broad
7/12/2022,133858,1,Lime3,49,477,16-8kHz_58-73dB_300ms_8s_NG3,Discrimination,Normal,189,93,2,33,61,0.978947368,0.64893617,1.306878307,214.6694516,10.079,10,15,0.666666667,1.573810998,12,20220712133858_142.09899790585_2.73498459414535,20210515,Male,KO,0.666719398,8,Broad
7/12/2022,133858,1,Lime3,49,477,16-8kHz_58-73dB_300ms_8s_NG3,Discrimination,Normal,189,93,2,33,61,0.978947368,0.64893617,1.306878307,214.6694516,11.314,13,16,0.8125,1.138084064,12,20220712133858_142.09899790585_2.73498459414535,20210515,Male,KO,0.499962829,6,Broad
7/12/2022,133858,1,Lime3,49,477,16-8kHz_58-73dB_300ms_8s_NG3,Discrimination,Normal,189,93,2,33,61,0.978947368,0.64893617,1.306878307,214.6694516,12.699,15,16,0.9375,0.596494928,12,20220712133858_142.09899790585_2.73498459414535,20210515,Male,KO,0.333357011,4,Broad
7/12/2022,133858,1,Lime3,49,477,16-8kHz_58-73dB_300ms_8s_NG3,Discrimination,Normal,189,93,2,33,61,0.978947368,0.64893617,1.306878307,214.6694516,14.254,16,16,1,0.051773958,12,20220712133858_142.09899790585_2.73498459414535,20210515,Male,KO,0.166705076,2,Broad
7/14/2022,133221,1,Lime3,49,482,16-9kHz_58-73dB_300ms_8s_NG3,Discrimination,Normal,366,181,4,95,86,0.978378378,0.475138122,1.038251366,255.3432376,8,1,30,0.033333333,3.604817611,12,20220714133221_43.6849974095821_3.17950453632331,20210515,Male,KO,1,12,Zoom
7/14/2022,133221,1,Lime3,49,482,16-9kHz_58-73dB_300ms_8s_NG3,Discrimination,Normal,366,181,4,95,86,0.978378378,0.475138122,1.038251366,255.3432376,8.98,3,30,0.1,3.342958112,12,20220714133221_43.6849974095821_3.17950453632331,20210515,Male,KO,0.833284555,10,Zoom
7/14/2022,133221,1,Lime3,49,482,16-9kHz_58-73dB_300ms_8s_NG3,Discrimination,Normal,366,181,4,95,86,0.978378378,0.475138122,1.038251366,255.3432376,9.514,16,30,0.533333333,1.918174687,12,20220714133221_43.6849974095821_3.17950453632331,20210515,Male,KO,0.749947975,9,Zoom
7/14/2022,133221,1,Lime3,49,482,16-9kHz_58-73dB_300ms_8s_NG3,Discrimination,Normal,366,181,4,95,86,0.978378378,0.475138122,1.038251366,255.3432376,10.079,21,30,0.7,1.482923556,12,20220714133221_43.6849974095821_3.17950453632331,20210515,Male,KO,0.666719398,8,Zoom
7/14/2022,133221,1,Lime3,49,482,16-9kHz_58-73dB_300ms_8s_NG3,Discrimination,Normal,366,181,4,95,86,0.978378378,0.475138122,1.038251366,255.3432376,10.679,22,30,0.733333333,1.386996436,12,20220714133221_43.6849974095821_3.17950453632331,20210515,Male,KO,0.583295348,7,Zoom
7/14/2022,133221,1,Lime3,49,482,16-9kHz_58-73dB_300ms_8s_NG3,Discrimination,Normal,366,181,4,95,86,0.978378378,0.475138122,1.038251366,255.3432376,11.314,23,31,0.741935484,1.259873772,12,20220714133221_43.6849974095821_3.17950453632331,20210515,Male,KO,0.499962829,6,Zoom
7/15/2022,132021,1,Lime3,49,481,16-9kHz_58-73dB_300ms_8s_NG3,Discrimination,Normal,337,164,4,103,66,0.976190476,0.390532544,1.178041543,237.3593841,8,0,28,0,4.017348202,12,20220715132021_69.5770014077425_2.59890979881968,20210515,Male,KO,1,12,Zoom
7/15/2022,132021,1,Lime3,49,481,16-9kHz_58-73dB_300ms_8s_NG3,Discrimination,Normal,337,164,4,103,66,0.976190476,0.390532544,1.178041543,237.3593841,8.98,0,28,0,4.017348202,12,20220715132021_69.5770014077425_2.59890979881968,20210515,Male,KO,0.833284555,10,Zoom
7/15/2022,132021,1,Lime3,49,481,16-9kHz_58-73dB_300ms_8s_NG3,Discrimination,Normal,337,164,4,103,66,0.976190476,0.390532544,1.178041543,237.3593841,9.514,14,28,0.5,1.961958886,12,20220715132021_69.5770014077425_2.59890979881968,20210515,Male,KO,0.749947975,9,Zoom
7/15/2022,132021,1,Lime3,49,481,16-9kHz_58-73dB_300ms_8s_NG3,Discrimination,Normal,337,164,4,103,66,0.976190476,0.390532544,1.178041543,237.3593841,10.079,17,29,0.586206897,1.743441647,12,20220715132021_69.5770014077425_2.59890979881968,20210515,Male,KO,0.666719398,8,Zoom
7/15/2022,132021,1,Lime3,49,481,16-9kHz_58-73dB_300ms_8s_NG3,Discrimination,Normal,337,164,4,103,66,0.976190476,0.390532544,1.178041543,237.3593841,10.679,17,28,0.607142857,1.691474755,12,20220715132021_69.5770014077425_2.59890979881968,20210515,Male,KO,0.583295348,7,Zoom
7/15/2022,132021,1,Lime3,49,481,16-9kHz_58-73dB_300ms_8s_NG3,Discrimination,Normal,337,164,4,103,66,0.976190476,0.390532544,1.178041543,237.3593841,11.314,18,28,0.642857143,1.598543345,12,20220715132021_69.5770014077425_2.59890979881968,20210515,Male,KO,0.499962829,6,Zoom
7/20/2022,133249,1,Lime3,49,484,16-10.1kHz_58-73dB_300ms_8s_NG3,Discrimination,Normal,365,176,7,83,99,0.961748634,0.543956044,1.098630137,248.5800966,8,2,30,0.066666667,3.437473617,12,20220720133249_130.546998605132_3.99694443624827,20210515,Male,KO,1,12,Zoom
7/20/2022,133249,1,Lime3,49,484,16-10.1kHz_58-73dB_300ms_8s_NG3,Discrimination,Normal,365,176,7,83,99,0.961748634,0.543956044,1.098630137,248.5800966,10.079,21,30,0.7,1.315579561,12,20220720133249_130.546998605132_3.99694443624827,20210515,Male,KO,0.666719398,8,Zoom
7/20/2022,133249,1,Lime3,49,484,16-10.1kHz_58-73dB_300ms_8s_NG3,Discrimination,Normal,365,176,7,83,99,0.961748634,0.543956044,1.098630137,248.5800966,10.679,17,30,0.566666667,1.582191595,12,20220720133249_130.546998605132_3.99694443624827,20210515,Male,KO,0.583295348,7,Zoom
7/20/2022,133249,1,Lime3,49,484,16-10.1kHz_58-73dB_300ms_8s_NG3,Discrimination,Normal,365,176,7,83,99,0.961748634,0.543956044,1.098630137,248.5800966,11.314,16,30,0.533333333,1.666958643,12,20220720133249_130.546998605132_3.99694443624827,20210515,Male,KO,0.499962829,6,Zoom
7/20/2022,133249,1,Lime3,49,484,16-10.1kHz_58-73dB_300ms_8s_NG3,Discrimination,Normal,365,176,7,83,99,0.961748634,0.543956044,1.098630137,248.5800966,11.986,21,31,0.677419355,1.37663277,12,20220720133249_130.546998605132_3.99694443624827,20210515,Male,KO,0.416721626,5,Zoom
7/20/2022,133249,1,Lime3,49,484,16-10.1kHz_58-73dB_300ms_8s_NG3,Discrimination,Normal,365,176,7,83,99,0.961748634,0.543956044,1.098630137,248.5800966,12.699,22,31,0.709677419,1.286686336,12,20220720133249_130.546998605132_3.99694443624827,20210515,Male,KO,0.333357011,4,Zoom
7/21/2022,133050,1,Lime3,49,478,16-10.1kHz_58-73dB_300ms_8s_NG3,Discrimination,Normal,410,199,5,106,100,0.975490196,0.485436893,1.097560976,245.8598081,8,3,34,0.088235294,3.181666675,12,20220721133050_122.322993725538_1.25026005366055,20210515,Male,KO,1,12,Zoom
7/21/2022,133050,1,Lime3,49,478,16-10.1kHz_58-73dB_300ms_8s_NG3,Discrimination,Normal,410,199,5,106,100,0.975490196,0.485436893,1.097560976,245.8598081,10.079,18,34,0.529411765,1.879826898,12,20220721133050_122.322993725538_1.25026005366055,20210515,Male,KO,0.666719398,8,Zoom
7/21/2022,133050,1,Lime3,49,478,16-10.1kHz_58-73dB_300ms_8s_NG3,Discrimination,Normal,410,199,5,106,100,0.975490196,0.485436893,1.097560976,245.8598081,10.679,20,34,0.588235294,1.731330413,12,20220721133050_122.322993725538_1.25026005366055,20210515,Male,KO,0.583295348,7,Zoom
7/21/2022,133050,1,Lime3,49,478,16-10.1kHz_58-73dB_300ms_8s_NG3,Discrimination,Normal,410,199,5,106,100,0.975490196,0.485436893,1.097560976,245.8598081,11.314,16,34,0.470588235,2.027510343,12,20220721133050_122.322993725538_1.25026005366055,20210515,Male,KO,0.499962829,6,Zoom
7/21/2022,133050,1,Lime3,49,478,16-10.1kHz_58-73dB_300ms_8s_NG3,Discrimination,Normal,410,199,5,106,100,0.975490196,0.485436893,1.097560976,245.8598081,11.986,22,35,0.628571429,1.626190659,12,20220721133050_122.322993725538_1.25026005366055,20210515,Male,KO,0.416721626,5,Zoom
7/21/2022,133050,1,Lime3,49,478,16-10.1kHz_58-73dB_300ms_8s_NG3,Discrimination,Normal,410,199,5,106,100,0.975490196,0.485436893,1.097560976,245.8598081,12.699,21,35,0.6,1.626190659,12,20220721133050_122.322993725538_1.25026005366055,20210515,Male,KO,0.333357011,4,Zoom
7/23/2022,133729,1,Lime3,49,478,16-10.7kHz_58-73dB_300ms_8s_NG3,Discrimination,Normal,238,114,4,57,63,0.966101695,0.525,1.302521008,238.0010088,8,4,20,0.2,2.508158687,12,20220723133729_146.980997174978_2.55767815554751,20210515,Male,KO,1,12,Zoom
7/23/2022,133729,1,Lime3,49,478,16-10.7kHz_58-73dB_300ms_8s_NG3,Discrimination,Normal,238,114,4,57,63,0.966101695,0.525,1.302521008,238.0010088,10.679,11,20,0.55,1.690036883,12,20220723133729_146.980997174978_2.55767815554751,20210515,Male,KO,0.583295348,7,Zoom
7/23/2022,133729,1,Lime3,49,478,16-10.7kHz_58-73dB_300ms_8s_NG3,Discrimination,Normal,238,114,4,57,63,0.966101695,0.525,1.302521008,238.0010088,11.314,10,20,0.5,1.815450439,12,20220723133729_146.980997174978_2.55767815554751,20210515,Male,KO,0.499962829,6,Zoom
7/23/2022,133729,1,Lime3,49,478,16-10.7kHz_58-73dB_300ms_8s_NG3,Discrimination,Normal,238,114,4,57,63,0.966101695,0.525,1.302521008,238.0010088,11.986,11,20,0.55,1.690036883,12,20220723133729_146.980997174978_2.55767815554751,20210515,Male,KO,0.416721626,5,Zoom
7/23/2022,133729,1,Lime3,49,478,16-10.7kHz_58-73dB_300ms_8s_NG3,Discrimination,Normal,238,114,4,57,63,0.966101695,0.525,1.302521008,238.0010088,12.699,15,20,0.75,1.154983535,12,20220723133729_146.980997174978_2.55767815554751,20210515,Male,KO,0.333357011,4,Zoom
7/23/2022,133729,1,Lime3,49,478,16-10.7kHz_58-73dB_300ms_8s_NG3,Discrimination,Normal,238,114,4,57,63,0.966101695,0.525,1.302521008,238.0010088,13.454,12,20,0.6,1.563625234,12,20220723133729_146.980997174978_2.55767815554751,20210515,Male,KO,0.250036742,3,Zoom
7/26/2022,134737,1,Lime3,49,477,16-9kHz_58-73dB_300ms_8s_NG3,Discrimination,Normal,243,121,0,41,81,1,0.663934426,1.209876543,187.0967438,8,6,21,0.285714286,3.264225263,12,20220726134737_78.2010041177273_3.24612787068817,20210515,Male,KO,1,12,Zoom
7/26/2022,134737,1,Lime3,49,477,16-9kHz_58-73dB_300ms_8s_NG3,Discrimination,Normal,243,121,0,41,81,1,0.663934426,1.209876543,187.0967438,8.98,3,21,0.142857143,3.594162668,12,20220726134737_78.2010041177273_3.24612787068817,20210515,Male,KO,0.833284555,10,Zoom
7/26/2022,134737,1,Lime3,49,477,16-9kHz_58-73dB_300ms_8s_NG3,Discrimination,Normal,243,121,0,41,81,1,0.663934426,1.209876543,187.0967438,11.986,17,20,0.85,1.692151811,12,20220726134737_78.2010041177273_3.24612787068817,20210515,Male,KO,0.416721626,5,Zoom
7/26/2022,134737,1,Lime3,49,477,16-9kHz_58-73dB_300ms_8s_NG3,Discrimination,Normal,243,121,0,41,81,1,0.663934426,1.209876543,187.0967438,12.699,19,20,0.95,1.187209631,12,20220726134737_78.2010041177273_3.24612787068817,20210515,Male,KO,0.333357011,4,Zoom
7/26/2022,134737,1,Lime3,49,477,16-9kHz_58-73dB_300ms_8s_NG3,Discrimination,Normal,243,121,0,41,81,1,0.663934426,1.209876543,187.0967438,13.454,16,20,0.8,1.871326075,12,20220726134737_78.2010041177273_3.24612787068817,20210515,Male,KO,0.250036742,3,Zoom
7/26/2022,134737,1,Lime3,49,477,16-9kHz_58-73dB_300ms_8s_NG3,Discrimination,Normal,243,121,0,41,81,1,0.663934426,1.209876543,187.0967438,14.254,20,20,1,0.666777117,12,20220726134737_78.2010041177273_3.24612787068817,20210515,Male,KO,0.166705076,2,Zoom
7/27/2022,133622,1,Lime3,49,480,16-10.1kHz_58-73dB_300ms_8s_NG3,Discrimination,Normal,421,203,7,129,82,0.966666667,0.388625592,1.140142518,253.9403596,8,3,35,0.085714286,3.25699808,12,20220727133622_91.6310057044029_3.92565886858413,20210515,Male,KO,1,12,Zoom
7/27/2022,133622,1,Lime3,49,480,16-10.1kHz_58-73dB_300ms_8s_NG3,Discrimination,Normal,421,203,7,129,82,0.966666667,0.388625592,1.140142518,253.9403596,10.079,15,36,0.416666667,2.037927934,12,20220727133622_91.6310057044029_3.92565886858413,20210515,Male,KO,0.666719398,8,Zoom
7/27/2022,133622,1,Lime3,49,480,16-10.1kHz_58-73dB_300ms_8s_NG3,Discrimination,Normal,421,203,7,129,82,0.966666667,0.388625592,1.140142518,253.9403596,10.679,15,35,0.428571429,2.008298412,12,20220727133622_91.6310057044029_3.92565886858413,20210515,Male,KO,0.583295348,7,Zoom
7/27/2022,133622,1,Lime3,49,480,16-10.1kHz_58-73dB_300ms_8s_NG3,Discrimination,Normal,421,203,7,129,82,0.966666667,0.388625592,1.140142518,253.9403596,11.314,17,35,0.485714286,1.863443571,12,20220727133622_91.6310057044029_3.92565886858413,20210515,Male,KO,0.499962829,6,Zoom
7/27/2022,133622,1,Lime3,49,480,16-10.1kHz_58-73dB_300ms_8s_NG3,Discrimination,Normal,421,203,7,129,82,0.966666667,0.388625592,1.140142518,253.9403596,11.986,18,35,0.514285714,1.720085004,12,20220727133622_91.6310057044029_3.92565886858413,20210515,Male,KO,0.416721626,5,Zoom
7/27/2022,133622,1,Lime3,49,480,16-10.1kHz_58-73dB_300ms_8s_NG3,Discrimination,Normal,421,203,7,129,82,0.966666667,0.388625592,1.140142518,253.9403596,12.699,14,35,0.4,2.082271059,12,20220727133622_91.6310057044029_3.92565886858413,20210515,Male,KO,0.333357011,4,Zoom
8/2/2022,134622,1,Lime3,49,483,16-8kHz_60dB_300ms_8s_NG3,Discrimination,Normal,404,195,7,111,91,0.965346535,0.45049505,1.064356436,235.0304205,8,4,34,0.117647059,2.888860069,12,20220802134622_36.37600466609_2.57918059100003,20210515,Male,KO,1,12,Broad
8/2/2022,134622,1,Lime3,49,483,16-8kHz_60dB_300ms_8s_NG3,Discrimination,Normal,404,195,7,111,91,0.965346535,0.45049505,1.064356436,235.0304205,8.98,1,33,0.03030303,3.464144341,12,20220802134622_36.37600466609_2.57918059100003,20210515,Male,KO,0.833284555,10,Broad
8/2/2022,134622,1,Lime3,49,483,16-8kHz_60dB_300ms_8s_NG3,Discrimination,Normal,404,195,7,111,91,0.965346535,0.45049505,1.064356436,235.0304205,10.079,15,34,0.441176471,1.958889728,12,20220802134622_36.37600466609_2.57918059100003,20210515,Male,KO,0.666719398,8,Broad
8/2/2022,134622,1,Lime3,49,483,16-8kHz_60dB_300ms_8s_NG3,Discrimination,Normal,404,195,7,111,91,0.965346535,0.45049505,1.064356436,235.0304205,11.314,15,33,0.454545455,1.926028685,12,20220802134622_36.37600466609_2.57918059100003,20210515,Male,KO,0.499962829,6,Broad
8/2/2022,134622,1,Lime3,49,483,16-8kHz_60dB_300ms_8s_NG3,Discrimination,Normal,404,195,7,111,91,0.965346535,0.45049505,1.064356436,235.0304205,12.699,23,34,0.676470588,1.356238572,12,20220802134622_36.37600466609_2.57918059100003,20210515,Male,KO,0.333357011,4,Broad
8/2/2022,134622,1,Lime3,49,483,16-8kHz_60dB_300ms_8s_NG3,Discrimination,Normal,404,195,7,111,91,0.965346535,0.45049505,1.064356436,235.0304205,14.254,33,34,0.970588235,0.068741806,12,20220802134622_36.37600466609_2.57918059100003,20210515,Male,KO,0.166705076,2,Broad
8/3/2022,132754,1,Lime3,49,484,16-8kHz_60dB_300ms_8s_NG3,Discrimination,Normal,399,192,7,121,79,0.964824121,0.395,1.162907268,261.0038802,8,1,33,0.03030303,3.457076374,12,20220803132754_77.1479923278093_3.25685787411816,20210515,Male,KO,1,12,Broad
8/3/2022,132754,1,Lime3,49,484,16-8kHz_60dB_300ms_8s_NG3,Discrimination,Normal,399,192,7,121,79,0.964824121,0.395,1.162907268,261.0038802,8.98,3,33,0.090909091,3.0142086,12,20220803132754_77.1479923278093_3.25685787411816,20210515,Male,KO,0.833284555,10,Broad
8/3/2022,132754,1,Lime3,49,484,16-8kHz_60dB_300ms_8s_NG3,Discrimination,Normal,399,192,7,121,79,0.964824121,0.395,1.162907268,261.0038802,10.079,13,33,0.393939394,2.07512055,12,20220803132754_77.1479923278093_3.25685787411816,20210515,Male,KO,0.666719398,8,Broad
8/3/2022,132754,1,Lime3,49,484,16-8kHz_60dB_300ms_8s_NG3,Discrimination,Normal,399,192,7,121,79,0.964824121,0.395,1.162907268,261.0038802,11.314,12,34,0.352941176,2.104546401,12,20220803132754_77.1479923278093_3.25685787411816,20210515,Male,KO,0.499962829,6,Broad
8/3/2022,132754,1,Lime3,49,484,16-8kHz_60dB_300ms_8s_NG3,Discrimination,Normal,399,192,7,121,79,0.964824121,0.395,1.162907268,261.0038802,12.699,16,33,0.484848485,1.842486368,12,20220803132754_77.1479923278093_3.25685787411816,20210515,Male,KO,0.333357011,4,Broad
8/3/2022,132754,1,Lime3,49,484,16-8kHz_60dB_300ms_8s_NG3,Discrimination,Normal,399,192,7,121,79,0.964824121,0.395,1.162907268,261.0038802,14.254,34,34,1,-0.411468325,12,20220803132754_77.1479923278093_3.25685787411816,20210515,Male,KO,0.166705076,2,Broad
8/5/2022,132254,1,Lime3,49,484,16-8kHz_60dB_300ms_8s_NG3,Discrimination,Normal,384,190,2,106,86,0.989583333,0.447916667,1.059895833,245.1705474,8,2,32,0.0625,3.891261766,12,20220805132254_50.5999971181154_2.44963906843977,20210515,Male,KO,1,12,Broad
8/5/2022,132254,1,Lime3,49,484,16-8kHz_60dB_300ms_8s_NG3,Discrimination,Normal,384,190,2,106,86,0.989583333,0.447916667,1.059895833,245.1705474,8.98,6,32,0.1875,3.162103799,12,20220805132254_50.5999971181154_2.44963906843977,20210515,Male,KO,0.833284555,10,Broad
8/5/2022,132254,1,Lime3,49,484,16-8kHz_60dB_300ms_8s_NG3,Discrimination,Normal,384,190,2,106,86,0.989583333,0.447916667,1.059895833,245.1705474,10.079,15,32,0.46875,2.254498128,12,20220805132254_50.5999971181154_2.44963906843977,20210515,Male,KO,0.666719398,8,Broad
8/5/2022,132254,1,Lime3,49,484,16-8kHz_60dB_300ms_8s_NG3,Discrimination,Normal,384,190,2,106,86,0.989583333,0.447916667,1.059895833,245.1705474,11.314,17,32,0.53125,2.097552168,12,20220805132254_50.5999971181154_2.44963906843977,20210515,Male,KO,0.499962829,6,Broad
8/5/2022,132254,1,Lime3,49,484,16-8kHz_60dB_300ms_8s_NG3,Discrimination,Normal,384,190,2,106,86,0.989583333,0.447916667,1.059895833,245.1705474,12.699,14,32,0.4375,2.412421127,12,20220805132254_50.5999971181154_2.44963906843977,20210515,Male,KO,0.333357011,4,Broad
8/5/2022,132254,1,Lime3,49,484,16-8kHz_60dB_300ms_8s_NG3,Discrimination,Normal,384,190,2,106,86,0.989583333,0.447916667,1.059895833,245.1705474,14.254,32,32,1,0.061447349,12,20220805132254_50.5999971181154_2.44963906843977,20210515,Male,KO,0.166705076,2,Broad
8/6/2022,132053,1,Lime3,49,486,16-11.3kHz_60dB_300ms_8s_NG3,Discrimination,Normal,397,182,16,127,72,0.919191919,0.361809045,1.060453401,280.438467,8,0,34,0,3.580906561,12,20220806132053_7.62699544429779_2.94685021268751,20210515,Male,KO,1,12,Zoom
8/6/2022,132053,1,Lime3,49,486,16-11.3kHz_60dB_300ms_8s_NG3,Discrimination,Normal,397,182,16,127,72,0.919191919,0.361809045,1.060453401,280.438467,11.314,10,33,0.303030303,1.875772613,12,20220806132053_7.62699544429779_2.94685021268751,20210515,Male,KO,0.499962829,6,Zoom
8/6/2022,132053,1,Lime3,49,486,16-11.3kHz_60dB_300ms_8s_NG3,Discrimination,Normal,397,182,16,127,72,0.919191919,0.361809045,1.060453401,280.438467,11.986,8,33,0.242424242,2.150842087,12,20220806132053_7.62699544429779_2.94685021268751,20210515,Male,KO,0.416721626,5,Zoom
8/6/2022,132053,1,Lime3,49,486,16-11.3kHz_60dB_300ms_8s_NG3,Discrimination,Normal,397,182,16,127,72,0.919191919,0.361809045,1.060453401,280.438467,12.699,11,33,0.333333333,1.79239779,12,20220806132053_7.62699544429779_2.94685021268751,20210515,Male,KO,0.333357011,4,Zoom
8/6/2022,132053,1,Lime3,49,486,16-11.3kHz_60dB_300ms_8s_NG3,Discrimination,Normal,397,182,16,127,72,0.919191919,0.361809045,1.060453401,280.438467,13.454,11,33,0.333333333,1.875772613,12,20220806132053_7.62699544429779_2.94685021268751,20210515,Male,KO,0.250036742,3,Zoom
8/6/2022,132053,1,Lime3,49,486,16-11.3kHz_60dB_300ms_8s_NG3,Discrimination,Normal,397,182,16,127,72,0.919191919,0.361809045,1.060453401,280.438467,14.254,32,33,0.96969697,-0.287638138,12,20220806132053_7.62699544429779_2.94685021268751,20210515,Male,KO,0.166705076,2,Zoom
8/9/2022,133817,1,Lime3,49,475,16-11.3kHz_60dB_300ms_8s_NG3,Discrimination,Normal,339,167,4,64,104,0.976608187,0.619047619,1.194690265,215.9690659,8,5,28,0.178571429,2.886299067,12,20220809133817_89.6510023623705_3.86427092147406,20210515,Male,KO,1,12,Zoom
8/9/2022,133817,1,Lime3,49,475,16-11.3kHz_60dB_300ms_8s_NG3,Discrimination,Normal,339,167,4,64,104,0.976608187,0.619047619,1.194690265,215.9690659,11.314,21,28,0.75,1.300043584,12,20220809133817_89.6510023623705_3.86427092147406,20210515,Male,KO,0.499962829,6,Zoom
8/9/2022,133817,1,Lime3,49,475,16-11.3kHz_60dB_300ms_8s_NG3,Discrimination,Normal,339,167,4,64,104,0.976608187,0.619047619,1.194690265,215.9690659,11.986,12,28,0.428571429,2.166541462,12,20220809133817_89.6510023623705_3.86427092147406,20210515,Male,KO,0.416721626,5,Zoom
8/9/2022,133817,1,Lime3,49,475,16-11.3kHz_60dB_300ms_8s_NG3,Discrimination,Normal,339,167,4,64,104,0.976608187,0.619047619,1.194690265,215.9690659,12.699,17,28,0.607142857,1.806143714,12,20220809133817_89.6510023623705_3.86427092147406,20210515,Male,KO,0.333357011,4,Zoom
8/9/2022,133817,1,Lime3,49,475,16-11.3kHz_60dB_300ms_8s_NG3,Discrimination,Normal,339,167,4,64,104,0.976608187,0.619047619,1.194690265,215.9690659,13.454,21,28,0.75,1.412544899,12,20220809133817_89.6510023623705_3.86427092147406,20210515,Male,KO,0.250036742,3,Zoom
8/9/2022,133817,1,Lime3,49,475,16-11.3kHz_60dB_300ms_8s_NG3,Discrimination,Normal,339,167,4,64,104,0.976608187,0.619047619,1.194690265,215.9690659,14.254,28,28,1,-0.068313825,12,20220809133817_89.6510023623705_3.86427092147406,20210515,Male,KO,0.166705076,2,Zoom
8/10/2022,133455,1,Lime3,49,478,16-11.3kHz_60dB_300ms_8s_NG3,Discrimination,Normal,367,173,10,88,96,0.945355191,0.52173913,1.119891008,229.4080173,8,3,31,0.096774194,2.774551358,12,20220810133455_191.979998722672_3.92548475105714,20210515,Male,KO,1,12,Zoom
8/10/2022,133455,1,Lime3,49,478,16-11.3kHz_60dB_300ms_8s_NG3,Discrimination,Normal,367,173,10,88,96,0.945355191,0.52173913,1.119891008,229.4080173,11.314,16,31,0.516129032,1.563319227,12,20220810133455_191.979998722672_3.92548475105714,20210515,Male,KO,0.499962829,6,Zoom
8/10/2022,133455,1,Lime3,49,478,16-11.3kHz_60dB_300ms_8s_NG3,Discrimination,Normal,367,173,10,88,96,0.945355191,0.52173913,1.119891008,229.4080173,11.986,16,30,0.533333333,1.521529929,12,20220810133455_191.979998722672_3.92548475105714,20210515,Male,KO,0.416721626,5,Zoom
8/10/2022,133455,1,Lime3,49,478,16-11.3kHz_60dB_300ms_8s_NG3,Discrimination,Normal,367,173,10,88,96,0.945355191,0.52173913,1.119891008,229.4080173,12.699,14,30,0.466666667,1.605108525,12,20220810133455_191.979998722672_3.92548475105714,20210515,Male,KO,0.333357011,4,Zoom
8/10/2022,133455,1,Lime3,49,478,16-11.3kHz_60dB_300ms_8s_NG3,Discrimination,Normal,367,173,10,88,96,0.945355191,0.52173913,1.119891008,229.4080173,13.454,16,31,0.516129032,1.563319227,12,20220810133455_191.979998722672_3.92548475105714,20210515,Male,KO,0.250036742,3,Zoom
8/10/2022,133455,1,Lime3,49,478,16-11.3kHz_60dB_300ms_8s_NG3,Discrimination,Normal,367,173,10,88,96,0.945355191,0.52173913,1.119891008,229.4080173,14.254,31,31,1,-0.577878894,12,20220810133455_191.979998722672_3.92548475105714,20210515,Male,KO,0.166705076,2,Zoom
8/12/2022,132551,1,Lime3,49,478,16-11.3kHz_60dB_300ms_8s_NG3,Discrimination,Normal,365,171,10,83,101,0.944751381,0.548913043,1.046575342,234.0464152,8,2,31,0.064516129,3.268152829,12,20220812132551_43.7200002372265_3.54725766262689,20210515,Male,KO,1,12,Zoom
8/12/2022,132551,1,Lime3,49,478,16-11.3kHz_60dB_300ms_8s_NG3,Discrimination,Normal,365,171,10,83,101,0.944751381,0.548913043,1.046575342,234.0464152,11.314,19,31,0.612903226,1.362448995,12,20220812132551_43.7200002372265_3.54725766262689,20210515,Male,KO,0.499962829,6,Zoom
8/12/2022,132551,1,Lime3,49,478,16-11.3kHz_60dB_300ms_8s_NG3,Discrimination,Normal,365,171,10,83,101,0.944751381,0.548913043,1.046575342,234.0464152,11.986,16,31,0.516129032,1.607455218,12,20220812132551_43.7200002372265_3.54725766262689,20210515,Male,KO,0.416721626,5,Zoom
8/12/2022,132551,1,Lime3,49,478,16-11.3kHz_60dB_300ms_8s_NG3,Discrimination,Normal,365,171,10,83,101,0.944751381,0.548913043,1.046575342,234.0464152,12.699,20,30,0.666666667,1.222134752,12,20220812132551_43.7200002372265_3.54725766262689,20210515,Male,KO,0.333357011,4,Zoom
8/12/2022,132551,1,Lime3,49,478,16-11.3kHz_60dB_300ms_8s_NG3,Discrimination,Normal,365,171,10,83,101,0.944751381,0.548913043,1.046575342,234.0464152,13.454,18,30,0.6,1.397026824,12,20220812132551_43.7200002372265_3.54725766262689,20210515,Male,KO,0.250036742,3,Zoom
8/12/2022,132551,1,Lime3,49,478,16-11.3kHz_60dB_300ms_8s_NG3,Discrimination,Normal,365,171,10,83,101,0.944751381,0.548913043,1.046575342,234.0464152,14.254,26,31,0.838709677,0.682210658,12,20220812132551_43.7200002372265_3.54725766262689,20210515,Male,KO,0.166705076,2,Zoom
8/13/2022,132758,1,Lime3,49,473,16-8kHz_60dB_300ms_8s_NG3,Discrimination,Normal,406,199,3,124,80,0.985148515,0.392156863,1.04679803,226.4429347,8,4,34,0.117647059,3.500527668,12,20220813132758_3.99400368332863_3.39910035314828,20210515,Male,KO,1,12,Broad
8/13/2022,132758,1,Lime3,49,473,16-8kHz_60dB_300ms_8s_NG3,Discrimination,Normal,406,199,3,124,80,0.985148515,0.392156863,1.04679803,226.4429347,8.98,2,34,0.058823529,3.940339328,12,20220813132758_3.99400368332863_3.39910035314828,20210515,Male,KO,0.833284555,10,Broad
8/13/2022,132758,1,Lime3,49,473,16-8kHz_60dB_300ms_8s_NG3,Discrimination,Normal,406,199,3,124,80,0.985148515,0.392156863,1.04679803,226.4429347,10.079,14,34,0.411764706,2.496525823,12,20220813132758_3.99400368332863_3.39910035314828,20210515,Male,KO,0.666719398,8,Broad
8/13/2022,132758,1,Lime3,49,473,16-8kHz_60dB_300ms_8s_NG3,Discrimination,Normal,406,199,3,124,80,0.985148515,0.392156863,1.04679803,226.4429347,11.314,13,34,0.382352941,2.496525823,12,20220813132758_3.99400368332863_3.39910035314828,20210515,Male,KO,0.499962829,6,Broad
8/13/2022,132758,1,Lime3,49,473,16-8kHz_60dB_300ms_8s_NG3,Discrimination,Normal,406,199,3,124,80,0.985148515,0.392156863,1.04679803,226.4429347,12.699,15,34,0.441176471,2.346371335,12,20220813132758_3.99400368332863_3.39910035314828,20210515,Male,KO,0.333357011,4,Broad
8/13/2022,132758,1,Lime3,49,473,16-8kHz_60dB_300ms_8s_NG3,Discrimination,Normal,406,199,3,124,80,0.985148515,0.392156863,1.04679803,226.4429347,14.254,32,34,0.941176471,0.785559514,12,20220813132758_3.99400368332863_3.39910035314828,20210515,Male,KO,0.166705076,2,Broad
8/18/2022,132939,1,Lime3,49,475,16-8kHz_60dB_300ms_8s_NG3,Discrimination,Normal,277,133,6,75,63,0.956834532,0.456521739,1.205776173,225.86725,8,1,23,0.043478261,3.171890357,12,20220818132939_198.429993912578_1.9648756497073,20210515,Male,KO,1,12,Broad
8/18/2022,132939,1,Lime3,49,475,16-8kHz_60dB_300ms_8s_NG3,Discrimination,Normal,277,133,6,75,63,0.956834532,0.456521739,1.205776173,225.86725,8.98,7,23,0.304347826,2.234610053,12,20220818132939_198.429993912578_1.9648756497073,20210515,Male,KO,0.833284555,10,Broad
8/18/2022,132939,1,Lime3,49,475,16-8kHz_60dB_300ms_8s_NG3,Discrimination,Normal,277,133,6,75,63,0.956834532,0.456521739,1.205776173,225.86725,10.079,9,23,0.391304348,1.879223687,12,20220818132939_198.429993912578_1.9648756497073,20210515,Male,KO,0.666719398,8,Broad
8/18/2022,132939,1,Lime3,49,475,16-8kHz_60dB_300ms_8s_NG3,Discrimination,Normal,277,133,6,75,63,0.956834532,0.456521739,1.205776173,225.86725,11.314,15,23,0.652173913,1.326495673,12,20220818132939_198.429993912578_1.9648756497073,20210515,Male,KO,0.499962829,6,Broad
8/18/2022,132939,1,Lime3,49,475,16-8kHz_60dB_300ms_8s_NG3,Discrimination,Normal,277,133,6,75,63,0.956834532,0.456521739,1.205776173,225.86725,12.699,12,23,0.52173913,1.659500771,12,20220818132939_198.429993912578_1.9648756497073,20210515,Male,KO,0.333357011,4,Broad
8/18/2022,132939,1,Lime3,49,475,16-8kHz_60dB_300ms_8s_NG3,Discrimination,Normal,277,133,6,75,63,0.956834532,0.456521739,1.205776173,225.86725,14.254,19,23,0.826086957,0.802246451,12,20220818132939_198.429993912578_1.9648756497073,20210515,Male,KO,0.166705076,2,Broad
8/19/2022,133914,1,Lime3,49,473,16-11.3kHz_60dB_300ms_8s_NG3,Discrimination,Normal,362,173,7,109,73,0.961111111,0.401098901,1.080110497,228.6657283,8,2,30,0.066666667,3.10144567,12,20220819133914_100.756001472473_2.04375054000493,20210515,Male,KO,1,12,Zoom
8/19/2022,133914,1,Lime3,49,473,16-11.3kHz_60dB_300ms_8s_NG3,Discrimination,Normal,362,173,7,109,73,0.961111111,0.401098901,1.080110497,228.6657283,11.314,9,30,0.3,2.291419092,12,20220819133914_100.756001472473_2.04375054000493,20210515,Male,KO,0.499962829,6,Zoom
8/19/2022,133914,1,Lime3,49,473,16-11.3kHz_60dB_300ms_8s_NG3,Discrimination,Normal,362,173,7,109,73,0.961111111,0.401098901,1.080110497,228.6657283,11.986,13,31,0.419354839,1.963457766,12,20220819133914_100.756001472473_2.04375054000493,20210515,Male,KO,0.416721626,5,Zoom
8/19/2022,133914,1,Lime3,49,473,16-11.3kHz_60dB_300ms_8s_NG3,Discrimination,Normal,362,173,7,109,73,0.961111111,0.401098901,1.080110497,228.6657283,12.699,7,30,0.233333333,2.392941294,12,20220819133914_100.756001472473_2.04375054000493,20210515,Male,KO,0.333357011,4,Zoom
8/19/2022,133914,1,Lime3,49,473,16-11.3kHz_60dB_300ms_8s_NG3,Discrimination,Normal,362,173,7,109,73,0.961111111,0.401098901,1.080110497,228.6657283,13.454,12,31,0.387096774,2.04774289,12,20220819133914_100.756001472473_2.04375054000493,20210515,Male,KO,0.250036742,3,Zoom
8/19/2022,133914,1,Lime3,49,473,16-11.3kHz_60dB_300ms_8s_NG3,Discrimination,Normal,362,173,7,109,73,0.961111111,0.401098901,1.080110497,228.6657283,14.254,30,30,1,-0.409593691,12,20220819133914_100.756001472473_2.04375054000493,20210515,Male,KO,0.166705076,2,Zoom
8/20/2022,133241,1,Lime3,49,475,16-8kHz_60dB_300ms_8s_NG3,Discrimination,Normal,318,157,3,92,66,0.98125,0.417721519,1.135220126,223.9999045,8,4,26,0.153846154,2.945224845,12,20220820133241_79.017998278141_3.09542902263869,20210515,Male,KO,1,12,Broad
8/20/2022,133241,1,Lime3,49,475,16-8kHz_60dB_300ms_8s_NG3,Discrimination,Normal,318,157,3,92,66,0.98125,0.417721519,1.135220126,223.9999045,8.98,3,26,0.115384615,3.107984814,12,20220820133241_79.017998278141_3.09542902263869,20210515,Male,KO,0.833284555,10,Broad
8/20/2022,133241,1,Lime3,49,475,16-8kHz_60dB_300ms_8s_NG3,Discrimination,Normal,318,157,3,92,66,0.98125,0.417721519,1.135220126,223.9999045,10.079,9,26,0.346153846,2.347251533,12,20220820133241_79.017998278141_3.09542902263869,20210515,Male,KO,0.666719398,8,Broad
8/20/2022,133241,1,Lime3,49,475,16-8kHz_60dB_300ms_8s_NG3,Discrimination,Normal,318,157,3,92,66,0.98125,0.417721519,1.135220126,223.9999045,11.314,13,27,0.481481481,2.096120919,12,20220820133241_79.017998278141_3.09542902263869,20210515,Male,KO,0.499962829,6,Broad
8/20/2022,133241,1,Lime3,49,475,16-8kHz_60dB_300ms_8s_NG3,Discrimination,Normal,318,157,3,92,66,0.98125,0.417721519,1.135220126,223.9999045,12.699,11,26,0.423076923,2.148270012,12,20220820133241_79.017998278141_3.09542902263869,20210515,Male,KO,0.333357011,4,Broad
8/20/2022,133241,1,Lime3,49,475,16-8kHz_60dB_300ms_8s_NG3,Discrimination,Normal,318,157,3,92,66,0.98125,0.417721519,1.135220126,223.9999045,14.254,26,27,0.962962963,0.409930252,12,20220820133241_79.017998278141_3.09542902263869,20210515,Male,KO,0.166705076,2,Broad
8/30/2022,141800,1,Lime3,49,478,16-8kHz_60dB_300ms_8s_NG3,Discrimination,Normal,327,159,5,74,89,0.969512195,0.54601227,1.226299694,211.448044,8,2,27,0.074074074,3.142184509,12,20220830141800_294.032000005245_3.60263645557987,20210515,Male,KO,1,12,Broad
8/30/2022,141800,1,Lime3,49,478,16-8kHz_60dB_300ms_8s_NG3,Discrimination,Normal,327,159,5,74,89,0.969512195,0.54601227,1.226299694,211.448044,8.98,4,28,0.142857143,2.9675762,12,20220830141800_294.032000005245_3.60263645557987,20210515,Male,KO,0.833284555,10,Broad
8/30/2022,141800,1,Lime3,49,478,16-8kHz_60dB_300ms_8s_NG3,Discrimination,Normal,327,159,5,74,89,0.969512195,0.54601227,1.226299694,211.448044,10.079,21,27,0.777777778,1.113305031,12,20220830141800_294.032000005245_3.60263645557987,20210515,Male,KO,0.666719398,8,Broad
8/30/2022,141800,1,Lime3,49,478,16-8kHz_60dB_300ms_8s_NG3,Discrimination,Normal,327,159,5,74,89,0.969512195,0.54601227,1.226299694,211.448044,11.314,21,27,0.777777778,1.113305031,12,20220830141800_294.032000005245_3.60263645557987,20210515,Male,KO,0.499962829,6,Broad
8/30/2022,141800,1,Lime3,49,478,16-8kHz_60dB_300ms_8s_NG3,Discrimination,Normal,327,159,5,74,89,0.969512195,0.54601227,1.226299694,211.448044,12.699,16,27,0.592592593,1.630470699,12,20220830141800_294.032000005245_3.60263645557987,20210515,Male,KO,0.333357011,4,Broad
8/30/2022,141800,1,Lime3,49,478,16-8kHz_60dB_300ms_8s_NG3,Discrimination,Normal,327,159,5,74,89,0.969512195,0.54601227,1.226299694,211.448044,14.254,25,27,0.925925926,0.492269131,12,20220830141800_294.032000005245_3.60263645557987,20210515,Male,KO,0.166705076,2,Broad
8/31/2022,132810,1,Lime3,49,480,16-11.3kHz_60dB_300ms_8s_NG3,Discrimination,Normal,292,134,11,79,68,0.924137931,0.462585034,1.181506849,257.1779851,8,4,25,0.16,2.354896559,12,20220831132810_89.1049984842539_3.40251174650871,20210515,Male,KO,1,12,Zoom
8/31/2022,132810,1,Lime3,49,480,16-11.3kHz_60dB_300ms_8s_NG3,Discrimination,Normal,292,134,11,79,68,0.924137931,0.462585034,1.181506849,257.1779851,11.314,10,24,0.416666667,1.703678448,12,20220831132810_89.1049984842539_3.40251174650871,20210515,Male,KO,0.499962829,6,Zoom
8/31/2022,132810,1,Lime3,49,480,16-11.3kHz_60dB_300ms_8s_NG3,Discrimination,Normal,292,134,11,79,68,0.924137931,0.462585034,1.181506849,257.1779851,11.986,8,24,0.333333333,1.813626881,12,20220831132810_89.1049984842539_3.40251174650871,20210515,Male,KO,0.416721626,5,Zoom
8/31/2022,132810,1,Lime3,49,480,16-11.3kHz_60dB_300ms_8s_NG3,Discrimination,Normal,292,134,11,79,68,0.924137931,0.462585034,1.181506849,257.1779851,12.699,12,24,0.5,1.491776651,12,20220831132810_89.1049984842539_3.40251174650871,20210515,Male,KO,0.333357011,4,Zoom
8/31/2022,132810,1,Lime3,49,480,16-11.3kHz_60dB_300ms_8s_NG3,Discrimination,Normal,292,134,11,79,68,0.924137931,0.462585034,1.181506849,257.1779851,13.454,10,25,0.4,1.745012259,12,20220831132810_89.1049984842539_3.40251174650871,20210515,Male,KO,0.250036742,3,Zoom
8/31/2022,132810,1,Lime3,49,480,16-11.3kHz_60dB_300ms_8s_NG3,Discrimination,Normal,292,134,11,79,68,0.924137931,0.462585034,1.181506849,257.1779851,14.254,24,25,0.96,-0.115242124,12,20220831132810_89.1049984842539_3.40251174650871,20210515,Male,KO,0.166705076,2,Zoom
9/2/2022,133210,1,Lime3,49,479,16-8kHz_60dB_300ms_8s_NG3,Discrimination,Normal,282,132,8,78,64,0.942857143,0.450704225,1.09929078,231.1012424,8,3,23,0.130434783,2.557521219,12,20220902133210_132.211000844836_1.59082568048869,20210515,Male,KO,1,12,Broad
9/2/2022,133210,1,Lime3,49,479,16-8kHz_60dB_300ms_8s_NG3,Discrimination,Normal,282,132,8,78,64,0.942857143,0.450704225,1.09929078,231.1012424,8.98,2,24,0.083333333,2.788528507,12,20220902133210_132.211000844836_1.59082568048869,20210515,Male,KO,0.833284555,10,Broad
9/2/2022,133210,1,Lime3,49,479,16-8kHz_60dB_300ms_8s_NG3,Discrimination,Normal,282,132,8,78,64,0.942857143,0.450704225,1.09929078,231.1012424,10.079,11,24,0.458333333,1.582612126,12,20220902133210_132.211000844836_1.59082568048869,20210515,Male,KO,0.666719398,8,Broad
9/2/2022,133210,1,Lime3,49,479,16-8kHz_60dB_300ms_8s_NG3,Discrimination,Normal,282,132,8,78,64,0.942857143,0.450704225,1.09929078,231.1012424,11.314,12,23,0.52173913,1.530366946,12,20220902133210_132.211000844836_1.59082568048869,20210515,Male,KO,0.499962829,6,Broad
9/2/2022,133210,1,Lime3,49,479,16-8kHz_60dB_300ms_8s_NG3,Discrimination,Normal,282,132,8,78,64,0.942857143,0.450704225,1.09929078,231.1012424,12.699,15,24,0.625,1.266219969,12,20220902133210_132.211000844836_1.59082568048869,20210515,Male,KO,0.333357011,4,Broad
9/2/2022,133210,1,Lime3,49,479,16-8kHz_60dB_300ms_8s_NG3,Discrimination,Normal,282,132,8,78,64,0.942857143,0.450704225,1.09929078,231.1012424,14.254,21,24,0.875,0.475894494,12,20220902133210_132.211000844836_1.59082568048869,20210515,Male,KO,0.166705076,2,Broad
9/3/2022,133305,1,Lime3,49,475,16-11.3kHz_60dB_300ms_8s_NG3,Discrimination,Normal,321,149,11,85,76,0.93125,0.472049689,1.07788162,240.673349,8,3,27,0.111111111,2.770209754,12,20220903133305_101.522000133991_2.21366394869363,20210515,Male,KO,1,12,Zoom
9/3/2022,133305,1,Lime3,49,475,16-11.3kHz_60dB_300ms_8s_NG3,Discrimination,Normal,321,149,11,85,76,0.93125,0.472049689,1.07788162,240.673349,11.314,12,27,0.444444444,1.632008186,12,20220903133305_101.522000133991_2.21366394869363,20210515,Male,KO,0.499962829,6,Zoom
9/3/2022,133305,1,Lime3,49,475,16-11.3kHz_60dB_300ms_8s_NG3,Discrimination,Normal,321,149,11,85,76,0.93125,0.472049689,1.07788162,240.673349,11.986,10,26,0.384615385,1.688656243,12,20220903133305_101.522000133991_2.21366394869363,20210515,Male,KO,0.416721626,5,Zoom
9/3/2022,133305,1,Lime3,49,475,16-11.3kHz_60dB_300ms_8s_NG3,Discrimination,Normal,321,149,11,85,76,0.93125,0.472049689,1.07788162,240.673349,12.699,11,27,0.407407407,1.632008186,12,20220903133305_101.522000133991_2.21366394869363,20210515,Male,KO,0.333357011,4,Zoom
9/3/2022,133305,1,Lime3,49,475,16-11.3kHz_60dB_300ms_8s_NG3,Discrimination,Normal,321,149,11,85,76,0.93125,0.472049689,1.07788162,240.673349,13.454,13,27,0.481481481,1.445252065,12,20220903133305_101.522000133991_2.21366394869363,20210515,Male,KO,0.250036742,3,Zoom
9/3/2022,133305,1,Lime3,49,475,16-11.3kHz_60dB_300ms_8s_NG3,Discrimination,Normal,321,149,11,85,76,0.93125,0.472049689,1.07788162,240.673349,14.254,27,27,1,-0.640103501,12,20220903133305_101.522000133991_2.21366394869363,20210515,Male,KO,0.166705076,2,Zoom
7/20/2022,133241,5,Teal3,56,464,8-4kHz_68-70dB_300ms_12s_NG3,Discrimination,Normal,390,195,0,83,112,1,0.574358974,1.251282051,159.8360154,4,13,33,0.393939394,3.099135797,12,20220720133241_197.471006959677_1.11433220183096,20210515,Male,WT,1,12,Broad
7/20/2022,133241,5,Teal3,56,464,8-4kHz_68-70dB_300ms_12s_NG3,Discrimination,Normal,390,195,0,83,112,1,0.574358974,1.251282051,159.8360154,4.49,7,32,0.21875,3.620980869,12,20220720133241_197.471006959677_1.11433220183096,20210515,Male,WT,0.833284555,10,Broad
7/20/2022,133241,5,Teal3,56,464,8-4kHz_68-70dB_300ms_12s_NG3,Discrimination,Normal,390,195,0,83,112,1,0.574358974,1.251282051,159.8360154,5.04,7,33,0.212121212,3.642965025,12,20220720133241_197.471006959677_1.11433220183096,20210515,Male,WT,0.666576266,8,Broad
7/20/2022,133241,5,Teal3,56,464,8-4kHz_68-70dB_300ms_12s_NG3,Discrimination,Normal,390,195,0,83,112,1,0.574358974,1.251282051,159.8360154,5.657,28,32,0.875,1.712954424,12,20220720133241_197.471006959677_1.11433220183096,20210515,Male,WT,0.499962829,6,Broad
7/20/2022,133241,5,Teal3,56,464,8-4kHz_68-70dB_300ms_12s_NG3,Discrimination,Normal,390,195,0,83,112,1,0.574358974,1.251282051,159.8360154,6.35,26,32,0.8125,1.959959113,12,20220720133241_197.471006959677_1.11433220183096,20210515,Male,WT,0.333243408,4,Broad
7/20/2022,133241,5,Teal3,56,464,8-4kHz_68-70dB_300ms_12s_NG3,Discrimination,Normal,390,195,0,83,112,1,0.574358974,1.251282051,159.8360154,7.127,31,33,0.939393939,1.356269831,12,20220720133241_197.471006959677_1.11433220183096,20210515,Male,WT,0.166705076,2,Broad
7/21/2022,133110,5,Teal3,56,463,8-4kHz_68-70dB_300ms_12s_NG3,Discrimination,Normal,417,208,1,112,96,0.995215311,0.461538462,1.290167866,164.6699712,4,7,35,0.2,3.333342895,12,20220721133110_151.215997338295_1.81713959900507,20210515,Male,WT,1,12,Broad
7/21/2022,133110,5,Teal3,56,463,8-4kHz_68-70dB_300ms_12s_NG3,Discrimination,Normal,417,208,1,112,96,0.995215311,0.461538462,1.290167866,164.6699712,4.49,4,35,0.114285714,3.721093829,12,20220721133110_151.215997338295_1.81713959900507,20210515,Male,WT,0.833284555,10,Broad
7/21/2022,133110,5,Teal3,56,463,8-4kHz_68-70dB_300ms_12s_NG3,Discrimination,Normal,417,208,1,112,96,0.995215311,0.461538462,1.290167866,164.6699712,5.04,13,34,0.382352941,2.777633921,12,20220721133110_151.215997338295_1.81713959900507,20210515,Male,WT,0.666576266,8,Broad
7/21/2022,133110,5,Teal3,56,463,8-4kHz_68-70dB_300ms_12s_NG3,Discrimination,Normal,417,208,1,112,96,0.995215311,0.461538462,1.290167866,164.6699712,5.657,23,35,0.657142857,2.073435907,12,20220721133110_151.215997338295_1.81713959900507,20210515,Male,WT,0.499962829,6,Broad
7/21/2022,133110,5,Teal3,56,463,8-4kHz_68-70dB_300ms_12s_NG3,Discrimination,Normal,417,208,1,112,96,0.995215311,0.461538462,1.290167866,164.6699712,6.35,25,34,0.735294118,1.854952407,12,20220721133110_151.215997338295_1.81713959900507,20210515,Male,WT,0.333243408,4,Broad
7/21/2022,133110,5,Teal3,56,463,8-4kHz_68-70dB_300ms_12s_NG3,Discrimination,Normal,417,208,1,112,96,0.995215311,0.461538462,1.290167866,164.6699712,7.127,24,35,0.685714286,1.995680952,12,20220721133110_151.215997338295_1.81713959900507,20210515,Male,WT,0.166705076,2,Broad
7/23/2022,133300,5,Teal3,56,463,8-4kHz_68-70dB_300ms_12s_NG3,Discrimination,Normal,370,185,0,79,106,1,0.572972973,1.32972973,156.8233297,4,11,31,0.35483871,3.188908515,12,20220723133300_137.903003767133_1.7866381038667,20210515,Male,WT,1,12,Broad
7/23/2022,133300,5,Teal3,56,463,8-4kHz_68-70dB_300ms_12s_NG3,Discrimination,Normal,370,185,0,79,106,1,0.572972973,1.32972973,156.8233297,4.49,8,30,0.266666667,3.345888843,12,20220723133300_137.903003767133_1.7866381038667,20210515,Male,WT,0.833284555,10,Broad
7/23/2022,133300,5,Teal3,56,463,8-4kHz_68-70dB_300ms_12s_NG3,Discrimination,Normal,370,185,0,79,106,1,0.572972973,1.32972973,156.8233297,5.04,11,31,0.35483871,3.188908515,12,20220723133300_137.903003767133_1.7866381038667,20210515,Male,WT,0.666576266,8,Broad
7/23/2022,133300,5,Teal3,56,463,8-4kHz_68-70dB_300ms_12s_NG3,Discrimination,Normal,370,185,0,79,106,1,0.572972973,1.32972973,156.8233297,5.657,27,31,0.870967742,1.715507066,12,20220723133300_137.903003767133_1.7866381038667,20210515,Male,WT,0.499962829,6,Broad
7/23/2022,133300,5,Teal3,56,463,8-4kHz_68-70dB_300ms_12s_NG3,Discrimination,Normal,370,185,0,79,106,1,0.572972973,1.32972973,156.8233297,6.35,25,31,0.806451613,1.965380252,12,20220723133300_137.903003767133_1.7866381038667,20210515,Male,WT,0.333243408,4,Broad
7/23/2022,133300,5,Teal3,56,463,8-4kHz_68-70dB_300ms_12s_NG3,Discrimination,Normal,370,185,0,79,106,1,0.572972973,1.32972973,156.8233297,7.127,24,31,0.774193548,2.072831082,12,20220723133300_137.903003767133_1.7866381038667,20210515,Male,WT,0.166705076,2,Broad
7/29/2022,132408,5,Teal3,56,464,8-4kHz_68-70dB_300ms_12s_NG3,Discrimination,Normal,409,205,0,121,83,1,0.406862745,1.26405868,172.4161512,4,9,34,0.264705882,3.481523519,12,20220729132408_94.5669986307621_3.25464891329072,20210515,Male,WT,1,12,Broad
7/29/2022,132408,5,Teal3,56,464,8-4kHz_68-70dB_300ms_12s_NG3,Discrimination,Normal,409,205,0,121,83,1,0.406862745,1.26405868,172.4161512,4.49,7,34,0.205882353,3.680602903,12,20220729132408_94.5669986307621_3.25464891329072,20210515,Male,WT,0.833284555,10,Broad
7/29/2022,132408,5,Teal3,56,464,8-4kHz_68-70dB_300ms_12s_NG3,Discrimination,Normal,409,205,0,121,83,1,0.406862745,1.26405868,172.4161512,5.04,7,34,0.205882353,3.680602903,12,20220729132408_94.5669986307621_3.25464891329072,20210515,Male,WT,0.666576266,8,Broad
7/29/2022,132408,5,Teal3,56,464,8-4kHz_68-70dB_300ms_12s_NG3,Discrimination,Normal,409,205,0,121,83,1,0.406862745,1.26405868,172.4161512,5.657,22,34,0.647058824,2.468942112,12,20220729132408_94.5669986307621_3.25464891329072,20210515,Male,WT,0.499962829,6,Broad
7/29/2022,132408,5,Teal3,56,464,8-4kHz_68-70dB_300ms_12s_NG3,Discrimination,Normal,409,205,0,121,83,1,0.406862745,1.26405868,172.4161512,6.35,18,34,0.529411765,2.770163236,12,20220729132408_94.5669986307621_3.25464891329072,20210515,Male,WT,0.333243408,4,Broad
7/29/2022,132408,5,Teal3,56,464,8-4kHz_68-70dB_300ms_12s_NG3,Discrimination,Normal,409,205,0,121,83,1,0.406862745,1.26405868,172.4161512,7.127,20,34,0.588235294,2.621666751,12,20220729132408_94.5669986307621_3.25464891329072,20210515,Male,WT,0.166705076,2,Broad
8/2/2022,134632,5,Teal3,56,468,8-5.7kHz_68-70dB_300ms_12s_NG3,Discrimination,Normal,391,196,0,91,104,1,0.533333333,1.363171355,154.5454796,4,10,32,0.3125,3.237265415,12,20220802134632_71.051998436451_2.75952402781764,20210515,Male,WT,1,12,Zoom
8/2/2022,134632,5,Teal3,56,468,8-5.7kHz_68-70dB_300ms_12s_NG3,Discrimination,Normal,391,196,0,91,104,1,0.533333333,1.363171355,154.5454796,5.657,21,32,0.65625,2.432038998,12,20220802134632_71.051998436451_2.75952402781764,20210515,Male,WT,0.499962829,6,Zoom
8/2/2022,134632,5,Teal3,56,468,8-5.7kHz_68-70dB_300ms_12s_NG3,Discrimination,Normal,391,196,0,91,104,1,0.533333333,1.363171355,154.5454796,5.993,0,33,0,4.958275643,12,20220802134632_71.051998436451_2.75952402781764,20210515,Male,WT,0.416721626,5,Zoom
8/2/2022,134632,5,Teal3,56,468,8-5.7kHz_68-70dB_300ms_12s_NG3,Discrimination,Normal,391,196,0,91,104,1,0.533333333,1.363171355,154.5454796,6.35,25,32,0.78125,2.067654507,12,20220802134632_71.051998436451_2.75952402781764,20210515,Male,WT,0.333243408,4,Zoom
8/2/2022,134632,5,Teal3,56,468,8-5.7kHz_68-70dB_300ms_12s_NG3,Discrimination,Normal,391,196,0,91,104,1,0.533333333,1.363171355,154.5454796,6.727,27,33,0.818181818,1.939673856,12,20220802134632_71.051998436451_2.75952402781764,20210515,Male,WT,0.250036742,3,Zoom
8/2/2022,134632,5,Teal3,56,468,8-5.7kHz_68-70dB_300ms_12s_NG3,Discrimination,Normal,391,196,0,91,104,1,0.533333333,1.363171355,154.5454796,7.127,21,33,0.636363636,2.483503084,12,20220802134632_71.051998436451_2.75952402781764,20210515,Male,WT,0.166705076,2,Zoom
8/3/2022,132756,5,Teal3,56,469,8-5.7kHz_68-70dB_300ms_12s_NG3,Discrimination,Normal,384,191,1,108,84,0.994791667,0.4375,1.291666667,170.7458848,4,13,32,0.40625,2.605039918,12,20220803132756_159.714995697141_1.99150662967608,20210515,Male,WT,1,12,Zoom
8/3/2022,132756,5,Teal3,56,469,8-5.7kHz_68-70dB_300ms_12s_NG3,Discrimination,Normal,384,191,1,108,84,0.994791667,0.4375,1.291666667,170.7458848,5.657,17,32,0.53125,2.368764748,12,20220803132756_159.714995697141_1.99150662967608,20210515,Male,WT,0.499962829,6,Zoom
8/3/2022,132756,5,Teal3,56,469,8-5.7kHz_68-70dB_300ms_12s_NG3,Discrimination,Normal,384,191,1,108,84,0.994791667,0.4375,1.291666667,170.7458848,5.993,0,32,0,4.561815527,12,20220803132756_159.714995697141_1.99150662967608,20210515,Male,WT,0.416721626,5,Zoom
8/3/2022,132756,5,Teal3,56,469,8-5.7kHz_68-70dB_300ms_12s_NG3,Discrimination,Normal,384,191,1,108,84,0.994791667,0.4375,1.291666667,170.7458848,6.35,17,32,0.53125,2.368764748,12,20220803132756_159.714995697141_1.99150662967608,20210515,Male,WT,0.333243408,4,Zoom
8/3/2022,132756,5,Teal3,56,469,8-5.7kHz_68-70dB_300ms_12s_NG3,Discrimination,Normal,384,191,1,108,84,0.994791667,0.4375,1.291666667,170.7458848,6.727,15,32,0.46875,2.525710708,12,20220803132756_159.714995697141_1.99150662967608,20210515,Male,WT,0.250036742,3,Zoom
8/3/2022,132756,5,Teal3,56,469,8-5.7kHz_68-70dB_300ms_12s_NG3,Discrimination,Normal,384,191,1,108,84,0.994791667,0.4375,1.291666667,170.7458848,7.127,22,32,0.6875,1.962844308,12,20220803132756_159.714995697141_1.99150662967608,20210515,Male,WT,0.166705076,2,Zoom
8/4/2022,134457,5,Teal3,56,461,8-4kHz_68-70dB_300ms_12s_NG3,Discrimination,Normal,443,222,0,119,102,1,0.461538462,1.232505643,169.6999414,4,14,37,0.378378378,3.178696124,12,20220804134457_178.267993032932_3.40316991127578,20210515,Male,WT,1,12,Broad
8/4/2022,134457,5,Teal3,56,461,8-4kHz_68-70dB_300ms_12s_NG3,Discrimination,Normal,443,222,0,119,102,1,0.461538462,1.232505643,169.6999414,4.49,14,37,0.378378378,3.178696124,12,20220804134457_178.267993032932_3.40316991127578,20210515,Male,WT,0.833284555,10,Broad
8/4/2022,134457,5,Teal3,56,461,8-4kHz_68-70dB_300ms_12s_NG3,Discrimination,Normal,443,222,0,119,102,1,0.461538462,1.232505643,169.6999414,5.04,10,37,0.27027027,3.404848576,12,20220804134457_178.267993032932_3.40316991127578,20210515,Male,WT,0.666576266,8,Broad
8/4/2022,134457,5,Teal3,56,461,8-4kHz_68-70dB_300ms_12s_NG3,Discrimination,Normal,443,222,0,119,102,1,0.461538462,1.232505643,169.6999414,5.657,22,36,0.611111111,2.587047404,12,20220804134457_178.267993032932_3.40316991127578,20210515,Male,WT,0.499962829,6,Broad
8/4/2022,134457,5,Teal3,56,461,8-4kHz_68-70dB_300ms_12s_NG3,Discrimination,Normal,443,222,0,119,102,1,0.461538462,1.232505643,169.6999414,6.35,21,37,0.567567568,2.69730037,12,20220804134457_178.267993032932_3.40316991127578,20210515,Male,WT,0.333243408,4,Broad
8/4/2022,134457,5,Teal3,56,461,8-4kHz_68-70dB_300ms_12s_NG3,Discrimination,Normal,443,222,0,119,102,1,0.461538462,1.232505643,169.6999414,7.127,21,37,0.567567568,2.628551132,12,20220804134457_178.267993032932_3.40316991127578,20210515,Male,WT,0.166705076,2,Broad
8/9/2022,133819,5,Teal3,56,468,8-5.7kHz_68-70dB_300ms_12s_NG3,Discrimination,Normal,395,197,1,104,93,0.994949495,0.472081218,1.372151899,150.7082589,4,9,33,0.272727273,3.070286278,12,20220809133819_84.0300008654594_1.81534406666141,20210515,Male,WT,1,12,Zoom
8/9/2022,133819,5,Teal3,56,468,8-5.7kHz_68-70dB_300ms_12s_NG3,Discrimination,Normal,395,197,1,104,93,0.994949495,0.472081218,1.372151899,150.7082589,5.657,23,33,0.696969697,1.946659851,12,20220809133819_84.0300008654594_1.81534406666141,20210515,Male,WT,0.499962829,6,Zoom
8/9/2022,133819,5,Teal3,56,468,8-5.7kHz_68-70dB_300ms_12s_NG3,Discrimination,Normal,395,197,1,104,93,0.994949495,0.472081218,1.372151899,150.7082589,5.993,0,33,0,4.585555725,12,20220809133819_84.0300008654594_1.81534406666141,20210515,Male,WT,0.416721626,5,Zoom
8/9/2022,133819,5,Teal3,56,468,8-5.7kHz_68-70dB_300ms_12s_NG3,Discrimination,Normal,395,197,1,104,93,0.994949495,0.472081218,1.372151899,150.7082589,6.35,18,32,0.5625,2.301679097,12,20220809133819_84.0300008654594_1.81534406666141,20210515,Male,WT,0.333243408,4,Zoom
8/9/2022,133819,5,Teal3,56,468,8-5.7kHz_68-70dB_300ms_12s_NG3,Discrimination,Normal,395,197,1,104,93,0.994949495,0.472081218,1.372151899,150.7082589,6.727,23,33,0.696969697,1.946659851,12,20220809133819_84.0300008654594_1.81534406666141,20210515,Male,WT,0.250036742,3,Zoom
8/9/2022,133819,5,Teal3,56,468,8-5.7kHz_68-70dB_300ms_12s_NG3,Discrimination,Normal,395,197,1,104,93,0.994949495,0.472081218,1.372151899,150.7082589,7.127,20,33,0.606060606,2.189564854,12,20220809133819_84.0300008654594_1.81534406666141,20210515,Male,WT,0.166705076,2,Zoom
8/18/2022,132937,5,Teal3,56,451,8-4kHz_60dB_300ms_12s_NG3,Discrimination,Normal,347,173,0,89,85,1,0.488505747,1.417867435,158.0233584,4,9,29,0.310344828,3.196981306,12,20220818132937_72.5979968905449_3.10178712030724,20210515,Male,WT,1,12,Broad
8/18/2022,132937,5,Teal3,56,451,8-4kHz_60dB_300ms_12s_NG3,Discrimination,Normal,347,173,0,89,85,1,0.488505747,1.417867435,158.0233584,4.49,9,29,0.310344828,3.294734016,12,20220818132937_72.5979968905449_3.10178712030724,20210515,Male,WT,0.833284555,10,Broad
8/18/2022,132937,5,Teal3,56,451,8-4kHz_60dB_300ms_12s_NG3,Discrimination,Normal,347,173,0,89,85,1,0.488505747,1.417867435,158.0233584,5.04,9,29,0.310344828,3.294734016,12,20220818132937_72.5979968905449_3.10178712030724,20210515,Male,WT,0.666576266,8,Broad
8/18/2022,132937,5,Teal3,56,451,8-4kHz_60dB_300ms_12s_NG3,Discrimination,Normal,347,173,0,89,85,1,0.488505747,1.417867435,158.0233584,5.657,19,29,0.655172414,2.303804897,12,20220818132937_72.5979968905449_3.10178712030724,20210515,Male,WT,0.499962829,6,Broad
8/18/2022,132937,5,Teal3,56,451,8-4kHz_60dB_300ms_12s_NG3,Discrimination,Normal,347,173,0,89,85,1,0.488505747,1.417867435,158.0233584,6.35,20,29,0.689655172,2.303804897,12,20220818132937_72.5979968905449_3.10178712030724,20210515,Male,WT,0.333243408,4,Broad
8/18/2022,132937,5,Teal3,56,451,8-4kHz_60dB_300ms_12s_NG3,Discrimination,Normal,347,173,0,89,85,1,0.488505747,1.417867435,158.0233584,7.127,19,29,0.655172414,2.397459115,12,20220818132937_72.5979968905449_3.10178712030724,20210515,Male,WT,0.166705076,2,Broad
8/19/2022,133909,5,Teal3,56,455,8-4kHz_60dB_300ms_12s_NG3,Discrimination,Normal,401,199,1,136,65,0.995,0.323383085,1.316708229,165.4253417,4,4,33,0.121212121,3.519999757,12,20220819133909_149.667997285724_1.83254324136261,20210515,Male,WT,1,12,Broad
8/19/2022,133909,5,Teal3,56,455,8-4kHz_60dB_300ms_12s_NG3,Discrimination,Normal,401,199,1,136,65,0.995,0.323383085,1.316708229,165.4253417,4.49,7,33,0.212121212,3.17105479,12,20220819133909_149.667997285724_1.83254324136261,20210515,Male,WT,0.833284555,10,Broad
8/19/2022,133909,5,Teal3,56,455,8-4kHz_60dB_300ms_12s_NG3,Discrimination,Normal,401,199,1,136,65,0.995,0.323383085,1.316708229,165.4253417,5.04,4,34,0.117647059,3.538533553,12,20220819133909_149.667997285724_1.83254324136261,20210515,Male,WT,0.666576266,8,Broad
8/19/2022,133909,5,Teal3,56,455,8-4kHz_60dB_300ms_12s_NG3,Discrimination,Normal,401,199,1,136,65,0.995,0.323383085,1.316708229,165.4253417,5.657,9,33,0.272727273,3.074033501,12,20220819133909_149.667997285724_1.83254324136261,20210515,Male,WT,0.499962829,6,Broad
8/19/2022,133909,5,Teal3,56,455,8-4kHz_60dB_300ms_12s_NG3,Discrimination,Normal,401,199,1,136,65,0.995,0.323383085,1.316708229,165.4253417,6.35,21,34,0.617647059,2.162228795,12,20220819133909_149.667997285724_1.83254324136261,20210515,Male,WT,0.333243408,4,Broad
8/19/2022,133909,5,Teal3,56,455,8-4kHz_60dB_300ms_12s_NG3,Discrimination,Normal,401,199,1,136,65,0.995,0.323383085,1.316708229,165.4253417,7.127,20,34,0.588235294,2.237829178,12,20220819133909_149.667997285724_1.83254324136261,20210515,Male,WT,0.166705076,2,Broad
8/23/2022,140141,5,Teal3,56,451,8-4kHz_60dB_300ms_12s_NG3,Discrimination,Normal,390,195,1,127,67,0.994897959,0.345360825,1.366666667,152.8179538,4,11,32,0.34375,2.860754527,12,20220823140141_117.254000902176_1.28234102953176,20210515,Male,WT,1,12,Broad
8/23/2022,140141,5,Teal3,56,451,8-4kHz_60dB_300ms_12s_NG3,Discrimination,Normal,390,195,1,127,67,0.994897959,0.345360825,1.366666667,152.8179538,4.49,7,32,0.21875,3.24616888,12,20220823140141_117.254000902176_1.28234102953176,20210515,Male,WT,0.833284555,10,Broad
8/23/2022,140141,5,Teal3,56,451,8-4kHz_60dB_300ms_12s_NG3,Discrimination,Normal,390,195,1,127,67,0.994897959,0.345360825,1.366666667,152.8179538,5.04,5,32,0.15625,3.362439758,12,20220823140141_117.254000902176_1.28234102953176,20210515,Male,WT,0.666576266,8,Broad
8/23/2022,140141,5,Teal3,56,451,8-4kHz_60dB_300ms_12s_NG3,Discrimination,Normal,390,195,1,127,67,0.994897959,0.345360825,1.366666667,152.8179538,5.657,10,32,0.3125,2.949067708,12,20220823140141_117.254000902176_1.28234102953176,20210515,Male,WT,0.499962829,6,Broad
8/23/2022,140141,5,Teal3,56,451,8-4kHz_60dB_300ms_12s_NG3,Discrimination,Normal,390,195,1,127,67,0.994897959,0.345360825,1.366666667,152.8179538,6.35,16,33,0.484848485,2.491689625,12,20220823140141_117.254000902176_1.28234102953176,20210515,Male,WT,0.333243408,4,Broad
8/23/2022,140141,5,Teal3,56,451,8-4kHz_60dB_300ms_12s_NG3,Discrimination,Normal,390,195,1,127,67,0.994897959,0.345360825,1.366666667,152.8179538,7.127,18,33,0.545454545,2.339626379,12,20220823140141_117.254000902176_1.28234102953176,20210515,Male,WT,0.166705076,2,Broad
8/24/2022,140101,5,Teal3,56,452,8-6kHz_60dB_300ms_12s_NG3,Discrimination,Normal,414,205,3,113,93,0.985576923,0.451456311,1.379227053,166.5325196,4,8,34,0.235294118,2.788870522,12,20220824140101_39.3230013549328_3.73580638637146,20210515,Male,WT,1,12,Zoom
8/24/2022,140101,5,Teal3,56,452,8-6kHz_60dB_300ms_12s_NG3,Discrimination,Normal,414,205,3,113,93,0.985576923,0.451456311,1.379227053,166.5325196,5.993,11,34,0.323529412,2.613568614,12,20220824140101_39.3230013549328_3.73580638637146,20210515,Male,WT,0.416721626,5,Zoom
8/24/2022,140101,5,Teal3,56,452,8-6kHz_60dB_300ms_12s_NG3,Discrimination,Normal,414,205,3,113,93,0.985576923,0.451456311,1.379227053,166.5325196,6.35,12,34,0.352941176,2.531664911,12,20220824140101_39.3230013549328_3.73580638637146,20210515,Male,WT,0.333243408,4,Zoom
8/24/2022,140101,5,Teal3,56,452,8-6kHz_60dB_300ms_12s_NG3,Discrimination,Normal,414,205,3,113,93,0.985576923,0.451456311,1.379227053,166.5325196,6.727,15,35,0.428571429,2.330914896,12,20220824140101_39.3230013549328_3.73580638637146,20210515,Male,WT,0.250036742,3,Zoom
8/24/2022,140101,5,Teal3,56,452,8-6kHz_60dB_300ms_12s_NG3,Discrimination,Normal,414,205,3,113,93,0.985576923,0.451456311,1.379227053,166.5325196,7.127,12,34,0.352941176,2.531664911,12,20220824140101_39.3230013549328_3.73580638637146,20210515,Male,WT,0.166705076,2,Zoom
8/24/2022,140101,5,Teal3,56,452,8-6kHz_60dB_300ms_12s_NG3,Discrimination,Normal,414,205,3,113,93,0.985576923,0.451456311,1.379227053,166.5325196,7.551,35,35,1,-0.074968984,12,20220824140101_39.3230013549328_3.73580638637146,20210515,Male,WT,0.083332283,1,Zoom
8/26/2022,132204,5,Teal3,56,451,8-6kHz_60dB_300ms_12s_NG3,Discrimination,Normal,390,195,0,104,91,1,0.466666667,1.294871795,150.0848769,4,7,33,0.212121212,3.538328586,12,20220826132204_157.535003498197_3.93648867887328,20210515,Male,WT,1,12,Zoom
8/26/2022,132204,5,Teal3,56,451,8-6kHz_60dB_300ms_12s_NG3,Discrimination,Normal,390,195,0,104,91,1,0.466666667,1.294871795,150.0848769,5.993,11,33,0.333333333,3.179884289,12,20220826132204_157.535003498197_3.93648867887328,20210515,Male,WT,0.416721626,5,Zoom
8/26/2022,132204,5,Teal3,56,451,8-6kHz_60dB_300ms_12s_NG3,Discrimination,Normal,390,195,0,104,91,1,0.466666667,1.294871795,150.0848769,6.35,12,32,0.375,3.150599883,12,20220826132204_157.535003498197_3.93648867887328,20210515,Male,WT,0.333243408,4,Zoom
8/26/2022,132204,5,Teal3,56,451,8-6kHz_60dB_300ms_12s_NG3,Discrimination,Normal,390,195,0,104,91,1,0.466666667,1.294871795,150.0848769,6.727,15,32,0.46875,2.908239866,12,20220826132204_157.535003498197_3.93648867887328,20210515,Male,WT,0.250036742,3,Zoom
8/26/2022,132204,5,Teal3,56,451,8-6kHz_60dB_300ms_12s_NG3,Discrimination,Normal,390,195,0,104,91,1,0.466666667,1.294871795,150.0848769,7.127,14,33,0.424242424,3.020354109,12,20220826132204_157.535003498197_3.93648867887328,20210515,Male,WT,0.166705076,2,Zoom
8/26/2022,132204,5,Teal3,56,451,8-6kHz_60dB_300ms_12s_NG3,Discrimination,Normal,390,195,0,104,91,1,0.466666667,1.294871795,150.0848769,7.551,32,32,1,0.636595297,12,20220826132204_157.535003498197_3.93648867887328,20210515,Male,WT,0.083332283,1,Zoom
8/27/2022,134841,5,Teal3,56,446,8-6kHz_60dB_300ms_12s_NG3,Discrimination,Normal,373,187,0,97,89,1,0.478494624,1.340482574,156.898123,4,3,31,0.096774194,3.987747396,12,20220827134841_155.471999198198_3.73457766051434,20210515,Male,WT,1,12,Zoom
8/27/2022,134841,5,Teal3,56,446,8-6kHz_60dB_300ms_12s_NG3,Discrimination,Normal,373,187,0,97,89,1,0.478494624,1.340482574,156.898123,5.993,11,31,0.35483871,3.192502485,12,20220827134841_155.471999198198_3.73457766051434,20210515,Male,WT,0.416721626,5,Zoom
8/27/2022,134841,5,Teal3,56,446,8-6kHz_60dB_300ms_12s_NG3,Discrimination,Normal,373,187,0,97,89,1,0.478494624,1.340482574,156.898123,6.35,14,31,0.451612903,2.857462555,12,20220827134841_155.471999198198_3.73457766051434,20210515,Male,WT,0.333243408,4,Zoom
8/27/2022,134841,5,Teal3,56,446,8-6kHz_60dB_300ms_12s_NG3,Discrimination,Normal,373,187,0,97,89,1,0.478494624,1.340482574,156.898123,6.727,14,31,0.451612903,2.857462555,12,20220827134841_155.471999198198_3.73457766051434,20210515,Male,WT,0.250036742,3,Zoom
8/27/2022,134841,5,Teal3,56,446,8-6kHz_60dB_300ms_12s_NG3,Discrimination,Normal,373,187,0,97,89,1,0.478494624,1.340482574,156.898123,7.127,16,31,0.516129032,2.776515265,12,20220827134841_155.471999198198_3.73457766051434,20210515,Male,WT,0.166705076,2,Zoom
8/27/2022,134841,5,Teal3,56,446,8-6kHz_60dB_300ms_12s_NG3,Discrimination,Normal,373,187,0,97,89,1,0.478494624,1.340482574,156.898123,7.551,31,31,1,0.635317144,12,20220827134841_155.471999198198_3.73457766051434,20210515,Male,WT,0.083332283,1,Zoom
9/2/2022,133215,5,Teal3,56,449,8-4kHz_60dB_300ms_12s_NG3,Discrimination,Normal,461,230,1,160,70,0.995670996,0.304347826,1.321041215,151.9829652,4,3,38,0.078947368,3.984227762,12,20220902133215_117.622999101877_3.84454909010481,20210515,Male,WT,1,12,Broad
9/2/2022,133215,5,Teal3,56,449,8-4kHz_60dB_300ms_12s_NG3,Discrimination,Normal,461,230,1,160,70,0.995670996,0.304347826,1.321041215,151.9829652,4.49,2,38,0.052631579,3.984227762,12,20220902133215_117.622999101877_3.84454909010481,20210515,Male,WT,0.833284555,10,Broad
9/2/2022,133215,5,Teal3,56,449,8-4kHz_60dB_300ms_12s_NG3,Discrimination,Normal,461,230,1,160,70,0.995670996,0.304347826,1.321041215,151.9829652,5.04,3,39,0.076923077,3.81865885,12,20220902133215_117.622999101877_3.84454909010481,20210515,Male,WT,0.666576266,8,Broad
9/2/2022,133215,5,Teal3,56,449,8-4kHz_60dB_300ms_12s_NG3,Discrimination,Normal,461,230,1,160,70,0.995670996,0.304347826,1.321041215,151.9829652,5.657,18,38,0.473684211,2.57543103,12,20220902133215_117.622999101877_3.84454909010481,20210515,Male,WT,0.499962829,6,Broad
9/2/2022,133215,5,Teal3,56,449,8-4kHz_60dB_300ms_12s_NG3,Discrimination,Normal,461,230,1,160,70,0.995670996,0.304347826,1.321041215,151.9829652,6.35,18,38,0.473684211,2.57543103,12,20220902133215_117.622999101877_3.84454909010481,20210515,Male,WT,0.333243408,4,Broad
9/2/2022,133215,5,Teal3,56,449,8-4kHz_60dB_300ms_12s_NG3,Discrimination,Normal,461,230,1,160,70,0.995670996,0.304347826,1.321041215,151.9829652,7.127,26,39,0.666666667,2.080597874,12,20220902133215_117.622999101877_3.84454909010481,20210515,Male,WT,0.166705076,2,Broad
9/3/2022,133301,5,Teal3,56,451,8-6kHz_60dB_300ms_12s_NG3,Discrimination,Normal,384,192,0,110,82,1,0.427083333,1.294270833,165.6439479,4,2,32,0.0625,4.203110983,12,20220903133301_206.839000806212_1.71687878698963,20210515,Male,WT,1,12,Zoom
9/3/2022,133301,5,Teal3,56,451,8-6kHz_60dB_300ms_12s_NG3,Discrimination,Normal,384,192,0,110,82,1,0.427083333,1.294270833,165.6439479,5.993,12,32,0.375,3.145443737,12,20220903133301_206.839000806212_1.71687878698963,20210515,Male,WT,0.416721626,5,Zoom
9/3/2022,133301,5,Teal3,56,451,8-6kHz_60dB_300ms_12s_NG3,Discrimination,Normal,384,192,0,110,82,1,0.427083333,1.294270833,165.6439479,6.35,10,32,0.3125,3.318723551,12,20220903133301_206.839000806212_1.71687878698963,20210515,Male,WT,0.333243408,4,Zoom
9/3/2022,133301,5,Teal3,56,451,8-6kHz_60dB_300ms_12s_NG3,Discrimination,Normal,384,192,0,110,82,1,0.427083333,1.294270833,165.6439479,6.727,13,32,0.40625,3.063004285,12,20220903133301_206.839000806212_1.71687878698963,20210515,Male,WT,0.250036742,3,Zoom
9/3/2022,133301,5,Teal3,56,451,8-6kHz_60dB_300ms_12s_NG3,Discrimination,Normal,384,192,0,110,82,1,0.427083333,1.294270833,165.6439479,7.127,13,32,0.40625,3.063004285,12,20220903133301_206.839000806212_1.71687878698963,20210515,Male,WT,0.166705076,2,Zoom
9/3/2022,133301,5,Teal3,56,451,8-6kHz_60dB_300ms_12s_NG3,Discrimination,Normal,384,192,0,110,82,1,0.427083333,1.294270833,165.6439479,7.551,32,32,1,0.631439151,12,20220903133301_206.839000806212_1.71687878698963,20210515,Male,WT,0.083332283,1,Zoom
7/19/2022,133344,6,Teal4,57,406,16-32kHz_60dB_300ms_12s_NG3,Discrimination,Normal,238,120,0,26,92,1,0.779661017,1.18487395,342.9063417,17.959,20,20,1,0.663829385,12,20220719133344_64.5810015499592_1.38273006238886,20210515,Male,KO,-0.166635114,2,Broad
7/19/2022,133344,6,Teal4,57,406,16-32kHz_60dB_300ms_12s_NG3,Discrimination,Normal,238,120,0,26,92,1,0.779661017,1.18487395,342.9063417,20.159,18,20,0.9,1.473443989,12,20220719133344_64.5810015499592_1.38273006238886,20210515,Male,KO,-0.33335217,4,Broad
7/19/2022,133344,6,Teal4,57,406,16-32kHz_60dB_300ms_12s_NG3,Discrimination,Normal,238,120,0,26,92,1,0.779661017,1.18487395,342.9063417,22.627,19,20,0.95,1.184261898,12,20220719133344_64.5810015499592_1.38273006238886,20210515,Male,KO,-0.499973413,6,Broad
7/19/2022,133344,6,Teal4,57,406,16-32kHz_60dB_300ms_12s_NG3,Discrimination,Normal,238,120,0,26,92,1,0.779661017,1.18487395,342.9063417,25.398,19,19,1,0.685861859,12,20220719133344_64.5810015499592_1.38273006238886,20210515,Male,KO,-0.666642989,8,Broad
7/19/2022,133344,6,Teal4,57,406,16-32kHz_60dB_300ms_12s_NG3,Discrimination,Normal,238,120,0,26,92,1,0.779661017,1.18487395,342.9063417,28.509,7,20,0.35,3.07755556,12,20220719133344_64.5810015499592_1.38273006238886,20210515,Male,KO,-0.83334553,10,Broad
7/19/2022,133344,6,Teal4,57,406,16-32kHz_60dB_300ms_12s_NG3,Discrimination,Normal,238,120,0,26,92,1,0.779661017,1.18487395,342.9063417,32,9,19,0.473684211,2.756106222,12,20220719133344_64.5810015499592_1.38273006238886,20210515,Male,KO,-1,12,Broad
7/20/2022,133242,6,Teal4,57,399,16-32kHz_60dB_300ms_12s_NG3,Discrimination,Normal,240,120,0,30,90,1,0.75,1.254166667,363.5306583,17.959,20,20,1,0.663829385,12,20220720133242_198.088002204895_2.76720315414525,20210515,Male,KO,-0.166635114,2,Broad
7/20/2022,133242,6,Teal4,57,399,16-32kHz_60dB_300ms_12s_NG3,Discrimination,Normal,240,120,0,30,90,1,0.75,1.254166667,363.5306583,20.159,19,20,0.95,1.184261898,12,20220720133242_198.088002204895_2.76720315414525,20210515,Male,KO,-0.33335217,4,Broad
7/20/2022,133242,6,Teal4,57,399,16-32kHz_60dB_300ms_12s_NG3,Discrimination,Normal,240,120,0,30,90,1,0.75,1.254166667,363.5306583,22.627,18,20,0.9,1.473443989,12,20220720133242_198.088002204895_2.76720315414525,20210515,Male,KO,-0.499973413,6,Broad
7/20/2022,133242,6,Teal4,57,399,16-32kHz_60dB_300ms_12s_NG3,Discrimination,Normal,240,120,0,30,90,1,0.75,1.254166667,363.5306583,25.398,14,20,0.7,2.170031179,12,20220720133242_198.088002204895_2.76720315414525,20210515,Male,KO,-0.666642989,8,Broad
7/20/2022,133242,6,Teal4,57,399,16-32kHz_60dB_300ms_12s_NG3,Discrimination,Normal,240,120,0,30,90,1,0.75,1.254166667,363.5306583,28.509,9,20,0.45,2.812911796,12,20220720133242_198.088002204895_2.76720315414525,20210515,Male,KO,-0.83334553,10,Broad
7/20/2022,133242,6,Teal4,57,399,16-32kHz_60dB_300ms_12s_NG3,Discrimination,Normal,240,120,0,30,90,1,0.75,1.254166667,363.5306583,32,10,20,0.5,2.686500147,12,20220720133242_198.088002204895_2.76720315414525,20210515,Male,KO,-1,12,Broad
7/27/2022,133615,6,Teal4,57,404,16-32kHz_60dB_300ms_12s_NG3,Discrimination,Normal,181,91,0,27,63,1,0.7,1.29281768,343.6500549,17.959,15,15,1,0.689325188,12,20220727133615_149.653000384569_2.96708217093613,20210515,Male,KO,-0.166635114,2,Broad
7/27/2022,133615,6,Teal4,57,404,16-32kHz_60dB_300ms_12s_NG3,Discrimination,Normal,181,91,0,27,63,1,0.7,1.29281768,343.6500549,20.159,12,15,0.8,1.795326533,12,20220727133615_149.653000384569_2.96708217093613,20210515,Male,KO,-0.33335217,4,Broad
7/27/2022,133615,6,Teal4,57,404,16-32kHz_60dB_300ms_12s_NG3,Discrimination,Normal,181,91,0,27,63,1,0.7,1.29281768,343.6500549,22.627,14,15,0.933333333,1.241688258,12,20220727133615_149.653000384569_2.96708217093613,20210515,Male,KO,-0.499973413,6,Broad
7/27/2022,133615,6,Teal4,57,404,16-32kHz_60dB_300ms_12s_NG3,Discrimination,Normal,181,91,0,27,63,1,0.7,1.29281768,343.6500549,25.398,11,15,0.733333333,1.998839311,12,20220727133615_149.653000384569_2.96708217093613,20210515,Male,KO,-0.666642989,8,Broad
7/27/2022,133615,6,Teal4,57,404,16-32kHz_60dB_300ms_12s_NG3,Discrimination,Normal,181,91,0,27,63,1,0.7,1.29281768,343.6500549,28.509,6,15,0.4,2.863934651,12,20220727133615_149.653000384569_2.96708217093613,20210515,Male,KO,-0.83334553,10,Broad
7/27/2022,133615,6,Teal4,57,404,16-32kHz_60dB_300ms_12s_NG3,Discrimination,Normal,181,91,0,27,63,1,0.7,1.29281768,343.6500549,32,5,15,0.333333333,3.047640337,12,20220727133615_149.653000384569_2.96708217093613,20210515,Male,KO,-1,12,Broad
7/29/2022,132409,6,Teal4,57,395,16-28.5kHz_60dB_300ms_12s_NG3,Discrimination,Normal,282,140,0,72,70,1,0.492957746,1.159574468,324.1093714,22.627,19,23,0.826086957,1.820696589,12,20220729132409_53.9739981293678_3.35265245687578,20210515,Male,KO,-0.499973413,6,Zoom
7/29/2022,132409,6,Teal4,57,395,16-28.5kHz_60dB_300ms_12s_NG3,Discrimination,Normal,282,140,0,72,70,1,0.492957746,1.159574468,324.1093714,23.973,19,24,0.791666667,1.936356865,12,20220729132409_53.9739981293678_3.35265245687578,20210515,Male,KO,-0.583338555,7,Zoom
7/29/2022,132409,6,Teal4,57,395,16-28.5kHz_60dB_300ms_12s_NG3,Discrimination,Normal,282,140,0,72,70,1,0.492957746,1.159574468,324.1093714,25.398,19,24,0.791666667,1.936356865,12,20220729132409_53.9739981293678_3.35265245687578,20210515,Male,KO,-0.666642989,8,Zoom
7/29/2022,132409,6,Teal4,57,395,16-28.5kHz_60dB_300ms_12s_NG3,Discrimination,Normal,282,140,0,72,70,1,0.492957746,1.159574468,324.1093714,26.909,6,24,0.25,3.419544953,12,20220729132409_53.9739981293678_3.35265245687578,20210515,Male,KO,-0.750016873,9,Zoom
7/29/2022,132409,6,Teal4,57,395,16-28.5kHz_60dB_300ms_12s_NG3,Discrimination,Normal,282,140,0,72,70,1,0.492957746,1.159574468,324.1093714,28.509,4,23,0.173913043,3.535205229,12,20220729132409_53.9739981293678_3.35265245687578,20210515,Male,KO,-0.83334553,10,Zoom
7/29/2022,132409,6,Teal4,57,395,16-28.5kHz_60dB_300ms_12s_NG3,Discrimination,Normal,282,140,0,72,70,1,0.492957746,1.159574468,324.1093714,32,3,24,0.125,3.732423361,12,20220729132409_53.9739981293678_3.35265245687578,20210515,Male,KO,-1,12,Zoom
7/30/2022,133056,6,Teal4,57,398,16-28.5kHz_60dB_300ms_12s_NG3,Discrimination,Normal,291,146,0,74,71,1,0.489655172,1.089347079,352.7903288,22.627,21,24,0.875,1.638011326,12,20220730133056_110.99500246346_2.4839146069469,20210515,Male,KO,-0.499973413,6,Zoom
7/30/2022,133056,6,Teal4,57,398,16-28.5kHz_60dB_300ms_12s_NG3,Discrimination,Normal,291,146,0,74,71,1,0.489655172,1.089347079,352.7903288,23.973,15,24,0.625,2.428336801,12,20220730133056_110.99500246346_2.4839146069469,20210515,Male,KO,-0.583338555,7,Zoom
7/30/2022,133056,6,Teal4,57,398,16-28.5kHz_60dB_300ms_12s_NG3,Discrimination,Normal,291,146,0,74,71,1,0.489655172,1.089347079,352.7903288,25.398,16,24,0.666666667,2.318388367,12,20220730133056_110.99500246346_2.4839146069469,20210515,Male,KO,-0.666642989,8,Zoom
7/30/2022,133056,6,Teal4,57,398,16-28.5kHz_60dB_300ms_12s_NG3,Discrimination,Normal,291,146,0,74,71,1,0.489655172,1.089347079,352.7903288,26.909,6,24,0.25,3.302778388,12,20220730133056_110.99500246346_2.4839146069469,20210515,Male,KO,-0.750016873,9,Zoom
7/30/2022,133056,6,Teal4,57,398,16-28.5kHz_60dB_300ms_12s_NG3,Discrimination,Normal,291,146,0,74,71,1,0.489655172,1.089347079,352.7903288,28.509,5,25,0.2,3.464676992,12,20220730133056_110.99500246346_2.4839146069469,20210515,Male,KO,-0.83334553,10,Zoom
7/30/2022,133056,6,Teal4,57,398,16-28.5kHz_60dB_300ms_12s_NG3,Discrimination,Normal,291,146,0,74,71,1,0.489655172,1.089347079,352.7903288,32,8,24,0.333333333,3.181260188,12,20220730133056_110.99500246346_2.4839146069469,20210515,Male,KO,-1,12,Zoom
8/2/2022,134633,6,Teal4,57,401,16-28.5kHz_60dB_300ms_12s_NG3,Discrimination,Normal,267,133,0,62,72,1,0.537313433,1.161048689,348.1746165,22.627,16,23,0.695652174,2.209323256,12,20220802134633_67.5849985331297_3.7982746506799,20210515,Male,KO,-0.499973413,6,Zoom
8/2/2022,134633,6,Teal4,57,401,16-28.5kHz_60dB_300ms_12s_NG3,Discrimination,Normal,267,133,0,62,72,1,0.537313433,1.161048689,348.1746165,23.973,17,22,0.772727273,1.985577718,12,20220802134633_67.5849985331297_3.7982746506799,20210515,Male,KO,-0.583338555,7,Zoom
8/2/2022,134633,6,Teal4,57,401,16-28.5kHz_60dB_300ms_12s_NG3,Discrimination,Normal,267,133,0,62,72,1,0.537313433,1.161048689,348.1746165,25.398,18,23,0.782608696,1.950964965,12,20220802134633_67.5849985331297_3.7982746506799,20210515,Male,KO,-0.666642989,8,Zoom
8/2/2022,134633,6,Teal4,57,401,16-28.5kHz_60dB_300ms_12s_NG3,Discrimination,Normal,267,133,0,62,72,1,0.537313433,1.161048689,348.1746165,26.909,9,22,0.409090909,2.948876824,12,20220802134633_67.5849985331297_3.7982746506799,20210515,Male,KO,-0.750016873,9,Zoom
8/2/2022,134633,6,Teal4,57,401,16-28.5kHz_60dB_300ms_12s_NG3,Discrimination,Normal,267,133,0,62,72,1,0.537313433,1.161048689,348.1746165,28.509,7,22,0.318181818,3.197586575,12,20220802134633_67.5849985331297_3.7982746506799,20210515,Male,KO,-0.83334553,10,Zoom
8/2/2022,134633,6,Teal4,57,401,16-28.5kHz_60dB_300ms_12s_NG3,Discrimination,Normal,267,133,0,62,72,1,0.537313433,1.161048689,348.1746165,32,5,22,0.227272727,3.48556196,12,20220802134633_67.5849985331297_3.7982746506799,20210515,Male,KO,-1,12,Zoom
8/4/2022,134458,6,Teal4,57,399,16-28.5kHz_60dB_300ms_12s_NG3,Discrimination,Normal,356,178,0,97,81,1,0.45505618,1.115168539,360.1412303,22.627,19,30,0.633333333,2.463250255,12,20220804134458_170.816001668572_3.39529473257064,20210515,Male,KO,-0.499973413,6,Zoom
8/4/2022,134458,6,Teal4,57,399,16-28.5kHz_60dB_300ms_12s_NG3,Discrimination,Normal,356,178,0,97,81,1,0.45505618,1.115168539,360.1412303,23.973,25,30,0.833333333,1.857253302,12,20220804134458_170.816001668572_3.39529473257064,20210515,Male,KO,-0.583338555,7,Zoom
8/4/2022,134458,6,Teal4,57,399,16-28.5kHz_60dB_300ms_12s_NG3,Discrimination,Normal,356,178,0,97,81,1,0.45505618,1.115168539,360.1412303,25.398,21,30,0.7,2.282947665,12,20220804134458_170.816001668572_3.39529473257064,20210515,Male,KO,-0.666642989,8,Zoom
8/4/2022,134458,6,Teal4,57,399,16-28.5kHz_60dB_300ms_12s_NG3,Discrimination,Normal,356,178,0,97,81,1,0.45505618,1.115168539,360.1412303,26.909,3,29,0.103448276,4.124476841,12,20220804134458_170.816001668572_3.39529473257064,20210515,Male,KO,-0.750016873,9,Zoom
8/4/2022,134458,6,Teal4,57,399,16-28.5kHz_60dB_300ms_12s_NG3,Discrimination,Normal,356,178,0,97,81,1,0.45505618,1.115168539,360.1412303,28.509,5,29,0.172413793,3.639155812,12,20220804134458_170.816001668572_3.39529473257064,20210515,Male,KO,-0.83334553,10,Zoom
8/4/2022,134458,6,Teal4,57,399,16-28.5kHz_60dB_300ms_12s_NG3,Discrimination,Normal,356,178,0,97,81,1,0.45505618,1.115168539,360.1412303,32,8,30,0.266666667,3.434477843,12,20220804134458_170.816001668572_3.39529473257064,20210515,Male,KO,-1,12,Zoom
8/5/2022,132301,6,Teal4,57,401,16-32kHz_60dB_300ms_12s_NG3,Discrimination,Normal,280,140,0,63,77,1,0.55,1.128571429,337.3653714,17.959,24,24,1,0.641116777,12,20220805132301_102.140996977687_2.86822713785034,20210515,Male,KO,-0.166635114,2,Broad
8/5/2022,132301,6,Teal4,57,401,16-32kHz_60dB_300ms_12s_NG3,Discrimination,Normal,280,140,0,63,77,1,0.55,1.128571429,337.3653714,20.159,17,23,0.739130435,2.102841628,12,20220805132301_102.140996977687_2.86822713785034,20210515,Male,KO,-0.33335217,4,Broad
8/5/2022,132301,6,Teal4,57,401,16-32kHz_60dB_300ms_12s_NG3,Discrimination,Normal,280,140,0,63,77,1,0.55,1.128571429,337.3653714,22.627,12,23,0.52173913,2.677950909,12,20220805132301_102.140996977687_2.86822713785034,20210515,Male,KO,-0.499973413,6,Broad
8/5/2022,132301,6,Teal4,57,401,16-32kHz_60dB_300ms_12s_NG3,Discrimination,Normal,280,140,0,63,77,1,0.55,1.128571429,337.3653714,25.398,15,23,0.652173913,2.344945811,12,20220805132301_102.140996977687_2.86822713785034,20210515,Male,KO,-0.666642989,8,Broad
8/5/2022,132301,6,Teal4,57,401,16-32kHz_60dB_300ms_12s_NG3,Discrimination,Normal,280,140,0,63,77,1,0.55,1.128571429,337.3653714,28.509,4,24,0.166666667,3.732423361,12,20220805132301_102.140996977687_2.86822713785034,20210515,Male,KO,-0.83334553,10,Broad
8/5/2022,132301,6,Teal4,57,401,16-32kHz_60dB_300ms_12s_NG3,Discrimination,Normal,280,140,0,63,77,1,0.55,1.128571429,337.3653714,32,5,23,0.217391304,3.387053412,12,20220805132301_102.140996977687_2.86822713785034,20210515,Male,KO,-1,12,Broad
8/10/2022,133503,6,Teal4,57,387,16-32kHz_60dB_300ms_12s_NG3,Discrimination,Normal,286,135,7,50,94,0.950704225,0.652777778,1.108391608,267.4348074,17.959,24,24,1,-0.436340196,12,20220810133503_97.5019957870245_2.07792621809111,20210515,Male,KO,-0.166635114,2,Broad
8/10/2022,133503,6,Teal4,57,387,16-32kHz_60dB_300ms_12s_NG3,Discrimination,Normal,286,135,7,50,94,0.950704225,0.652777778,1.108391608,267.4348074,20.159,14,24,0.583333333,1.443183251,12,20220810133503_97.5019957870245_2.07792621809111,20210515,Male,KO,-0.33335217,4,Broad
8/10/2022,133503,6,Teal4,57,387,16-32kHz_60dB_300ms_12s_NG3,Discrimination,Normal,286,135,7,50,94,0.950704225,0.652777778,1.108391608,267.4348074,22.627,17,24,0.708333333,1.111717525,12,20220810133503_97.5019957870245_2.07792621809111,20210515,Male,KO,-0.499973413,6,Broad
8/10/2022,133503,6,Teal4,57,387,16-32kHz_60dB_300ms_12s_NG3,Discrimination,Normal,286,135,7,50,94,0.950704225,0.652777778,1.108391608,267.4348074,25.398,14,24,0.583333333,1.336346959,12,20220810133503_97.5019957870245_2.07792621809111,20210515,Male,KO,-0.666642989,8,Broad
8/10/2022,133503,6,Teal4,57,387,16-32kHz_60dB_300ms_12s_NG3,Discrimination,Normal,286,135,7,50,94,0.950704225,0.652777778,1.108391608,267.4348074,28.509,11,24,0.458333333,1.652739116,12,20220810133503_97.5019957870245_2.07792621809111,20210515,Male,KO,-0.83334553,10,Broad
8/10/2022,133503,6,Teal4,57,387,16-32kHz_60dB_300ms_12s_NG3,Discrimination,Normal,286,135,7,50,94,0.950704225,0.652777778,1.108391608,267.4348074,32,14,24,0.583333333,1.443183251,12,20220810133503_97.5019957870245_2.07792621809111,20210515,Male,KO,-1,12,Broad
8/11/2022,134610,6,Teal4,57,386,16-28.5kHz_60dB_300ms_12s_NG3,Discrimination,Normal,336,168,0,66,102,1,0.607142857,1.181547619,313.7585595,22.627,23,28,0.821428571,1.88603165,12,20220811134610_67.9170023649931_3.0227968239123,20210515,Male,KO,-0.499973413,6,Zoom
8/11/2022,134610,6,Teal4,57,386,16-28.5kHz_60dB_300ms_12s_NG3,Discrimination,Normal,336,168,0,66,102,1,0.607142857,1.181547619,313.7585595,23.973,24,28,0.857142857,1.748952574,12,20220811134610_67.9170023649931_3.0227968239123,20210515,Male,KO,-0.583338555,7,Zoom
8/11/2022,134610,6,Teal4,57,386,16-28.5kHz_60dB_300ms_12s_NG3,Discrimination,Normal,336,168,0,66,102,1,0.607142857,1.181547619,313.7585595,25.398,20,28,0.714285714,2.226322948,12,20220811134610_67.9170023649931_3.0227968239123,20210515,Male,KO,-0.666642989,8,Zoom
8/11/2022,134610,6,Teal4,57,386,16-28.5kHz_60dB_300ms_12s_NG3,Discrimination,Normal,336,168,0,66,102,1,0.607142857,1.181547619,313.7585595,26.909,9,28,0.321428571,3.254635149,12,20220811134610_67.9170023649931_3.0227968239123,20210515,Male,KO,-0.750016873,9,Zoom
8/11/2022,134610,6,Teal4,57,386,16-28.5kHz_60dB_300ms_12s_NG3,Discrimination,Normal,336,168,0,66,102,1,0.607142857,1.181547619,313.7585595,28.509,6,28,0.214285714,3.594926447,12,20220811134610_67.9170023649931_3.0227968239123,20210515,Male,KO,-0.83334553,10,Zoom
8/11/2022,134610,6,Teal4,57,386,16-28.5kHz_60dB_300ms_12s_NG3,Discrimination,Normal,336,168,0,66,102,1,0.607142857,1.181547619,313.7585595,32,20,28,0.714285714,2.226322948,12,20220811134610_67.9170023649931_3.0227968239123,20210515,Male,KO,-1,12,Zoom
8/12/2022,132551,6,Teal4,57,394,16-32kHz_60dB_300ms_12s_NG3,Discrimination,Normal,264,132,0,38,94,1,0.712121212,1.136363636,354.7098864,17.959,22,22,1,0.657001221,12,20220812132551_43.0329993367195_2.92999367078072,20210515,Male,KO,-0.166635114,2,Broad
8/12/2022,132551,6,Teal4,57,394,16-32kHz_60dB_300ms_12s_NG3,Discrimination,Normal,264,132,0,38,94,1,0.712121212,1.136363636,354.7098864,20.159,18,22,0.818181818,1.831930299,12,20220812132551_43.0329993367195_2.92999367078072,20210515,Male,KO,-0.33335217,4,Broad
8/12/2022,132551,6,Teal4,57,394,16-32kHz_60dB_300ms_12s_NG3,Discrimination,Normal,264,132,0,38,94,1,0.712121212,1.136363636,354.7098864,22.627,18,22,0.818181818,1.831930299,12,20220812132551_43.0329993367195_2.92999367078072,20210515,Male,KO,-0.499973413,6,Broad
8/12/2022,132551,6,Teal4,57,394,16-32kHz_60dB_300ms_12s_NG3,Discrimination,Normal,264,132,0,38,94,1,0.712121212,1.136363636,354.7098864,25.398,18,22,0.818181818,1.831930299,12,20220812132551_43.0329993367195_2.92999367078072,20210515,Male,KO,-0.666642989,8,Broad
8/12/2022,132551,6,Teal4,57,394,16-32kHz_60dB_300ms_12s_NG3,Discrimination,Normal,264,132,0,38,94,1,0.712121212,1.136363636,354.7098864,28.509,4,22,0.181818182,3.482919281,12,20220812132551_43.0329993367195_2.92999367078072,20210515,Male,KO,-0.83334553,10,Broad
8/12/2022,132551,6,Teal4,57,394,16-32kHz_60dB_300ms_12s_NG3,Discrimination,Normal,264,132,0,38,94,1,0.712121212,1.136363636,354.7098864,32,14,22,0.636363636,2.368615435,12,20220812132551_43.0329993367195_2.92999367078072,20210515,Male,KO,-1,12,Broad
8/13/2022,132800,6,Teal4,57,387,16-28.5kHz_60dB_300ms_12s_NG3,Discrimination,Normal,287,143,0,59,85,1,0.590277778,1.12543554,313.5035105,22.627,21,24,0.875,1.630831984,12,20220813132800_83.6869932711124_3.03633460768372,20210515,Male,KO,-0.499973413,6,Zoom
8/13/2022,132800,6,Teal4,57,387,16-28.5kHz_60dB_300ms_12s_NG3,Discrimination,Normal,287,143,0,59,85,1,0.590277778,1.12543554,313.5035105,23.973,18,24,0.75,2.075009825,12,20220813132800_83.6869932711124_3.03633460768372,20210515,Male,KO,-0.583338555,7,Zoom
8/13/2022,132800,6,Teal4,57,387,16-28.5kHz_60dB_300ms_12s_NG3,Discrimination,Normal,287,143,0,59,85,1,0.590277778,1.12543554,313.5035105,25.398,18,24,0.75,2.075009825,12,20220813132800_83.6869932711124_3.03633460768372,20210515,Male,KO,-0.666642989,8,Zoom
8/13/2022,132800,6,Teal4,57,387,16-28.5kHz_60dB_300ms_12s_NG3,Discrimination,Normal,287,143,0,59,85,1,0.590277778,1.12543554,313.5035105,26.909,8,24,0.333333333,3.059399846,12,20220813132800_83.6869932711124_3.03633460768372,20210515,Male,KO,-0.750016873,9,Zoom
8/13/2022,132800,6,Teal4,57,387,16-28.5kHz_60dB_300ms_12s_NG3,Discrimination,Normal,287,143,0,59,85,1,0.590277778,1.12543554,313.5035105,28.509,7,24,0.291666667,3.295599046,12,20220813132800_83.6869932711124_3.03633460768372,20210515,Male,KO,-0.83334553,10,Zoom
8/13/2022,132800,6,Teal4,57,387,16-28.5kHz_60dB_300ms_12s_NG3,Discrimination,Normal,287,143,0,59,85,1,0.590277778,1.12543554,313.5035105,32,13,24,0.541666667,2.527993751,12,20220813132800_83.6869932711124_3.03633460768372,20210515,Male,KO,-1,12,Zoom
8/23/2022,140142,6,Teal4,57,388,16-32kHz_60dB_300ms_12s_NG3,Discrimination,Normal,248,123,1,43,81,0.991935484,0.653225806,1.137096774,358.5072295,17.959,21,21,1,0.257415873,12,20220823140142_109.384007379413_3.04511095609359,20210515,Male,KO,-0.166635114,2,Broad
8/23/2022,140142,6,Teal4,57,388,16-32kHz_60dB_300ms_12s_NG3,Discrimination,Normal,248,123,1,43,81,0.991935484,0.653225806,1.137096774,358.5072295,20.159,15,21,0.714285714,1.740967699,12,20220823140142_109.384007379413_3.04511095609359,20210515,Male,KO,-0.33335217,4,Broad
8/23/2022,140142,6,Teal4,57,388,16-32kHz_60dB_300ms_12s_NG3,Discrimination,Normal,248,123,1,43,81,0.991935484,0.653225806,1.137096774,358.5072295,22.627,12,21,0.571428571,2.118520156,12,20220823140142_109.384007379413_3.04511095609359,20210515,Male,KO,-0.499973413,6,Broad
8/23/2022,140142,6,Teal4,57,388,16-32kHz_60dB_300ms_12s_NG3,Discrimination,Normal,248,123,1,43,81,0.991935484,0.653225806,1.137096774,358.5072295,25.398,14,20,0.7,1.784406079,12,20220823140142_109.384007379413_3.04511095609359,20210515,Male,KO,-0.666642989,8,Broad
8/23/2022,140142,6,Teal4,57,388,16-32kHz_60dB_300ms_12s_NG3,Discrimination,Normal,248,123,1,43,81,0.991935484,0.653225806,1.137096774,358.5072295,28.509,7,20,0.35,2.691930459,12,20220823140142_109.384007379413_3.04511095609359,20210515,Male,KO,-0.83334553,10,Broad
8/23/2022,140142,6,Teal4,57,388,16-32kHz_60dB_300ms_12s_NG3,Discrimination,Normal,248,123,1,43,81,0.991935484,0.653225806,1.137096774,358.5072295,32,12,21,0.571428571,2.118520156,12,20220823140142_109.384007379413_3.04511095609359,20210515,Male,KO,-1,12,Broad
8/24/2022,140102,6,Teal4,57,388,16-28.5kHz_60dB_300ms_12s_NG3,Discrimination,Normal,246,123,0,57,66,1,0.536585366,1.134146341,322.5866748,22.627,13,20,0.65,2.313913784,12,20220824140102_117.187998443842_1.1304327113794,20210515,Male,KO,-0.499973413,6,Zoom
8/24/2022,140102,6,Teal4,57,388,16-28.5kHz_60dB_300ms_12s_NG3,Discrimination,Normal,246,123,0,57,66,1,0.536585366,1.134146341,322.5866748,23.973,16,21,0.761904762,1.995068987,12,20220824140102_117.187998443842_1.1304327113794,20210515,Male,KO,-0.583338555,7,Zoom
8/24/2022,140102,6,Teal4,57,388,16-28.5kHz_60dB_300ms_12s_NG3,Discrimination,Normal,246,123,0,57,66,1,0.536585366,1.134146341,322.5866748,25.398,14,20,0.7,2.178790958,12,20220824140102_117.187998443842_1.1304327113794,20210515,Male,KO,-0.666642989,8,Zoom
8/24/2022,140102,6,Teal4,57,388,16-28.5kHz_60dB_300ms_12s_NG3,Discrimination,Normal,246,123,0,57,66,1,0.536585366,1.134146341,322.5866748,26.909,9,21,0.428571429,2.873593542,12,20220824140102_117.187998443842_1.1304327113794,20210515,Male,KO,-0.750016873,9,Zoom
8/24/2022,140102,6,Teal4,57,388,16-28.5kHz_60dB_300ms_12s_NG3,Discrimination,Normal,246,123,0,57,66,1,0.536585366,1.134146341,322.5866748,28.509,5,21,0.238095238,3.270037309,12,20220824140102_117.187998443842_1.1304327113794,20210515,Male,KO,-0.83334553,10,Zoom
8/24/2022,140102,6,Teal4,57,388,16-28.5kHz_60dB_300ms_12s_NG3,Discrimination,Normal,246,123,0,57,66,1,0.536585366,1.134146341,322.5866748,32,9,20,0.45,2.821671574,12,20220824140102_117.187998443842_1.1304327113794,20210515,Male,KO,-1,12,Zoom
8/26/2022,132205,6,Teal4,57,390,16-32kHz_60dB_300ms_16s_NG3,Discrimination,Normal,222,111,0,33,78,1,0.702702703,1.157657658,313.8835315,17.959,19,19,1,0.657982679,12,20220826132205_84.68500636518_1.6747948765259,20210515,Male,KO,-0.166635114,2,Broad
8/26/2022,132205,6,Teal4,57,390,16-32kHz_60dB_300ms_16s_NG3,Discrimination,Normal,222,111,0,33,78,1,0.702702703,1.157657658,313.8835315,20.159,15,18,0.833333333,1.734280069,12,20220826132205_84.68500636518_1.6747948765259,20210515,Male,KO,-0.33335217,4,Broad
8/26/2022,132205,6,Teal4,57,390,16-32kHz_60dB_300ms_16s_NG3,Discrimination,Normal,222,111,0,33,78,1,0.702702703,1.157657658,313.8835315,22.627,14,18,0.777777778,1.921424439,12,20220826132205_84.68500636518_1.6747948765259,20210515,Male,KO,-0.499973413,6,Broad
8/26/2022,132205,6,Teal4,57,390,16-32kHz_60dB_300ms_16s_NG3,Discrimination,Normal,222,111,0,33,78,1,0.702702703,1.157657658,313.8835315,25.398,15,18,0.833333333,1.734280069,12,20220826132205_84.68500636518_1.6747948765259,20210515,Male,KO,-0.666642989,8,Broad
8/26/2022,132205,6,Teal4,57,390,16-32kHz_60dB_300ms_16s_NG3,Discrimination,Normal,222,111,0,33,78,1,0.702702703,1.157657658,313.8835315,28.509,7,19,0.368421053,3.002638441,12,20220826132205_84.68500636518_1.6747948765259,20210515,Male,KO,-0.83334553,10,Broad
8/26/2022,132205,6,Teal4,57,390,16-32kHz_60dB_300ms_16s_NG3,Discrimination,Normal,222,111,0,33,78,1,0.702702703,1.157657658,313.8835315,32,8,19,0.421052632,2.728227042,12,20220826132205_84.68500636518_1.6747948765259,20210515,Male,KO,-1,12,Broad
8/27/2022,134843,6,Teal4,57,390,16-28.5kHz_60dB_300ms_16s_NG3,Discrimination,Normal,262,132,0,78,52,1,0.4,1.167938931,362.8230303,22.627,13,21,0.619047619,2.416384396,12,20220827134843_156.691002845764_1.92950605301881,20210515,Male,KO,-0.499973413,6,Zoom
8/27/2022,134843,6,Teal4,57,390,16-28.5kHz_60dB_300ms_16s_NG3,Discrimination,Normal,262,132,0,78,52,1,0.4,1.167938931,362.8230303,23.973,13,22,0.590909091,2.4856777,12,20220827134843_156.691002845764_1.92950605301881,20210515,Male,KO,-0.583338555,7,Zoom
8/27/2022,134843,6,Teal4,57,390,16-28.5kHz_60dB_300ms_16s_NG3,Discrimination,Normal,262,132,0,78,52,1,0.4,1.167938931,362.8230303,25.398,14,22,0.636363636,2.368615435,12,20220827134843_156.691002845764_1.92950605301881,20210515,Male,KO,-0.666642989,8,Zoom
8/27/2022,134843,6,Teal4,57,390,16-28.5kHz_60dB_300ms_16s_NG3,Discrimination,Normal,262,132,0,78,52,1,0.4,1.167938931,362.8230303,26.909,4,21,0.19047619,3.449063398,12,20220827134843_156.691002845764_1.92950605301881,20210515,Male,KO,-0.750016873,9,Zoom
8/27/2022,134843,6,Teal4,57,390,16-28.5kHz_60dB_300ms_16s_NG3,Discrimination,Normal,262,132,0,78,52,1,0.4,1.167938931,362.8230303,28.509,4,22,0.181818182,3.655625962,12,20220827134843_156.691002845764_1.92950605301881,20210515,Male,KO,-0.83334553,10,Zoom
8/27/2022,134843,6,Teal4,57,390,16-28.5kHz_60dB_300ms_16s_NG3,Discrimination,Normal,262,132,0,78,52,1,0.4,1.167938931,362.8230303,32,4,22,0.181818182,3.482919281,12,20220827134843_156.691002845764_1.92950605301881,20210515,Male,KO,-1,12,Zoom
8/30/2022,141755,6,Teal4,57,396,16-28.5kHz_60dB_300ms_16s_NG3,Discrimination,Normal,212,106,0,30,76,1,0.716981132,1.268867925,347.858066,22.627,15,18,0.833333333,1.717634015,12,20220830141755_269.423996284604_1.10641279098454,20210515,Male,KO,-0.499973413,6,Zoom
8/30/2022,141755,6,Teal4,57,396,16-28.5kHz_60dB_300ms_16s_NG3,Discrimination,Normal,212,106,0,30,76,1,0.716981132,1.268867925,347.858066,23.973,18,18,1,0.66476231,12,20220830141755_269.423996284604_1.10641279098454,20210515,Male,KO,-0.583338555,7,Zoom
8/30/2022,141755,6,Teal4,57,396,16-28.5kHz_60dB_300ms_16s_NG3,Discrimination,Normal,212,106,0,30,76,1,0.716981132,1.268867925,347.858066,25.398,16,17,0.941176471,1.227565896,12,20220830141755_269.423996284604_1.10641279098454,20210515,Male,KO,-0.666642989,8,Zoom
8/30/2022,141755,6,Teal4,57,396,16-28.5kHz_60dB_300ms_16s_NG3,Discrimination,Normal,212,106,0,30,76,1,0.716981132,1.268867925,347.858066,26.909,8,17,0.470588235,2.579268135,12,20220830141755_269.423996284604_1.10641279098454,20210515,Male,KO,-0.750016873,9,Zoom
8/30/2022,141755,6,Teal4,57,396,16-28.5kHz_60dB_300ms_16s_NG3,Discrimination,Normal,212,106,0,30,76,1,0.716981132,1.268867925,347.858066,28.509,9,18,0.5,2.648953056,12,20220830141755_269.423996284604_1.10641279098454,20210515,Male,KO,-0.83334553,10,Zoom
8/30/2022,141755,6,Teal4,57,396,16-28.5kHz_60dB_300ms_16s_NG3,Discrimination,Normal,212,106,0,30,76,1,0.716981132,1.268867925,347.858066,32,10,18,0.555555556,2.509583215,12,20220830141755_269.423996284604_1.10641279098454,20210515,Male,KO,-1,12,Zoom
8/31/2022,132810,6,Teal4,57,392,16-28.5kHz_60dB_300ms_16s_NG3,Discrimination,Normal,243,122,0,51,70,1,0.578512397,1.349794239,350.3162951,22.627,17,21,0.80952381,1.838022252,12,20220831132810_198.129995539784_1.50149229576838,20210515,Male,KO,-0.499973413,6,Zoom
8/31/2022,132810,6,Teal4,57,392,16-28.5kHz_60dB_300ms_16s_NG3,Discrimination,Normal,243,122,0,51,70,1,0.578512397,1.349794239,350.3162951,23.973,16,20,0.8,1.874245833,12,20220831132810_198.129995539784_1.50149229576838,20210515,Male,KO,-0.583338555,7,Zoom
8/31/2022,132810,6,Teal4,57,392,16-28.5kHz_60dB_300ms_16s_NG3,Discrimination,Normal,243,122,0,51,70,1,0.578512397,1.349794239,350.3162951,25.398,14,20,0.7,2.175898669,12,20220831132810_198.129995539784_1.50149229576838,20210515,Male,KO,-0.666642989,8,Zoom
8/31/2022,132810,6,Teal4,57,392,16-28.5kHz_60dB_300ms_16s_NG3,Discrimination,Normal,243,122,0,51,70,1,0.578512397,1.349794239,350.3162951,26.909,10,20,0.5,2.566954082,12,20220831132810_198.129995539784_1.50149229576838,20210515,Male,KO,-0.750016873,9,Zoom
8/31/2022,132810,6,Teal4,57,392,16-28.5kHz_60dB_300ms_16s_NG3,Discrimination,Normal,243,122,0,51,70,1,0.578512397,1.349794239,350.3162951,28.509,6,20,0.3,3.227420985,12,20220831132810_198.129995539784_1.50149229576838,20210515,Male,KO,-0.83334553,10,Zoom
8/31/2022,132810,6,Teal4,57,392,16-28.5kHz_60dB_300ms_16s_NG3,Discrimination,Normal,243,122,0,51,70,1,0.578512397,1.349794239,350.3162951,32,7,20,0.35,2.948300223,12,20220831132810_198.129995539784_1.50149229576838,20210515,Male,KO,-1,12,Zoom
7/1/2022,125743,8,Teal6,58,430,8-11.3kHz_60dB_300ms_16s_NG3,Discrimination,Normal,8,5,0,0,3,1,1,2.875,133.77575,8.98,1,1,1,,12,20220701125743_105.747002363205_3.13270850195976,20210515,Male,KO,-0.166715445,2,Zoom
7/1/2022,125743,8,Teal6,58,430,8-11.3kHz_60dB_300ms_16s_NG3,Discrimination,Normal,8,5,0,0,3,1,1,2.875,133.77575,10.679,1,1,1,,12,20220701125743_105.747002363205_3.13270850195976,20210515,Male,KO,-0.416704652,5,Zoom
7/1/2022,125743,8,Teal6,58,430,8-11.3kHz_60dB_300ms_16s_NG3,Discrimination,Normal,8,5,0,0,3,1,1,2.875,133.77575,11.314,1,1,1,,12,20220701125743_105.747002363205_3.13270850195976,20210515,Male,KO,-0.500037171,6,Zoom
7/1/2022,141556,8,Teal6,58,430,8-11.3kHz_60dB_300ms_16s_NG3,Discrimination,Normal,171,85,0,32,54,1,0.627906977,1.152046784,165.189,8.98,15,15,1,0.663790839,12,20220701141556_122.449999675155_3.92484236378225,20210515,Male,KO,-0.166715445,2,Zoom
7/1/2022,141556,8,Teal6,58,430,8-11.3kHz_60dB_300ms_16s_NG3,Discrimination,Normal,171,85,0,32,54,1,0.627906977,1.152046784,165.189,9.514,9,14,0.642857143,2.033997723,12,20220701141556_122.449999675155_3.92484236378225,20210515,Male,KO,-0.250052025,3,Zoom
7/1/2022,141556,8,Teal6,58,430,8-11.3kHz_60dB_300ms_16s_NG3,Discrimination,Normal,171,85,0,32,54,1,0.627906977,1.152046784,165.189,10.079,7,14,0.5,2.587347825,12,20220701141556_122.449999675155_3.92484236378225,20210515,Male,KO,-0.333280602,4,Zoom
7/1/2022,141556,8,Teal6,58,430,8-11.3kHz_60dB_300ms_16s_NG3,Discrimination,Normal,171,85,0,32,54,1,0.627906977,1.152046784,165.189,10.679,10,14,0.714285714,2.033997723,12,20220701141556_122.449999675155_3.92484236378225,20210515,Male,KO,-0.416704652,5,Zoom
7/1/2022,141556,8,Teal6,58,430,8-11.3kHz_60dB_300ms_16s_NG3,Discrimination,Normal,171,85,0,32,54,1,0.627906977,1.152046784,165.189,11.314,6,15,0.4,2.665599479,12,20220701141556_122.449999675155_3.92484236378225,20210515,Male,KO,-0.500037171,6,Zoom
7/1/2022,141556,8,Teal6,58,430,8-11.3kHz_60dB_300ms_16s_NG3,Discrimination,Normal,171,85,0,32,54,1,0.627906977,1.152046784,165.189,16,7,14,0.5,2.408063123,12,20220701141556_122.449999675155_3.92484236378225,20210515,Male,KO,-1,12,Zoom
7/2/2022,131619,8,Teal6,58,433,8-11.3kHz_60dB_300ms_16s_NG3,Discrimination,Normal,291,146,0,76,69,1,0.475862069,1.154639175,167.760274,8.98,25,25,1,0.638734867,12,20220702131619_8.91399309039116_3.65231459289194,20210515,Male,KO,-0.166715445,2,Zoom
7/2/2022,131619,8,Teal6,58,433,8-11.3kHz_60dB_300ms_16s_NG3,Discrimination,Normal,291,146,0,76,69,1,0.475862069,1.154639175,167.760274,9.514,10,24,0.416666667,2.956630754,12,20220702131619_8.91399309039116_3.65231459289194,20210515,Male,KO,-0.250052025,3,Zoom
7/2/2022,131619,8,Teal6,58,433,8-11.3kHz_60dB_300ms_16s_NG3,Discrimination,Normal,291,146,0,76,69,1,0.475862069,1.154639175,167.760274,10.079,10,24,0.416666667,2.956630754,12,20220702131619_8.91399309039116_3.65231459289194,20210515,Male,KO,-0.333280602,4,Zoom
7/2/2022,131619,8,Teal6,58,433,8-11.3kHz_60dB_300ms_16s_NG3,Discrimination,Normal,291,146,0,76,69,1,0.475862069,1.154639175,167.760274,10.679,11,24,0.458333333,2.849794462,12,20220702131619_8.91399309039116_3.65231459289194,20210515,Male,KO,-0.416704652,5,Zoom
7/2/2022,131619,8,Teal6,58,433,8-11.3kHz_60dB_300ms_16s_NG3,Discrimination,Normal,291,146,0,76,69,1,0.475862069,1.154639175,167.760274,11.314,8,24,0.333333333,3.181260188,12,20220702131619_8.91399309039116_3.65231459289194,20210515,Male,KO,-0.500037171,6,Zoom
7/2/2022,131619,8,Teal6,58,433,8-11.3kHz_60dB_300ms_16s_NG3,Discrimination,Normal,291,146,0,76,69,1,0.475862069,1.154639175,167.760274,16,5,24,0.208333333,3.579630336,12,20220702131619_8.91399309039116_3.65231459289194,20210515,Male,KO,-1,12,Zoom
